{
  "1e-4": {
    "mean": 0.8,
    "std": 0.008104673039943559,
    "values": [
      0.7942238267148014,
      0.8086642599277978,
      0.8050541516245487,
      0.7870036101083032,
      0.8050541516245487
    ]
  },
  "2e-4": {
    "mean": 0.8093862815884476,
    "std": 0.005776173285198549,
    "values": [
      0.8050541516245487,
      0.8122743682310469,
      0.8050541516245487,
      0.8194945848375451,
      0.8050541516245487
    ]
  },
  "5e-4": {
    "mean": 0.8144404332129964,
    "std": 0.007074338607316032,
    "values": [
      0.8122743682310469,
      0.8158844765342961,
      0.8122743682310469,
      0.8050541516245487,
      0.8267148014440433
    ]
  },
  "1e-3": {
    "mean": 0.8173285198555957,
    "std": 0.004896989157491153,
    "values": [
      0.8158844765342961,
      0.8158844765342961,
      0.8158844765342961,
      0.8122743682310469,
      0.8267148014440433
    ]
  },
  "2e-3": {
    "mean": 0.8101083032490974,
    "std": 0.010854365616153735,
    "values": [
      0.8267148014440433,
      0.8158844765342961,
      0.8086642599277978,
      0.7942238267148014,
      0.8050541516245487
    ]
  },
  "5e-3": {
    "mean": 0.8173285198555957,
    "std": 0.012210494242085038,
    "values": [
      0.8267148014440433,
      0.8086642599277978,
      0.7978339350180506,
      0.8231046931407943,
      0.8303249097472925
    ]
  },
  "1e-2": {
    "mean": 0.8209386281588447,
    "std": 0.013430379233024026,
    "values": [
      0.8194945848375451,
      0.8411552346570397,
      0.8050541516245487,
      0.8086642599277978,
      0.8303249097472925
    ]
  },
  "2e-2": {
    "mean": 0.8173285198555957,
    "std": 0.012210494242085054,
    "values": [
      0.8086642599277978,
      0.8194945848375451,
      0.8194945848375451,
      0.8014440433212996,
      0.8375451263537906
    ]
  }
}