{
  "roberta-base": {
    "mrpc": {
      "all_lrs": {
        "1e-4": {
          "mean": 0.8980392156862745,
          "std": 0.005502437333491114,
          "values": [
            0.8872549019607843,
            0.8995098039215687,
            0.9019607843137255,
            0.9019607843137255,
            0.8995098039215687
          ]
        },
        "2e-4": {
          "mean": 0.8975490196078431,
          "std": 0.006277572781796916,
          "values": [
            0.9019607843137255,
            0.8897058823529411,
            0.8921568627450981,
            0.9068627450980392,
            0.8970588235294118
          ]
        },
        "5e-4": {
          "mean": 0.8970588235294118,
          "std": 0.007750680539628388,
          "values": [
            0.9019607843137255,
            0.8848039215686274,
            0.9068627450980392,
            0.8921568627450981,
            0.8995098039215687
          ]
        },
        "1e-3": {
          "mean": 0.8965686274509805,
          "std": 0.0068276413123451625,
          "values": [
            0.9044117647058824,
            0.9044117647058824,
            0.8872549019607843,
            0.8946078431372549,
            0.8921568627450981
          ]
        },
        "2e-3": {
          "mean": 0.8936274509803921,
          "std": 0.007994856093284368,
          "values": [
            0.8970588235294118,
            0.8799019607843137,
            0.8946078431372549,
            0.8921568627450981,
            0.9044117647058824
          ]
        },
        "5e-3": {
          "mean": 0.8926470588235293,
          "std": 0.004492721269564587,
          "values": [
            0.8946078431372549,
            0.8872549019607843,
            0.8970588235294118,
            0.8970588235294118,
            0.8872549019607843
          ]
        },
        "1e-2": {
          "mean": 0.8950980392156863,
          "std": 0.005233861888250647,
          "values": [
            0.9044117647058824,
            0.8897058823529411,
            0.8970588235294118,
            0.8921568627450981,
            0.8921568627450981
          ]
        },
        "2e-2": {
          "mean": 0.8950980392156863,
          "std": 0.008405111862491314,
          "values": [
            0.8897058823529411,
            0.8995098039215687,
            0.8970588235294118,
            0.8823529411764706,
            0.9068627450980392
          ]
        }
      },
      "best_lr": {
        "lr": "1e-4",
        "mean": 0.8980392156862745,
        "std": 0.005502437333491114,
        "values": [
          0.8872549019607843,
          0.8995098039215687,
          0.9019607843137255,
          0.9019607843137255,
          0.8995098039215687
        ]
      }
    },
    "qnli": {
      "all_lrs": {
        "1e-4": {
          "mean": 0.9233754347428154,
          "std": 0.001788273804403391,
          "values": [
            0.9218378180486912,
            0.9225700164744646,
            0.9234852645066813,
            0.9267801574226615,
            0.9222039172615779
          ]
        },
        "2e-4": {
          "mean": 0.9243639026176094,
          "std": 0.0014291943105211743,
          "values": [
            0.9262310086033315,
            0.9218378180486912,
            0.924400512538898,
            0.9249496613582281,
            0.924400512538898
          ]
        },
        "5e-4": {
          "mean": 0.9243272926963207,
          "std": 0.0014807796753546927,
          "values": [
            0.9267801574226615,
            0.9225700164744646,
            0.9249496613582281,
            0.9242174629324547,
            0.9231191652937946
          ]
        },
        "1e-3": {
          "mean": 0.9244371224601867,
          "std": 0.0014753389478023037,
          "values": [
            0.9236683141131247,
            0.9273293062419916,
            0.923302214900238,
            0.9242174629324547,
            0.9236683141131247
          ]
        },
        "2e-3": {
          "mean": 0.9242906827750321,
          "std": 0.0006507921960326121,
          "values": [
            0.923851363719568,
            0.9236683141131247,
            0.9240344133260113,
            0.9254988101775581,
            0.924400512538898
          ]
        },
        "5e-3": {
          "mean": 0.9233754347428154,
          "std": 0.0016880310281381498,
          "values": [
            0.924400512538898,
            0.9220208676551346,
            0.9247666117517848,
            0.9249496613582281,
            0.9207395204100312
          ]
        },
        "1e-2": {
          "mean": 0.9223869668680212,
          "std": 0.001427317495121218,
          "values": [
            0.9198242723778144,
            0.923302214900238,
            0.9218378180486912,
            0.923302214900238,
            0.9236683141131247
          ]
        },
        "2e-2": {
          "mean": 0.9226432363170419,
          "std": 0.001893833740637388,
          "values": [
            0.9205564708035878,
            0.9212886692293611,
            0.9229361156873512,
            0.9260479589968882,
            0.9223869668680212
          ]
        }
      },
      "best_lr": {
        "lr": "1e-3",
        "mean": 0.9244371224601867,
        "std": 0.0014753389478023037,
        "values": [
          0.9236683141131247,
          0.9273293062419916,
          0.923302214900238,
          0.9242174629324547,
          0.9236683141131247
        ]
      }
    },
    "rte": {
      "all_lrs": {
        "1e-4": {
          "mean": 0.8,
          "std": 0.008104673039943559,
          "values": [
            0.7942238267148014,
            0.8086642599277978,
            0.8050541516245487,
            0.7870036101083032,
            0.8050541516245487
          ]
        },
        "2e-4": {
          "mean": 0.8093862815884476,
          "std": 0.005776173285198549,
          "values": [
            0.8050541516245487,
            0.8122743682310469,
            0.8050541516245487,
            0.8194945848375451,
            0.8050541516245487
          ]
        },
        "5e-4": {
          "mean": 0.8144404332129964,
          "std": 0.007074338607316032,
          "values": [
            0.8122743682310469,
            0.8158844765342961,
            0.8122743682310469,
            0.8050541516245487,
            0.8267148014440433
          ]
        },
        "1e-3": {
          "mean": 0.8173285198555957,
          "std": 0.004896989157491153,
          "values": [
            0.8158844765342961,
            0.8158844765342961,
            0.8158844765342961,
            0.8122743682310469,
            0.8267148014440433
          ]
        },
        "2e-3": {
          "mean": 0.8101083032490974,
          "std": 0.010854365616153735,
          "values": [
            0.8267148014440433,
            0.8158844765342961,
            0.8086642599277978,
            0.7942238267148014,
            0.8050541516245487
          ]
        },
        "5e-3": {
          "mean": 0.8173285198555957,
          "std": 0.012210494242085038,
          "values": [
            0.8267148014440433,
            0.8086642599277978,
            0.7978339350180506,
            0.8231046931407943,
            0.8303249097472925
          ]
        },
        "1e-2": {
          "mean": 0.8209386281588447,
          "std": 0.013430379233024026,
          "values": [
            0.8194945848375451,
            0.8411552346570397,
            0.8050541516245487,
            0.8086642599277978,
            0.8303249097472925
          ]
        },
        "2e-2": {
          "mean": 0.8173285198555957,
          "std": 0.012210494242085054,
          "values": [
            0.8086642599277978,
            0.8194945848375451,
            0.8194945848375451,
            0.8014440433212996,
            0.8375451263537906
          ]
        }
      },
      "best_lr": {
        "lr": "1e-2",
        "mean": 0.8209386281588447,