{
  "1e-4": {
    "mean": 0.945183486238532,
    "std": 0.000858178299718768,
    "values": [
      0.9438073394495413,
      0.944954128440367,
      0.9461009174311926,
      0.944954128440367,
      0.9461009174311926
    ]
  },
  "2e-4": {
    "mean": 0.9472477064220183,
    "std": 0.0021758791239690494,
    "values": [
      0.9495412844036697,
      0.9472477064220184,
      0.9495412844036697,
      0.9438073394495413,
      0.9461009174311926
    ]
  },
  "5e-4": {
    "mean": 0.9502293577981652,
    "std": 0.002361383059859414,
    "values": [
      0.948394495412844,
      0.9541284403669725,
      0.9506880733944955,
      0.9472477064220184,
      0.9506880733944955
    ]
  },
  "1e-3": {
    "mean": 0.945183486238532,
    "std": 0.002554020349922021,
    "values": [
      0.944954128440367,
      0.9495412844036697,
      0.944954128440367,
      0.9415137614678899,
      0.944954128440367
    ]
  },
  "2e-3": {
    "mean": 0.9467889908256881,
    "std": 0.002361383059859417,
    "values": [
      0.9472477064220184,
      0.9495412844036697,
      0.9426605504587156,
      0.9461009174311926,
      0.948394495412844
    ]
  },
  "5e-3": {
    "mean": 0.9444954128440367,
    "std": 0.0021269767191504055,
    "values": [
      0.9426605504587156,
      0.944954128440367,
      0.948394495412844,
      0.9426605504587156,
      0.9438073394495413
    ]
  },
  "1e-2": {
    "mean": 0.9463302752293578,
    "std": 0.003655361800575509,
    "values": [
      0.9403669724770642,
      0.9472477064220184,
      0.9518348623853211,
      0.9461009174311926,
      0.9461009174311926
    ]
  },
  "2e-2": {
    "mean": 0.9449541284403669,
    "std": 0.004229148833620619,
    "values": [
      0.9415137614678899,
      0.9506880733944955,
      0.9392201834862385,
      0.944954128440367,
      0.948394495412844
    ]
  }
}