profile,n,noise_std,seed,target_id,method,mse,residual_capture,params,selection_examples,fitting_examples,total_unique_examples,available_examples,charged_gradient_steps,charged_seconds
concentrated,64,0.25,0,f343dc8618448c0c9d0e37927b8e6f50dc169343e536bdaae4bfce436cb39630,lora,0.08839195914800559,,1024,0,64,64,64,1000,1.4945491020334885
concentrated,64,0.25,0,f343dc8618448c0c9d0e37927b8e6f50dc169343e536bdaae4bfce436cb39630,compressed,0.009886392086772732,,128,0,64,64,64,1000,1.5559835119638592
concentrated,64,0.25,0,f343dc8618448c0c9d0e37927b8e6f50dc169343e536bdaae4bfce436cb39630,random,0.008421289661169572,6.86513667460531e-05,128,64,64,64,64,1000,3.171059547981713
concentrated,64,0.25,0,f343dc8618448c0c9d0e37927b8e6f50dc169343e536bdaae4bfce436cb39630,gradient,0.014594376455875298,0.4863080382347107,128,64,64,64,64,1000,3.167095499986317
concentrated,64,0.25,0,f343dc8618448c0c9d0e37927b8e6f50dc169343e536bdaae4bfce436cb39630,snip,0.013805875143409974,0.060930054634809494,128,64,64,64,64,1000,3.168372749001719
concentrated,64,0.25,0,f343dc8618448c0c9d0e37927b8e6f50dc169343e536bdaae4bfce436cb39630,energy,0.006863660390641995,0.9920641779899597,128,64,64,64,64,1000,3.1674726199707948
concentrated,64,0.25,0,f343dc8618448c0c9d0e37927b8e6f50dc169343e536bdaae4bfce436cb39630,snip_independent,0.01376852863558824,0.06088023632764816,128,32,32,64,64,1000,1.582749584049452
concentrated,64,0.25,0,f343dc8618448c0c9d0e37927b8e6f50dc169343e536bdaae4bfce436cb39630,snip_same_half,0.01972073079261792,0.42841196060180664,128,32,32,32,64,1000,1.5782393399858847
concentrated,64,0.25,1,f343dc8618448c0c9d0e37927b8e6f50dc169343e536bdaae4bfce436cb39630,lora,0.08024076480370895,,1024,0,64,64,64,1000,1.4970867320080288
concentrated,64,0.25,1,f343dc8618448c0c9d0e37927b8e6f50dc169343e536bdaae4bfce436cb39630,compressed,0.011570162753820232,,128,0,64,64,64,1000,1.556141828012187
concentrated,64,0.25,1,f343dc8618448c0c9d0e37927b8e6f50dc169343e536bdaae4bfce436cb39630,random,0.009424724845036998,5.459404565044679e-05,128,64,64,64,64,1000,3.0236161600332707
concentrated,64,0.25,1,f343dc8618448c0c9d0e37927b8e6f50dc169343e536bdaae4bfce436cb39630,gradient,0.017171270615703112,0.4283466637134552,128,64,64,64,64,1000,3.0195531820645556
concentrated,64,0.25,1,f343dc8618448c0c9d0e37927b8e6f50dc169343e536bdaae4bfce436cb39630,snip,0.016258436578526547,0.5051714777946472,128,64,64,64,64,1000,3.021876390033867
concentrated,64,0.25,1,f343dc8618448c0c9d0e37927b8e6f50dc169343e536bdaae4bfce436cb39630,energy,0.007062824188378189,0.9920641779899597,128,64,64,64,64,1000,3.019827343057841
concentrated,64,0.25,1,f343dc8618448c0c9d0e37927b8e6f50dc169343e536bdaae4bfce436cb39630,snip_independent,0.01753193839069128,0.4474540054798126,128,32,32,64,64,1000,1.5818632940063253
concentrated,64,0.25,1,f343dc8618448c0c9d0e37927b8e6f50dc169343e536bdaae4bfce436cb39630,snip_same_half,0.02262409330186199,0.42843255400657654,128,32,32,32,64,1000,1.5803476880537346
concentrated,64,0.25,2,f343dc8618448c0c9d0e37927b8e6f50dc169343e536bdaae4bfce436cb39630,lora,0.08540839992488397,,1024,0,64,64,64,1000,1.5054763670195825
concentrated,64,0.25,2,f343dc8618448c0c9d0e37927b8e6f50dc169343e536bdaae4bfce436cb39630,compressed,0.010208518360941596,,128,0,64,64,64,1000,1.5629034480080009
concentrated,64,0.25,2,f343dc8618448c0c9d0e37927b8e6f50dc169343e536bdaae4bfce436cb39630,random,0.009719285093338331,0.0005540299462154508,128,64,64,64,64,1000,1.578792676969897
concentrated,64,0.25,2,f343dc8618448c0c9d0e37927b8e6f50dc169343e536bdaae4bfce436cb39630,gradient,0.014530034671658644,0.5050257444381714,128,64,64,64,64,1000,1.5783850169973448
concentrated,64,0.25,2,f343dc8618448c0c9d0e37927b8e6f50dc169343e536bdaae4bfce436cb39630,snip,0.015525301157661674,0.0767388790845871,128,64,64,64,64,1000,1.5761589529574849
concentrated,64,0.25,2,f343dc8618448c0c9d0e37927b8e6f50dc169343e536bdaae4bfce436cb39630,energy,0.005852335169670889,0.9920641779899597,128,64,64,64,64,1000,1.5759257999598049
concentrated,64,0.25,2,f343dc8618448c0c9d0e37927b8e6f50dc169343e536bdaae4bfce436cb39630,snip_independent,0.016526512432237718,0.00157957396004349,128,32,32,64,64,1000,1.578501084994059
concentrated,64,0.25,2,f343dc8618448c0c9d0e37927b8e6f50dc169343e536bdaae4bfce436cb39630,snip_same_half,0.02165977681020153,0.07680103927850723,128,32,32,32,64,1000,1.5784163659554906
concentrated,64,0.25,3,f343dc8618448c0c9d0e37927b8e6f50dc169343e536bdaae4bfce436cb39630,lora,0.0847341500112966,,1024,0,64,64,64,1000,1.507679229020141
concentrated,64,0.25,3,f343dc8618448c0c9d0e37927b8e6f50dc169343e536bdaae4bfce436cb39630,compressed,0.010849482583644434,,128,0,64,64,64,1000,1.5604966699611396
concentrated,64,0.25,3,f343dc8618448c0c9d0e37927b8e6f50dc169343e536bdaae4bfce436cb39630,random,0.00988438025006239,6.188895349623635e-05,128,64,64,64,64,1000,1.5772306270082481
concentrated,64,0.25,3,f343dc8618448c0c9d0e37927b8e6f50dc169343e536bdaae4bfce436cb39630,gradient,0.015245480930845316,0.5050222873687744,128,64,64,64,64,1000,1.577870927983895
concentrated,64,0.25,3,f343dc8618448c0c9d0e37927b8e6f50dc169343e536bdaae4bfce436cb39630,snip,0.014211948050134615,0.5050449967384338,128,64,64,64,64,1000,1.5754018450388685
concentrated,64,0.25,3,f343dc8618448c0c9d0e37927b8e6f50dc169343e536bdaae4bfce436cb39630,energy,0.0081995793720231,0.9920641779899597,128,64,64,64,64,1000,1.574927508016117
concentrated,64,0.25,3,f343dc8618448c0c9d0e37927b8e6f50dc169343e536bdaae4bfce436cb39630,snip_independent,0.015557380465353573,0.5050341486930847,128,32,32,64,64,1000,1.5759949130006135
concentrated,64,0.25,3,f343dc8618448c0c9d0e37927b8e6f50dc169343e536bdaae4bfce436cb39630,snip_same_half,0.025752444160243134,1.6988306015264243e-05,128,32,32,32,64,1000,1.5771939239930362
concentrated,64,0.25,4,f343dc8618448c0c9d0e37927b8e6f50dc169343e536bdaae4bfce436cb39630,lora,0.09105016817674316,,1024,0,64,64,64,1000,1.50914013403235
concentrated,64,0.25,4,f343dc8618448c0c9d0e37927b8e6f50dc169343e536bdaae4bfce436cb39630,compressed,0.01174591102389956,,128,0,64,64,64,1000,1.5602459179935977
concentrated,64,0.25,4,f343dc8618448c0c9d0e37927b8e6f50dc169343e536bdaae4bfce436cb39630,random,0.010023318254613995,5.043023338657804e-05,128,64,64,64,64,1000,1.5809617649647407
concentrated,64,0.25,4,f343dc8618448c0c9d0e37927b8e6f50dc169343e536bdaae4bfce436cb39630,gradient,0.015263052052908704,0.4559975266456604,128,64,64,64,64,1000,1.5821140870102681
concentrated,64,0.25,4,f343dc8618448c0c9d0e37927b8e6f50dc169343e536bdaae4bfce436cb39630,snip,0.017304007405104738,0.00971889402717352,128,64,64,64,64,1000,1.5795394469751045
concentrated,64,0.25,4,f343dc8618448c0c9d0e37927b8e6f50dc169343e536bdaae4bfce436cb39630,energy,0.007360763212864047,0.9920641779899597,128,64,64,64,64,1000,1.577774993958883
concentrated,64,0.25,4,f343dc8618448c0c9d0e37927b8e6f50dc169343e536bdaae4bfce436cb39630,snip_independent,0.01682449579067712,7.123707473510876e-05,128,32,32,64,64,1000,1.5813261510338634
concentrated,64,0.25,4,f343dc8618448c0c9d0e37927b8e6f50dc169343e536bdaae4bfce436cb39630,snip_same_half,0.02263705703981008,0.006498612463474274,128,32,32,32,64,1000,1.5783960270346142
concentrated,64,0.25,5,f343dc8618448c0c9d0e37927b8e6f50dc169343e536bdaae4bfce436cb39630,lora,0.08372041759608827,,1024,0,64,64,64,1000,1.5060504309949465
concentrated,64,0.25,5,f343dc8618448c0c9d0e37927b8e6f50dc169343e536bdaae4bfce436cb39630,compressed,0.00878537134712809,,128,0,64,64,64,1000,1.5593069860478863
concentrated,64,0.25,5,f343dc8618448c0c9d0e37927b8e6f50dc169343e536bdaae4bfce436cb39630,random,0.00906829296274312,7.635838119313121e-05,128,64,64,64,64,1000,1.575962113973219
concentrated,64,0.25,5,f343dc8618448c0c9d0e37927b8e6f50dc169343e536bdaae4bfce436cb39630,gradient,0.017275434139586113,0.0767655223608017,128,64,64,64,64,1000,1.5707172859692946
concentrated,64,0.25,5,f343dc8618448c0c9d0e37927b8e6f50dc169343e536bdaae4bfce436cb39630,snip,0.014686078426151853,0.07676814496517181,128,64,64,64,64,1000,1.5698092639213428
concentrated,64,0.25,5,f343dc8618448c0c9d0e37927b8e6f50dc169343e536bdaae4bfce436cb39630,energy,0.00569887053339896,0.9920641779899597,128,64,64,64,64,1000,1.5688390389550477
concentrated,64,0.25,5,f343dc8618448c0c9d0e37927b8e6f50dc169343e536bdaae4bfce436cb39630,snip_independent,0.017664964328359706,0.057642947882413864,128,32,32,64,64,1000,1.5720864069880918
concentrated,64,0.25,5,f343dc8618448c0c9d0e37927b8e6f50dc169343e536bdaae4bfce436cb39630,snip_same_half,0.019271724118084088,0.019188622012734413,128,32,32,32,64,1000,1.5715225840103813
concentrated,64,0.25,6,f343dc8618448c0c9d0e37927b8e6f50dc169343e536bdaae4bfce436cb39630,lora,0.07990771502952321,,1024,0,64,64,64,1000,1.5061003390001133
concentrated,64,0.25,6,f343dc8618448c0c9d0e37927b8e6f50dc169343e536bdaae4bfce436cb39630,compressed,0.010119279355604163,,128,0,64,64,64,1000,1.5651650549843907
concentrated,64,0.25,6,f343dc8618448c0c9d0e37927b8e6f50dc169343e536bdaae4bfce436cb39630,random,0.008269395360193919,3.308058876427822e-05,128,64,64,64,64,1000,1.5809385679312982
concentrated,64,0.25,6,f343dc8618448c0c9d0e37927b8e6f50dc169343e536bdaae4bfce436cb39630,gradient,0.014973299592889051,0.5262566804885864,128,64,64,64,64,1000,1.581301887985319
concentrated,64,0.25,6,f343dc8618448c0c9d0e37927b8e6f50dc169343e536bdaae4bfce436cb39630,snip,0.014474912080030754,0.05918559059500694,128,64,64,64,64,1000,1.5808608149527572
concentrated,64,0.25,6,f343dc8618448c0c9d0e37927b8e6f50dc169343e536bdaae4bfce436cb39630,energy,0.007504217414619374,0.9920641779899597,128,64,64,64,64,1000,1.579274286981672
concentrated,64,0.25,6,f343dc8618448c0c9d0e37927b8e6f50dc169343e536bdaae4bfce436cb39630,snip_independent,0.014548881594803277,0.00013903739454690367,128,32,32,64,64,1000,1.5816232769866474
concentrated,64,0.25,6,f343dc8618448c0c9d0e37927b8e6f50dc169343e536bdaae4bfce436cb39630,snip_same_half,0.021699616175447863,0.01996453106403351,128,32,32,32,64,1000,1.5805400729877874
concentrated,64,0.25,7,f343dc8618448c0c9d0e37927b8e6f50dc169343e536bdaae4bfce436cb39630,lora,0.09358140075677107,,1024,0,64,64,64,1000,1.4987181440228596
concentrated,64,0.25,7,f343dc8618448c0c9d0e37927b8e6f50dc169343e536bdaae4bfce436cb39630,compressed,0.01071861063588506,,128,0,64,64,64,1000,1.5506422899779864
concentrated,64,0.25,7,f343dc8618448c0c9d0e37927b8e6f50dc169343e536bdaae4bfce436cb39630,random,0.009766440266833248,5.749698539148085e-05,128,64,64,64,64,1000,1.5697177419788204
concentrated,64,0.25,7,f343dc8618448c0c9d0e37927b8e6f50dc169343e536bdaae4bfce436cb39630,gradient,0.014468403899724978,0.05954708531498909,128,64,64,64,64,1000,1.570060439989902
concentrated,64,0.25,7,f343dc8618448c0c9d0e37927b8e6f50dc169343e536bdaae4bfce436cb39630,snip,0.015265406922867392,0.06356192380189896,128,64,64,64,64,1000,1.5681478430051357
concentrated,64,0.25,7,f343dc8618448c0c9d0e37927b8e6f50dc169343e536bdaae4bfce436cb39630,energy,0.006593989853411938,0.9920641779899597,128,64,64,64,64,1000,1.5712186279706657
concentrated,64,0.25,7,f343dc8618448c0c9d0e37927b8e6f50dc169343e536bdaae4bfce436cb39630,snip_independent,0.01794373123368659,7.814369018888101e-05,128,32,32,64,64,1000,1.577018392039463
concentrated,64,0.25,7,f343dc8618448c0c9d0e37927b8e6f50dc169343e536bdaae4bfce436cb39630,snip_same_half,0.020916396044806537,0.057647135108709335,128,32,32,32,64,1000,1.576819727953989
concentrated,64,0.25,8,f343dc8618448c0c9d0e37927b8e6f50dc169343e536bdaae4bfce436cb39630,lora,0.08726645478327653,,1024,0,64,64,64,1000,1.5094757789629512
concentrated,64,0.25,8,f343dc8618448c0c9d0e37927b8e6f50dc169343e536bdaae4bfce436cb39630,compressed,0.010468869624979825,,128,0,64,64,64,1000,1.564541628002189
concentrated,64,0.25,8,f343dc8618448c0c9d0e37927b8e6f50dc169343e536bdaae4bfce436cb39630,random,0.009137222749284375,0.018489105626940727,128,64,64,64,64,1000,1.5810744399786927
concentrated,64,0.25,8,f343dc8618448c0c9d0e37927b8e6f50dc169343e536bdaae4bfce436cb39630,gradient,0.0170055419033674,0.0010022890055552125,128,64,64,64,64,1000,1.5788548069540411
concentrated,64,0.25,8,f343dc8618448c0c9d0e37927b8e6f50dc169343e536bdaae4bfce436cb39630,snip,0.016315309680053486,0.0009920441079884768,128,64,64,64,64,1000,1.5772273149923421
concentrated,64,0.25,8,f343dc8618448c0c9d0e37927b8e6f50dc169343e536bdaae4bfce436cb39630,energy,0.006966924737437346,0.9920641779899597,128,64,64,64,64,1000,1.577891914988868
concentrated,64,0.25,8,f343dc8618448c0c9d0e37927b8e6f50dc169343e536bdaae4bfce436cb39630,snip_independent,0.014281065061644988,0.0033842374105006456,128,32,32,64,64,1000,1.5795714079868048
concentrated,64,0.25,8,f343dc8618448c0c9d0e37927b8e6f50dc169343e536bdaae4bfce436cb39630,snip_same_half,0.019167927242938497,7.736503175692633e-05,128,32,32,32,64,1000,1.5774801750085317
concentrated,64,0.25,9,f343dc8618448c0c9d0e37927b8e6f50dc169343e536bdaae4bfce436cb39630,lora,0.08042900366048097,,1024,0,64,64,64,1000,1.4970130440196954
concentrated,64,0.25,9,f343dc8618448c0c9d0e37927b8e6f50dc169343e536bdaae4bfce436cb39630,compressed,0.009717496392898366,,128,0,64,64,64,1000,1.552588613005355
concentrated,64,0.25,9,f343dc8618448c0c9d0e37927b8e6f50dc169343e536bdaae4bfce436cb39630,random,0.009170356660050866,0.003082582727074623,128,64,64,64,64,1000,1.5704633559798822
concentrated,64,0.25,9,f343dc8618448c0c9d0e37927b8e6f50dc169343e536bdaae4bfce436cb39630,gradient,0.016868791858107194,0.4283449053764343,128,64,64,64,64,1000,1.571726360998582
concentrated,64,0.25,9,f343dc8618448c0c9d0e37927b8e6f50dc169343e536bdaae4bfce436cb39630,snip,0.015563200596342856,0.0016816103598102927,128,64,64,64,64,1000,1.5696450649993494
concentrated,64,0.25,9,f343dc8618448c0c9d0e37927b8e6f50dc169343e536bdaae4bfce436cb39630,energy,0.006016763446322761,0.9920641779899597,128,64,64,64,64,1000,1.5700671099475585
concentrated,64,0.25,9,f343dc8618448c0c9d0e37927b8e6f50dc169343e536bdaae4bfce436cb39630,snip_independent,0.01419178410741049,4.207333404337987e-05,128,32,32,64,64,1000,1.5708559170016088
concentrated,64,0.25,9,f343dc8618448c0c9d0e37927b8e6f50dc169343e536bdaae4bfce436cb39630,snip_same_half,0.02144768194739334,1.1088129213021602e-05,128,32,32,32,64,1000,1.5680254499893636
concentrated,64,0.25,10,f343dc8618448c0c9d0e37927b8e6f50dc169343e536bdaae4bfce436cb39630,lora,0.08206384660278773,,1024,0,64,64,64,1000,1.5088572360109538
concentrated,64,0.25,10,f343dc8618448c0c9d0e37927b8e6f50dc169343e536bdaae4bfce436cb39630,compressed,0.010074216604680185,,128,0,64,64,64,1000,1.5657220350112766
concentrated,64,0.25,10,f343dc8618448c0c9d0e37927b8e6f50dc169343e536bdaae4bfce436cb39630,random,0.008959578786970965,0.0016264530131593347,128,64,64,64,64,1000,1.5815726710134186
concentrated,64,0.25,10,f343dc8618448c0c9d0e37927b8e6f50dc169343e536bdaae4bfce436cb39630,gradient,0.014249541847683005,0.4347785711288452,128,64,64,64,64,1000,1.5814106080215424
concentrated,64,0.25,10,f343dc8618448c0c9d0e37927b8e6f50dc169343e536bdaae4bfce436cb39630,snip,0.016261933361882384,0.006441531702876091,128,64,64,64,64,1000,1.5795781729975715
concentrated,64,0.25,10,f343dc8618448c0c9d0e37927b8e6f50dc169343e536bdaae4bfce436cb39630,energy,0.006928152799438769,0.9920641779899597,128,64,64,64,64,1000,1.5808803990366869
concentrated,64,0.25,10,f343dc8618448c0c9d0e37927b8e6f50dc169343e536bdaae4bfce436cb39630,snip_independent,0.015747856183313567,0.006453643552958965,128,32,32,64,64,1000,1.5822909350390546
concentrated,64,0.25,10,f343dc8618448c0c9d0e37927b8e6f50dc169343e536bdaae4bfce436cb39630,snip_same_half,0.0218669285335715,0.0008581673027947545,128,32,32,32,64,1000,1.5806935490109026
concentrated,64,0.25,11,f343dc8618448c0c9d0e37927b8e6f50dc169343e536bdaae4bfce436cb39630,lora,0.07796573257443558,,1024,0,64,64,64,1000,1.501284909027163
concentrated,64,0.25,11,f343dc8618448c0c9d0e37927b8e6f50dc169343e536bdaae4bfce436cb39630,compressed,0.009784570425130545,,128,0,64,64,64,1000,1.5635679030092433
concentrated,64,0.25,11,f343dc8618448c0c9d0e37927b8e6f50dc169343e536bdaae4bfce436cb39630,random,0.008289036819390267,7.15193382347934e-05,128,64,64,64,64,1000,1.575769220944494
concentrated,64,0.25,11,f343dc8618448c0c9d0e37927b8e6f50dc169343e536bdaae4bfce436cb39630,gradient,0.014730441386013595,0.42915278673171997,128,64,64,64,64,1000,1.5725224759662524
concentrated,64,0.25,11,f343dc8618448c0c9d0e37927b8e6f50dc169343e536bdaae4bfce436cb39630,snip,0.014555839830159512,0.4298858046531677,128,64,64,64,64,1000,1.5711652409518138
concentrated,64,0.25,11,f343dc8618448c0c9d0e37927b8e6f50dc169343e536bdaae4bfce436cb39630,energy,0.00605539495610988,0.9920641779899597,128,64,64,64,64,1000,1.5717241199454293
concentrated,64,0.25,11,f343dc8618448c0c9d0e37927b8e6f50dc169343e536bdaae4bfce436cb39630,snip_independent,0.014267931618435235,0.006750288885086775,128,32,32,64,64,1000,1.5741332109901123
concentrated,64,0.25,11,f343dc8618448c0c9d0e37927b8e6f50dc169343e536bdaae4bfce436cb39630,snip_same_half,0.019645149013243608,0.42920562624931335,128,32,32,32,64,1000,1.572834355989471
concentrated,64,0.25,12,f343dc8618448c0c9d0e37927b8e6f50dc169343e536bdaae4bfce436cb39630,lora,0.08825457337479131,,1024,0,64,64,64,1000,1.509411894949153
concentrated,64,0.25,12,f343dc8618448c0c9d0e37927b8e6f50dc169343e536bdaae4bfce436cb39630,compressed,0.008004438613809828,,128,0,64,64,64,1000,1.5628837289987132
concentrated,64,0.25,12,f343dc8618448c0c9d0e37927b8e6f50dc169343e536bdaae4bfce436cb39630,random,0.006511705069470589,2.965460589621216e-05,128,64,64,64,64,1000,1.5809509419486858
concentrated,64,0.25,12,f343dc8618448c0c9d0e37927b8e6f50dc169343e536bdaae4bfce436cb39630,gradient,0.01441781921791871,0.45924174785614014,128,64,64,64,64,1000,1.5800391049706377
concentrated,64,0.25,12,f343dc8618448c0c9d0e37927b8e6f50dc169343e536bdaae4bfce436cb39630,snip,0.013832522670752332,2.678215241758153e-05,128,64,64,64,64,1000,1.5787503030151129
concentrated,64,0.25,12,f343dc8618448c0c9d0e37927b8e6f50dc169343e536bdaae4bfce436cb39630,energy,0.0057298985430463256,0.9920641779899597,128,64,64,64,64,1000,1.5796033180085942
concentrated,64,0.25,12,f343dc8618448c0c9d0e37927b8e6f50dc169343e536bdaae4bfce436cb39630,snip_independent,0.0169685362569858,3.742784247151576e-05,128,32,32,64,64,1000,1.5810171959456056
concentrated,64,0.25,12,f343dc8618448c0c9d0e37927b8e6f50dc169343e536bdaae4bfce436cb39630,snip_same_half,0.020570676433508028,0.07482483237981796,128,32,32,32,64,1000,1.578912566008512
concentrated,64,0.25,13,f343dc8618448c0c9d0e37927b8e6f50dc169343e536bdaae4bfce436cb39630,lora,0.09019908463032937,,1024,0,64,64,64,1000,1.5006538509624079
concentrated,64,0.25,13,f343dc8618448c0c9d0e37927b8e6f50dc169343e536bdaae4bfce436cb39630,compressed,0.009795290903438558,,128,0,64,64,64,1000,1.5518293750355951
concentrated,64,0.25,13,f343dc8618448c0c9d0e37927b8e6f50dc169343e536bdaae4bfce436cb39630,random,0.008027614703114475,0.001959688263013959,128,64,64,64,64,1000,1.5711777990218252
concentrated,64,0.25,13,f343dc8618448c0c9d0e37927b8e6f50dc169343e536bdaae4bfce436cb39630,gradient,0.013051381537156882,0.4533969759941101,128,64,64,64,64,1000,1.5711653720354661
concentrated,64,0.25,13,f343dc8618448c0c9d0e37927b8e6f50dc169343e536bdaae4bfce436cb39630,snip,0.013277755546014479,0.05859393998980522,128,64,64,64,64,1000,1.5689175879815593
concentrated,64,0.25,13,f343dc8618448c0c9d0e37927b8e6f50dc169343e536bdaae4bfce436cb39630,energy,0.007966446819458513,0.9920641779899597,128,64,64,64,64,1000,1.5684364970074967
concentrated,64,0.25,13,f343dc8618448c0c9d0e37927b8e6f50dc169343e536bdaae4bfce436cb39630,snip_independent,0.017122626655679415,8.324698865180835e-05,128,32,32,64,64,1000,1.5717227400746197
concentrated,64,0.25,13,f343dc8618448c0c9d0e37927b8e6f50dc169343e536bdaae4bfce436cb39630,snip_same_half,0.017598213653388952,0.4475198984146118,128,32,32,32,64,1000,1.5700083340052515
concentrated,64,0.25,14,f343dc8618448c0c9d0e37927b8e6f50dc169343e536bdaae4bfce436cb39630,lora,0.08471625038356113,,1024,0,64,64,64,1000,1.508709435001947
concentrated,64,0.25,14,f343dc8618448c0c9d0e37927b8e6f50dc169343e536bdaae4bfce436cb39630,compressed,0.01105014359982677,,128,0,64,64,64,1000,1.5631089190137573
concentrated,64,0.25,14,f343dc8618448c0c9d0e37927b8e6f50dc169343e536bdaae4bfce436cb39630,random,0.009440072598359415,2.5457071387791075e-05,128,64,64,64,64,1000,1.5795097959344275
concentrated,64,0.25,14,f343dc8618448c0c9d0e37927b8e6f50dc169343e536bdaae4bfce436cb39630,gradient,0.015011145420289074,0.5168083310127258,128,64,64,64,64,1000,1.5800060839392245
concentrated,64,0.25,14,f343dc8618448c0c9d0e37927b8e6f50dc169343e536bdaae4bfce436cb39630,snip,0.016790519926910632,0.05765489488840103,128,64,64,64,64,1000,1.5791409939993173
concentrated,64,0.25,14,f343dc8618448c0c9d0e37927b8e6f50dc169343e536bdaae4bfce436cb39630,energy,0.006943559446667193,0.9920641779899597,128,64,64,64,64,1000,1.5792327270028181
concentrated,64,0.25,14,f343dc8618448c0c9d0e37927b8e6f50dc169343e536bdaae4bfce436cb39630,snip_independent,0.016598066587428604,0.024150962010025978,128,32,32,64,64,1000,1.579808835987933
concentrated,64,0.25,14,f343dc8618448c0c9d0e37927b8e6f50dc169343e536bdaae4bfce436cb39630,snip_same_half,0.02207031677049178,0.07672761380672455,128,32,32,32,64,1000,1.5798485989798792
concentrated,64,0.25,15,f343dc8618448c0c9d0e37927b8e6f50dc169343e536bdaae4bfce436cb39630,lora,0.09127908477633767,,1024,0,64,64,64,1000,1.4967747069895267
concentrated,64,0.25,15,f343dc8618448c0c9d0e37927b8e6f50dc169343e536bdaae4bfce436cb39630,compressed,0.012084425444119655,,128,0,64,64,64,1000,1.5533776599913836
concentrated,64,0.25,15,f343dc8618448c0c9d0e37927b8e6f50dc169343e536bdaae4bfce436cb39630,random,0.00971659084686598,0.00010257492976961657,128,64,64,64,64,1000,1.5747315479675308
concentrated,64,0.25,15,f343dc8618448c0c9d0e37927b8e6f50dc169343e536bdaae4bfce436cb39630,gradient,0.017489728917856814,0.449588418006897,128,64,64,64,64,1000,1.5757985919481143
concentrated,64,0.25,15,f343dc8618448c0c9d0e37927b8e6f50dc169343e536bdaae4bfce436cb39630,snip,0.018726402012726087,3.703685069922358e-05,128,64,64,64,64,1000,1.573959726956673
concentrated,64,0.25,15,f343dc8618448c0c9d0e37927b8e6f50dc169343e536bdaae4bfce436cb39630,energy,0.007073521680683866,0.9920641779899597,128,64,64,64,64,1000,1.5737484119599685
concentrated,64,0.25,15,f343dc8618448c0c9d0e37927b8e6f50dc169343e536bdaae4bfce436cb39630,snip_independent,0.01268151232753877,0.42835262417793274,128,32,32,64,64,1000,1.5757915219292045
concentrated,64,0.25,15,f343dc8618448c0c9d0e37927b8e6f50dc169343e536bdaae4bfce436cb39630,snip_same_half,0.019829791132462644,0.00010401493636891246,128,32,32,32,64,1000,1.5740683199837804
concentrated,64,0.25,16,f343dc8618448c0c9d0e37927b8e6f50dc169343e536bdaae4bfce436cb39630,lora,0.09240817454720535,,1024,0,64,64,64,1000,1.5101535019930452
concentrated,64,0.25,16,f343dc8618448c0c9d0e37927b8e6f50dc169343e536bdaae4bfce436cb39630,compressed,0.010027464404796523,,128,0,64,64,64,1000,1.5632287960033864
concentrated,64,0.25,16,f343dc8618448c0c9d0e37927b8e6f50dc169343e536bdaae4bfce436cb39630,random,0.009120432154633255,0.0010921164648607373,128,64,64,64,64,1000,1.5802739490172826
concentrated,64,0.25,16,f343dc8618448c0c9d0e37927b8e6f50dc169343e536bdaae4bfce436cb39630,gradient,0.01607053159818654,0.49367302656173706,128,64,64,64,64,1000,1.5863817320205271
concentrated,64,0.25,16,f343dc8618448c0c9d0e37927b8e6f50dc169343e536bdaae4bfce436cb39630,snip,0.017800513551848654,0.07023414224386215,128,64,64,64,64,1000,1.5784928580396809
concentrated,64,0.25,16,f343dc8618448c0c9d0e37927b8e6f50dc169343e536bdaae4bfce436cb39630,energy,0.007107442527385628,0.9920641779899597,128,64,64,64,64,1000,1.580476450966671
concentrated,64,0.25,16,f343dc8618448c0c9d0e37927b8e6f50dc169343e536bdaae4bfce436cb39630,snip_independent,0.017052120848260938,0.06387775391340256,128,32,32,64,64,1000,1.5804458190104924
concentrated,64,0.25,16,f343dc8618448c0c9d0e37927b8e6f50dc169343e536bdaae4bfce436cb39630,snip_same_half,0.024108501337217345,1.5900184735073708e-05,128,32,32,32,64,1000,1.5804728060029447
concentrated,64,0.25,17,f343dc8618448c0c9d0e37927b8e6f50dc169343e536bdaae4bfce436cb39630,lora,0.08084733898393064,,1024,0,64,64,64,1000,1.4974842760129832
concentrated,64,0.25,17,f343dc8618448c0c9d0e37927b8e6f50dc169343e536bdaae4bfce436cb39630,compressed,0.010464176890398944,,128,0,64,64,64,1000,1.5519223040319048
concentrated,64,0.25,17,f343dc8618448c0c9d0e37927b8e6f50dc169343e536bdaae4bfce436cb39630,random,0.009665322823241446,0.02496221847832203,128,64,64,64,64,1000,1.5701378569938242
concentrated,64,0.25,17,f343dc8618448c0c9d0e37927b8e6f50dc169343e536bdaae4bfce436cb39630,gradient,0.014060801155132228,0.506580114364624,128,64,64,64,64,1000,1.5762245939695276
concentrated,64,0.25,17,f343dc8618448c0c9d0e37927b8e6f50dc169343e536bdaae4bfce436cb39630,snip,0.01402174832062442,0.4474399983882904,128,64,64,64,64,1000,1.5701345579582267
concentrated,64,0.25,17,f343dc8618448c0c9d0e37927b8e6f50dc169343e536bdaae4bfce436cb39630,energy,0.006286086917758024,0.9920641779899597,128,64,64,64,64,1000,1.5714525689836591
concentrated,64,0.25,17,f343dc8618448c0c9d0e37927b8e6f50dc169343e536bdaae4bfce436cb39630,snip_independent,0.012155529723690352,0.44748052954673767,128,32,32,64,64,1000,1.5760178809869103
concentrated,64,0.25,17,f343dc8618448c0c9d0e37927b8e6f50dc169343e536bdaae4bfce436cb39630,snip_same_half,0.020771144483862667,4.2910571210086346e-05,128,32,32,32,64,1000,1.5783658760483377
concentrated,64,0.25,18,f343dc8618448c0c9d0e37927b8e6f50dc169343e536bdaae4bfce436cb39630,lora,0.0849857365929968,,1024,0,64,64,64,1000,1.5070796569925733
concentrated,64,0.25,18,f343dc8618448c0c9d0e37927b8e6f50dc169343e536bdaae4bfce436cb39630,compressed,0.011749643055686763,,128,0,64,64,64,1000,1.5649393040221184
concentrated,64,0.25,18,f343dc8618448c0c9d0e37927b8e6f50dc169343e536bdaae4bfce436cb39630,random,0.009754350221235775,7.858119352022186e-05,128,64,64,64,64,1000,1.5807713309768587
concentrated,64,0.25,18,f343dc8618448c0c9d0e37927b8e6f50dc169343e536bdaae4bfce436cb39630,gradient,0.01868572450258491,0.02128228358924389,128,64,64,64,64,1000,1.578695271979086
concentrated,64,0.25,18,f343dc8618448c0c9d0e37927b8e6f50dc169343e536bdaae4bfce436cb39630,snip,0.018645141081435453,0.02351069264113903,128,64,64,64,64,1000,1.5781856589601375
concentrated,64,0.25,18,f343dc8618448c0c9d0e37927b8e6f50dc169343e536bdaae4bfce436cb39630,energy,0.007746100612953069,0.9920641779899597,128,64,64,64,64,1000,1.5782735759858042
concentrated,64,0.25,18,f343dc8618448c0c9d0e37927b8e6f50dc169343e536bdaae4bfce436cb39630,snip_independent,0.016712698433055673,1.4345392628456466e-05,128,32,32,64,64,1000,1.581562876002863
concentrated,64,0.25,18,f343dc8618448c0c9d0e37927b8e6f50dc169343e536bdaae4bfce436cb39630,snip_same_half,0.02242277526294279,0.0022602255921810865,128,32,32,32,64,1000,1.5792680979939178
concentrated,64,0.25,19,f343dc8618448c0c9d0e37927b8e6f50dc169343e536bdaae4bfce436cb39630,lora,0.076206776506411,,1024,0,64,64,64,1000,1.4987874050275423
concentrated,64,0.25,19,f343dc8618448c0c9d0e37927b8e6f50dc169343e536bdaae4bfce436cb39630,compressed,0.012896718928225493,,128,0,64,64,64,1000,1.557137091003824
concentrated,64,0.25,19,f343dc8618448c0c9d0e37927b8e6f50dc169343e536bdaae4bfce436cb39630,random,0.009840382137434989,0.00011035759234800935,128,64,64,64,64,1000,1.5784227389958687
concentrated,64,0.25,19,f343dc8618448c0c9d0e37927b8e6f50dc169343e536bdaae4bfce436cb39630,gradient,0.016204985105506855,0.019165482372045517,128,64,64,64,64,1000,1.5783933540224098
concentrated,64,0.25,19,f343dc8618448c0c9d0e37927b8e6f50dc169343e536bdaae4bfce436cb39630,snip,0.016134611732941305,0.0840037539601326,128,64,64,64,64,1000,1.5758747000363655
concentrated,64,0.25,19,f343dc8618448c0c9d0e37927b8e6f50dc169343e536bdaae4bfce436cb39630,energy,0.005387613422322251,0.9920641779899597,128,64,64,64,64,1000,1.5775490989908576
concentrated,64,0.25,19,f343dc8618448c0c9d0e37927b8e6f50dc169343e536bdaae4bfce436cb39630,snip_independent,0.016330345307926354,2.3921727915876545e-05,128,32,32,64,64,1000,1.580033218022436
concentrated,64,0.25,19,f343dc8618448c0c9d0e37927b8e6f50dc169343e536bdaae4bfce436cb39630,snip_same_half,0.020969910866552526,0.0577075257897377,128,32,32,32,64,1000,1.578692801995203
concentrated,64,0.5,0,f343dc8618448c0c9d0e37927b8e6f50dc169343e536bdaae4bfce436cb39630,lora,0.15120266976018937,,1024,0,64,64,64,1000,1.5065378199797124
concentrated,64,0.5,0,f343dc8618448c0c9d0e37927b8e6f50dc169343e536bdaae4bfce436cb39630,compressed,0.02234870529845396,,128,0,64,64,64,1000,1.5619987460086122
concentrated,64,0.5,0,f343dc8618448c0c9d0e37927b8e6f50dc169343e536bdaae4bfce436cb39630,random,0.016169247697844277,6.86513667460531e-05,128,64,64,64,64,1000,1.580742426973302
concentrated,64,0.5,0,f343dc8618448c0c9d0e37927b8e6f50dc169343e536bdaae4bfce436cb39630,gradient,0.04083000381144534,0.000393923168303445,128,64,64,64,64,1000,1.5807358339661732
concentrated,64,0.5,0,f343dc8618448c0c9d0e37927b8e6f50dc169343e536bdaae4bfce436cb39630,snip,0.039336638194880896,0.0035898960195481777,128,64,64,64,64,1000,1.5787284519756213
concentrated,64,0.5,0,f343dc8618448c0c9d0e37927b8e6f50dc169343e536bdaae4bfce436cb39630,energy,0.016229824920172883,0.9920641779899597,128,64,64,64,64,1000,1.5793131739483215
concentrated,64,0.5,0,f343dc8618448c0c9d0e37927b8e6f50dc169343e536bdaae4bfce436cb39630,snip_independent,0.02673875432961933,0.0032399259507656097,128,32,32,64,64,1000,1.579940758063458
concentrated,64,0.5,0,f343dc8618448c0c9d0e37927b8e6f50dc169343e536bdaae4bfce436cb39630,snip_same_half,0.045671777629837734,7.634973735548556e-05,128,32,32,32,64,1000,1.5791516960016452
concentrated,64,0.5,1,f343dc8618448c0c9d0e37927b8e6f50dc169343e536bdaae4bfce436cb39630,lora,0.13599654929289856,,1024,0,64,64,64,1000,1.5080017439904623
concentrated,64,0.5,1,f343dc8618448c0c9d0e37927b8e6f50dc169343e536bdaae4bfce436cb39630,compressed,0.0247644468177702,,128,0,64,64,64,1000,1.5611968890298158
concentrated,64,0.5,1,f343dc8618448c0c9d0e37927b8e6f50dc169343e536bdaae4bfce436cb39630,random,0.018709143456728063,5.459404565044679e-05,128,64,64,64,64,1000,1.5793096700217575
concentrated,64,0.5,1,f343dc8618448c0c9d0e37927b8e6f50dc169343e536bdaae4bfce436cb39630,gradient,0.047475499450961654,0.42836248874664307,128,64,64,64,64,1000,1.5792090000468306
concentrated,64,0.5,1,f343dc8618448c0c9d0e37927b8e6f50dc169343e536bdaae4bfce436cb39630,snip,0.04401307656590498,0.42844587564468384,128,64,64,64,64,1000,1.5789089449681342
concentrated,64,0.5,1,f343dc8618448c0c9d0e37927b8e6f50dc169343e536bdaae4bfce436cb39630,energy,0.015958615714310932,0.9920641779899597,128,64,64,64,64,1000,1.5784052120288834
concentrated,64,0.5,1,f343dc8618448c0c9d0e37927b8e6f50dc169343e536bdaae4bfce436cb39630,snip_independent,0.03257409257848794,0.022352030500769615,128,32,32,64,64,1000,1.582817219023127
concentrated,64,0.5,1,f343dc8618448c0c9d0e37927b8e6f50dc169343e536bdaae4bfce436cb39630,snip_same_half,0.052804139705103406,0.00014184553583618253,128,32,32,32,64,1000,1.5799639779725112
concentrated,64,0.5,2,f343dc8618448c0c9d0e37927b8e6f50dc169343e536bdaae4bfce436cb39630,lora,0.14988489976125652,,1024,0,64,64,64,1000,1.5051979349809699
concentrated,64,0.5,2,f343dc8618448c0c9d0e37927b8e6f50dc169343e536bdaae4bfce436cb39630,compressed,0.022716460566310576,,128,0,64,64,64,1000,1.5614146389998496
concentrated,64,0.5,2,f343dc8618448c0c9d0e37927b8e6f50dc169343e536bdaae4bfce436cb39630,random,0.019139811947884458,0.0005540299462154508,128,64,64,64,64,1000,1.5786163820303045
concentrated,64,0.5,2,f343dc8618448c0c9d0e37927b8e6f50dc169343e536bdaae4bfce436cb39630,gradient,0.04018144176294119,4.474350862437859e-05,128,64,64,64,64,1000,1.5800782429869287
concentrated,64,0.5,2,f343dc8618448c0c9d0e37927b8e6f50dc169343e536bdaae4bfce436cb39630,snip,0.03701063456631108,0.019133208319544792,128,64,64,64,64,1000,1.5792248980142176
concentrated,64,0.5,2,f343dc8618448c0c9d0e37927b8e6f50dc169343e536bdaae4bfce436cb39630,energy,0.014184087661084647,0.9920641779899597,128,64,64,64,64,1000,1.5771414130576886
concentrated,64,0.5,2,f343dc8618448c0c9d0e37927b8e6f50dc169343e536bdaae4bfce436cb39630,snip_independent,0.03089469910978696,0.0015818270621821284,128,32,32,64,64,1000,1.5797482390189543
concentrated,64,0.5,2,f343dc8618448c0c9d0e37927b8e6f50dc169343e536bdaae4bfce436cb39630,snip_same_half,0.04662290700736549,0.019245924428105354,128,32,32,32,64,1000,1.5796150620444678
concentrated,64,0.5,3,f343dc8618448c0c9d0e37927b8e6f50dc169343e536bdaae4bfce436cb39630,lora,0.14750781385587108,,1024,0,64,64,64,1000,1.509753141028341
concentrated,64,0.5,3,f343dc8618448c0c9d0e37927b8e6f50dc169343e536bdaae4bfce436cb39630,compressed,0.023522711128180336,,128,0,64,64,64,1000,1.5592933220323175
concentrated,64,0.5,3,f343dc8618448c0c9d0e37927b8e6f50dc169343e536bdaae4bfce436cb39630,random,0.018860995291696946,6.188895349623635e-05,128,64,64,64,64,1000,1.5743416769546457
concentrated,64,0.5,3,f343dc8618448c0c9d0e37927b8e6f50dc169343e536bdaae4bfce436cb39630,gradient,0.042094926131718585,0.0191291905939579,128,64,64,64,64,1000,1.5740518319653347
concentrated,64,0.5,3,f343dc8618448c0c9d0e37927b8e6f50dc169343e536bdaae4bfce436cb39630,snip,0.043740529370427376,8.030360913835466e-05,128,64,64,64,64,1000,1.5740255319979042
concentrated,64,0.5,3,f343dc8618448c0c9d0e37927b8e6f50dc169343e536bdaae4bfce436cb39630,energy,0.01846536808600841,0.9920641779899597,128,64,64,64,64,1000,1.5730247870087624
concentrated,64,0.5,3,f343dc8618448c0c9d0e37927b8e6f50dc169343e536bdaae4bfce436cb39630,snip_independent,0.03261909010418729,4.978496508556418e-05,128,32,32,64,64,1000,1.5758022500085644
concentrated,64,0.5,3,f343dc8618448c0c9d0e37927b8e6f50dc169343e536bdaae4bfce436cb39630,snip_same_half,0.05558254518494451,1.6296837202389725e-05,128,32,32,32,64,1000,1.5750009000184946
concentrated,64,0.5,4,f343dc8618448c0c9d0e37927b8e6f50dc169343e536bdaae4bfce436cb39630,lora,0.15280368874130906,,1024,0,64,64,64,1000,1.5067214320297353
concentrated,64,0.5,4,f343dc8618448c0c9d0e37927b8e6f50dc169343e536bdaae4bfce436cb39630,compressed,0.024349986137048422,,128,0,64,64,64,1000,1.5637068480136804
concentrated,64,0.5,4,f343dc8618448c0c9d0e37927b8e6f50dc169343e536bdaae4bfce436cb39630,random,0.019672185209215987,5.043023338657804e-05,128,64,64,64,64,1000,1.581442116992548
concentrated,64,0.5,4,f343dc8618448c0c9d0e37927b8e6f50dc169343e536bdaae4bfce436cb39630,gradient,0.04400565011546116,0.021280884742736816,128,64,64,64,64,1000,1.5814247149974108
concentrated,64,0.5,4,f343dc8618448c0c9d0e37927b8e6f50dc169343e536bdaae4bfce436cb39630,snip,0.044210611949661006,1.9264705770183355e-05,128,64,64,64,64,1000,1.5798279190203175
concentrated,64,0.5,4,f343dc8618448c0c9d0e37927b8e6f50dc169343e536bdaae4bfce436cb39630,energy,0.016457506220738886,0.9920641779899597,128,64,64,64,64,1000,1.579219562059734
concentrated,64,0.5,4,f343dc8618448c0c9d0e37927b8e6f50dc169343e536bdaae4bfce436cb39630,snip_independent,0.03271180175351253,8.491164044244215e-05,128,32,32,64,64,1000,1.5831826690700836
concentrated,64,0.5,4,f343dc8618448c0c9d0e37927b8e6f50dc169343e536bdaae4bfce436cb39630,snip_same_half,0.050214868763052756,0.008807365782558918,128,32,32,32,64,1000,1.58005922898883
concentrated,64,0.5,5,f343dc8618448c0c9d0e37927b8e6f50dc169343e536bdaae4bfce436cb39630,lora,0.15324182966407957,,1024,0,64,64,64,1000,1.4994834989774972
concentrated,64,0.5,5,f343dc8618448c0c9d0e37927b8e6f50dc169343e536bdaae4bfce436cb39630,compressed,0.01798655329307533,,128,0,64,64,64,1000,1.5539241110091098
concentrated,64,0.5,5,f343dc8618448c0c9d0e37927b8e6f50dc169343e536bdaae4bfce436cb39630,random,0.018601992196459603,7.635839574504644e-05,128,64,64,64,64,1000,1.572738389018923
concentrated,64,0.5,5,f343dc8618448c0c9d0e37927b8e6f50dc169343e536bdaae4bfce436cb39630,gradient,0.04312456730016027,0.0191813912242651,128,64,64,64,64,1000,1.571813715971075
concentrated,64,0.5,5,f343dc8618448c0c9d0e37927b8e6f50dc169343e536bdaae4bfce436cb39630,snip,0.038711002929196894,0.076781265437603,128,64,64,64,64,1000,1.5706344860373065
concentrated,64,0.5,5,f343dc8618448c0c9d0e37927b8e6f50dc169343e536bdaae4bfce436cb39630,energy,0.014389115191860286,0.9920641779899597,128,64,64,64,64,1000,1.570363550039474
concentrated,64,0.5,5,f343dc8618448c0c9d0e37927b8e6f50dc169343e536bdaae4bfce436cb39630,snip_independent,0.029965105644291008,0.05768055468797684,128,32,32,64,64,1000,1.5741724999970756
concentrated,64,0.5,5,f343dc8618448c0c9d0e37927b8e6f50dc169343e536bdaae4bfce436cb39630,snip_same_half,0.0444484908718981,0.01919815130531788,128,32,32,32,64,1000,1.5711933459970169
concentrated,64,0.5,6,f343dc8618448c0c9d0e37927b8e6f50dc169343e536bdaae4bfce436cb39630,lora,0.13880139671984332,,1024,0,64,64,64,1000,1.5080833020037971
concentrated,64,0.5,6,f343dc8618448c0c9d0e37927b8e6f50dc169343e536bdaae4bfce436cb39630,compressed,0.022066133854485054,,128,0,64,64,64,1000,1.5650794790126383
concentrated,64,0.5,6,f343dc8618448c0c9d0e37927b8e6f50dc169343e536bdaae4bfce436cb39630,random,0.016546883040751467,3.308058512629941e-05,128,64,64,64,64,1000,1.5831358889699914
concentrated,64,0.5,6,f343dc8618448c0c9d0e37927b8e6f50dc169343e536bdaae4bfce436cb39630,gradient,0.045462284757025566,2.4751509045017883e-05,128,64,64,64,64,1000,1.5821112299454398
concentrated,64,0.5,6,f343dc8618448c0c9d0e37927b8e6f50dc169343e536bdaae4bfce436cb39630,snip,0.03964442408983787,0.0015855819219723344,128,64,64,64,64,1000,1.5813085099798627
concentrated,64,0.5,6,f343dc8618448c0c9d0e37927b8e6f50dc169343e536bdaae4bfce436cb39630,energy,0.017333698314051665,0.9920641779899597,128,64,64,64,64,1000,1.5808959269779734
concentrated,64,0.5,6,f343dc8618448c0c9d0e37927b8e6f50dc169343e536bdaae4bfce436cb39630,snip_independent,0.030922477416912557,0.00013995138579048216,128,32,32,64,64,1000,1.5839113240363076
concentrated,64,0.5,6,f343dc8618448c0c9d0e37927b8e6f50dc169343e536bdaae4bfce436cb39630,snip_same_half,0.051648666512226105,0.0008853836916387081,128,32,32,32,64,1000,1.5812489480013028
concentrated,64,0.5,7,f343dc8618448c0c9d0e37927b8e6f50dc169343e536bdaae4bfce436cb39630,lora,0.15648961786067667,,1024,0,64,64,64,1000,1.5008803230011836
concentrated,64,0.5,7,f343dc8618448c0c9d0e37927b8e6f50dc169343e536bdaae4bfce436cb39630,compressed,0.025018685047436175,,128,0,64,64,64,1000,1.5592702220310457
concentrated,64,0.5,7,f343dc8618448c0c9d0e37927b8e6f50dc169343e536bdaae4bfce436cb39630,random,0.019990491943947225,5.749697447754443e-05,128,64,64,64,64,1000,1.5804321249597706
concentrated,64,0.5,7,f343dc8618448c0c9d0e37927b8e6f50dc169343e536bdaae4bfce436cb39630,gradient,0.039562364032717436,6.902153108967468e-05,128,64,64,64,64,1000,1.5762600419693626
concentrated,64,0.5,7,f343dc8618448c0c9d0e37927b8e6f50dc169343e536bdaae4bfce436cb39630,snip,0.04079075222643535,4.16486436733976e-05,128,64,64,64,64,1000,1.5713988969800994
concentrated,64,0.5,7,f343dc8618448c0c9d0e37927b8e6f50dc169343e536bdaae4bfce436cb39630,energy,0.01581299807290317,0.9920641779899597,128,64,64,64,64,1000,1.5745359499705955
concentrated,64,0.5,7,f343dc8618448c0c9d0e37927b8e6f50dc169343e536bdaae4bfce436cb39630,snip_independent,0.033395397645048286,4.482858275878243e-05,128,32,32,64,64,1000,1.5745068619726226
concentrated,64,0.5,7,f343dc8618448c0c9d0e37927b8e6f50dc169343e536bdaae4bfce436cb39630,snip_same_half,0.047446576547905475,0.05764465034008026,128,32,32,32,64,1000,1.573468578979373
concentrated,64,0.5,8,f343dc8618448c0c9d0e37927b8e6f50dc169343e536bdaae4bfce436cb39630,lora,0.1407222895400259,,1024,0,64,64,64,1000,1.5076728870044462
concentrated,64,0.5,8,f343dc8618448c0c9d0e37927b8e6f50dc169343e536bdaae4bfce436cb39630,compressed,0.024061099457576212,,128,0,64,64,64,1000,1.5635450030094944
concentrated,64,0.5,8,f343dc8618448c0c9d0e37927b8e6f50dc169343e536bdaae4bfce436cb39630,random,0.018146858826420774,0.018489105626940727,128,64,64,64,64,1000,1.5831428450183012
concentrated,64,0.5,8,f343dc8618448c0c9d0e37927b8e6f50dc169343e536bdaae4bfce436cb39630,gradient,0.04300562074639815,0.0010027909884229302,128,64,64,64,64,1000,1.5808036969974637
concentrated,64,0.5,8,f343dc8618448c0c9d0e37927b8e6f50dc169343e536bdaae4bfce436cb39630,snip,0.043414724804347604,0.0009815278463065624,128,64,64,64,64,1000,1.5807820570189506
concentrated,64,0.5,8,f343dc8618448c0c9d0e37927b8e6f50dc169343e536bdaae4bfce436cb39630,energy,0.017573921046985137,0.9920641779899597,128,64,64,64,64,1000,1.5792502319673076
concentrated,64,0.5,8,f343dc8618448c0c9d0e37927b8e6f50dc169343e536bdaae4bfce436cb39630,snip_independent,0.031103673273502802,9.654296445660293e-05,128,32,32,64,64,1000,1.5819707170012407
concentrated,64,0.5,8,f343dc8618448c0c9d0e37927b8e6f50dc169343e536bdaae4bfce436cb39630,snip_same_half,0.04441096014327123,6.514344568131492e-05,128,32,32,32,64,1000,1.580014751991257
concentrated,64,0.5,9,f343dc8618448c0c9d0e37927b8e6f50dc169343e536bdaae4bfce436cb39630,lora,0.13197218888484497,,1024,0,64,64,64,1000,1.5013301569852047
concentrated,64,0.5,9,f343dc8618448c0c9d0e37927b8e6f50dc169343e536bdaae4bfce436cb39630,compressed,0.021820011560129086,,128,0,64,64,64,1000,1.5539955269778147
concentrated,64,0.5,9,f343dc8618448c0c9d0e37927b8e6f50dc169343e536bdaae4bfce436cb39630,random,0.018391398658464425,0.003082582727074623,128,64,64,64,64,1000,1.5744058179552667
concentrated,64,0.5,9,f343dc8618448c0c9d0e37927b8e6f50dc169343e536bdaae4bfce436cb39630,gradient,0.04691937034888917,4.4146876462036744e-05,128,64,64,64,64,1000,1.5790520659647882
concentrated,64,0.5,9,f343dc8618448c0c9d0e37927b8e6f50dc169343e536bdaae4bfce436cb39630,snip,0.037747232630578886,0.001687478506937623,128,64,64,64,64,1000,1.5755972070037387
concentrated,64,0.5,9,f343dc8618448c0c9d0e37927b8e6f50dc169343e536bdaae4bfce436cb39630,energy,0.014074839367166341,0.9920641779899597,128,64,64,64,64,1000,1.5755369960097596
concentrated,64,0.5,9,f343dc8618448c0c9d0e37927b8e6f50dc169343e536bdaae4bfce436cb39630,snip_independent,0.028607378414191045,4.6739227400394157e-05,128,32,32,64,64,1000,1.578124932013452
concentrated,64,0.5,9,f343dc8618448c0c9d0e37927b8e6f50dc169343e536bdaae4bfce436cb39630,snip_same_half,0.0456008023276573,1.0422218110761605e-05,128,32,32,32,64,1000,1.5782241899869405
concentrated,64,0.5,10,f343dc8618448c0c9d0e37927b8e6f50dc169343e536bdaae4bfce436cb39630,lora,0.14421513663627025,,1024,0,64,64,64,1000,1.5098583640065044
concentrated,64,0.5,10,f343dc8618448c0c9d0e37927b8e6f50dc169343e536bdaae4bfce436cb39630,compressed,0.0230547364153599,,128,0,64,64,64,1000,1.56505960598588
concentrated,64,0.5,10,f343dc8618448c0c9d0e37927b8e6f50dc169343e536bdaae4bfce436cb39630,random,0.018738312926182346,0.0016264530131593347,128,64,64,64,64,1000,1.5826392189483158
concentrated,64,0.5,10,f343dc8618448c0c9d0e37927b8e6f50dc169343e536bdaae4bfce436cb39630,gradient,0.041001497938366646,6.972414848860353e-05,128,64,64,64,64,1000,1.581994104955811
concentrated,64,0.5,10,f343dc8618448c0c9d0e37927b8e6f50dc169343e536bdaae4bfce436cb39630,snip,0.04106017788912812,0.006437809206545353,128,64,64,64,64,1000,1.5802698789630085
concentrated,64,0.5,10,f343dc8618448c0c9d0e37927b8e6f50dc169343e536bdaae4bfce436cb39630,energy,0.01696032703431606,0.9920641779899597,128,64,64,64,64,1000,1.5818216020124964
concentrated,64,0.5,10,f343dc8618448c0c9d0e37927b8e6f50dc169343e536bdaae4bfce436cb39630,snip_independent,0.029482014900869664,0.008012191392481327,128,32,32,64,64,1000,1.5831329030334018
concentrated,64,0.5,10,f343dc8618448c0c9d0e37927b8e6f50dc169343e536bdaae4bfce436cb39630,snip_same_half,0.04868031039379121,0.0008680832688696682,128,32,32,32,64,1000,1.5809303580317646
concentrated,64,0.5,11,f343dc8618448c0c9d0e37927b8e6f50dc169343e536bdaae4bfce436cb39630,lora,0.14242053608541563,,1024,0,64,64,64,1000,1.5106231070240028
concentrated,64,0.5,11,f343dc8618448c0c9d0e37927b8e6f50dc169343e536bdaae4bfce436cb39630,compressed,0.021269760569395058,,128,0,64,64,64,1000,1.5644160739611834
concentrated,64,0.5,11,f343dc8618448c0c9d0e37927b8e6f50dc169343e536bdaae4bfce436cb39630,random,0.015902958741401053,7.151933095883578e-05,128,64,64,64,64,1000,1.5829211200471036
concentrated,64,0.5,11,f343dc8618448c0c9d0e37927b8e6f50dc169343e536bdaae4bfce436cb39630,gradient,0.040203387675665336,0.4291510283946991,128,64,64,64,64,1000,1.5835191539954394
concentrated,64,0.5,11,f343dc8618448c0c9d0e37927b8e6f50dc169343e536bdaae4bfce436cb39630,snip,0.03560387406168038,0.4283304810523987,128,64,64,64,64,1000,1.58174544502981
concentrated,64,0.5,11,f343dc8618448c0c9d0e37927b8e6f50dc169343e536bdaae4bfce436cb39630,energy,0.01450626250349713,0.9920641779899597,128,64,64,64,64,1000,1.5772459880099632
concentrated,64,0.5,11,f343dc8618448c0c9d0e37927b8e6f50dc169343e536bdaae4bfce436cb39630,snip_independent,0.025823090277669145,0.006754119414836168,128,32,32,64,64,1000,1.5757763009751216
concentrated,64,0.5,11,f343dc8618448c0c9d0e37927b8e6f50dc169343e536bdaae4bfce436cb39630,snip_same_half,0.048605908212829355,0.0008961160783655941,128,32,32,32,64,1000,1.5757899939781055
concentrated,64,0.5,12,f343dc8618448c0c9d0e37927b8e6f50dc169343e536bdaae4bfce436cb39630,lora,0.1471427025840163,,1024,0,64,64,64,1000,1.5095085770008154
concentrated,64,0.5,12,f343dc8618448c0c9d0e37927b8e6f50dc169343e536bdaae4bfce436cb39630,compressed,0.017899726267034743,,128,0,64,64,64,1000,1.5646361169638112
concentrated,64,0.5,12,f343dc8618448c0c9d0e37927b8e6f50dc169343e536bdaae4bfce436cb39630,random,0.01428561274269629,2.965460589621216e-05,128,64,64,64,64,1000,1.5811803339747712
concentrated,64,0.5,12,f343dc8618448c0c9d0e37927b8e6f50dc169343e536bdaae4bfce436cb39630,gradient,0.04059122675085668,0.0008887005969882011,128,64,64,64,64,1000,1.5808730729622766
concentrated,64,0.5,12,f343dc8618448c0c9d0e37927b8e6f50dc169343e536bdaae4bfce436cb39630,snip,0.03554106989767786,2.8480182663770393e-05,128,64,64,64,64,1000,1.5788404909544624
concentrated,64,0.5,12,f343dc8618448c0c9d0e37927b8e6f50dc169343e536bdaae4bfce436cb39630,energy,0.013851118001835265,0.9920641779899597,128,64,64,64,64,1000,1.5782722359872423
concentrated,64,0.5,12,f343dc8618448c0c9d0e37927b8e6f50dc169343e536bdaae4bfce436cb39630,snip_independent,0.0291164304444748,5.143622911418788e-05,128,32,32,64,64,1000,1.581343416008167
concentrated,64,0.5,12,f343dc8618448c0c9d0e37927b8e6f50dc169343e536bdaae4bfce436cb39630,snip_same_half,0.050570410448443515,0.011021691374480724,128,32,32,32,64,1000,1.5775366639718413
concentrated,64,0.5,13,f343dc8618448c0c9d0e37927b8e6f50dc169343e536bdaae4bfce436cb39630,lora,0.13851911856193388,,1024,0,64,64,64,1000,1.5103868099977262
concentrated,64,0.5,13,f343dc8618448c0c9d0e37927b8e6f50dc169343e536bdaae4bfce436cb39630,compressed,0.023552971553100877,,128,0,64,64,64,1000,1.5597006489988416
concentrated,64,0.5,13,f343dc8618448c0c9d0e37927b8e6f50dc169343e536bdaae4bfce436cb39630,random,0.01717326498487084,0.001959688263013959,128,64,64,64,64,1000,1.5739316890249029
concentrated,64,0.5,13,f343dc8618448c0c9d0e37927b8e6f50dc169343e536bdaae4bfce436cb39630,gradient,0.03912456298727576,0.0009577379678376019,128,64,64,64,64,1000,1.573879387055058
concentrated,64,0.5,13,f343dc8618448c0c9d0e37927b8e6f50dc169343e536bdaae4bfce436cb39630,snip,0.03847419279270447,0.0009973921114578843,128,64,64,64,64,1000,1.571028298989404
concentrated,64,0.5,13,f343dc8618448c0c9d0e37927b8e6f50dc169343e536bdaae4bfce436cb39630,energy,0.018880406949192227,0.9920641779899597,128,64,64,64,64,1000,1.5711319380206987
concentrated,64,0.5,13,f343dc8618448c0c9d0e37927b8e6f50dc169343e536bdaae4bfce436cb39630,snip_independent,0.03160756233845102,9.831025818130001e-05,128,32,32,64,64,1000,1.5736832980182953
concentrated,64,0.5,13,f343dc8618448c0c9d0e37927b8e6f50dc169343e536bdaae4bfce436cb39630,snip_same_half,0.0430014614383136,0.00012330801109783351,128,32,32,32,64,1000,1.571099162043538
concentrated,64,0.5,14,f343dc8618448c0c9d0e37927b8e6f50dc169343e536bdaae4bfce436cb39630,lora,0.1396574886648132,,1024,0,64,64,64,1000,1.5077139739878476
concentrated,64,0.5,14,f343dc8618448c0c9d0e37927b8e6f50dc169343e536bdaae4bfce436cb39630,compressed,0.023533532746724484,,128,0,64,64,64,1000,1.5648405919782817
concentrated,64,0.5,14,f343dc8618448c0c9d0e37927b8e6f50dc169343e536bdaae4bfce436cb39630,random,0.01867738374036044,2.5457071387791075e-05,128,64,64,64,64,1000,1.5862151980982162
concentrated,64,0.5,14,f343dc8618448c0c9d0e37927b8e6f50dc169343e536bdaae4bfce436cb39630,gradient,0.04450659963593065,0.02771035023033619,128,64,64,64,64,1000,1.5833490320947021
concentrated,64,0.5,14,f343dc8618448c0c9d0e37927b8e6f50dc169343e536bdaae4bfce436cb39630,snip,0.04697465364663586,5.648091246257536e-05,128,64,64,64,64,1000,1.58229894307442
concentrated,64,0.5,14,f343dc8618448c0c9d0e37927b8e6f50dc169343e536bdaae4bfce436cb39630,energy,0.01603838629185837,0.9920641779899597,128,64,64,64,64,1000,1.5814304460654967
concentrated,64,0.5,14,f343dc8618448c0c9d0e37927b8e6f50dc169343e536bdaae4bfce436cb39630,snip_independent,0.030450955102947194,3.428109994274564e-05,128,32,32,64,64,1000,1.5843854760169052
concentrated,64,0.5,14,f343dc8618448c0c9d0e37927b8e6f50dc169343e536bdaae4bfce436cb39630,snip_same_half,0.0495958753036634,5.755183883593418e-05,128,32,32,32,64,1000,1.5819732709787786
concentrated,64,0.5,15,f343dc8618448c0c9d0e37927b8e6f50dc169343e536bdaae4bfce436cb39630,lora,0.1469188894281412,,1024,0,64,64,64,1000,1.5002361920196563
concentrated,64,0.5,15,f343dc8618448c0c9d0e37927b8e6f50dc169343e536bdaae4bfce436cb39630,compressed,0.024721645080201377,,128,0,64,64,64,1000,1.5526575910043903
concentrated,64,0.5,15,f343dc8618448c0c9d0e37927b8e6f50dc169343e536bdaae4bfce436cb39630,random,0.019175903149419502,0.00010257493704557419,128,64,64,64,64,1000,1.578319163993001
concentrated,64,0.5,15,f343dc8618448c0c9d0e37927b8e6f50dc169343e536bdaae4bfce436cb39630,gradient,0.04351905860159146,5.301220517139882e-05,128,64,64,64,64,1000,1.5816554710036144
concentrated,64,0.5,15,f343dc8618448c0c9d0e37927b8e6f50dc169343e536bdaae4bfce436cb39630,snip,0.04370888734639247,1.178680486191297e-05,128,64,64,64,64,1000,1.5805474859662354
concentrated,64,0.5,15,f343dc8618448c0c9d0e37927b8e6f50dc169343e536bdaae4bfce436cb39630,energy,0.015032020539324394,0.9920641779899597,128,64,64,64,64,1000,1.5786843889509328
concentrated,64,0.5,15,f343dc8618448c0c9d0e37927b8e6f50dc169343e536bdaae4bfce436cb39630,snip_independent,0.027435493135084178,4.466927930479869e-05,128,32,32,64,64,1000,1.581848828063812
concentrated,64,0.5,15,f343dc8618448c0c9d0e37927b8e6f50dc169343e536bdaae4bfce436cb39630,snip_same_half,0.04612226252601136,0.00010088374256156385,128,32,32,32,64,1000,1.571756693010684
concentrated,64,0.5,16,f343dc8618448c0c9d0e37927b8e6f50dc169343e536bdaae4bfce436cb39630,lora,0.1613230550893265,,1024,0,64,64,64,1000,1.5048053929931484
concentrated,64,0.5,16,f343dc8618448c0c9d0e37927b8e6f50dc169343e536bdaae4bfce436cb39630,compressed,0.02151438859222997,,128,0,64,64,64,1000,1.5622439900180325
concentrated,64,0.5,16,f343dc8618448c0c9d0e37927b8e6f50dc169343e536bdaae4bfce436cb39630,random,0.01900961201009259,0.0010921164648607373,128,64,64,64,64,1000,1.5818637550109997
concentrated,64,0.5,16,f343dc8618448c0c9d0e37927b8e6f50dc169343e536bdaae4bfce436cb39630,gradient,0.0454570046122552,0.4360749125480652,128,64,64,64,64,1000,1.580768359999638
concentrated,64,0.5,16,f343dc8618448c0c9d0e37927b8e6f50dc169343e536bdaae4bfce436cb39630,snip,0.044373656555626875,0.006224374286830425,128,64,64,64,64,1000,1.5809056039433926
concentrated,64,0.5,16,f343dc8618448c0c9d0e37927b8e6f50dc169343e536bdaae4bfce436cb39630,energy,0.016506606569878107,0.9920641779899597,128,64,64,64,64,1000,1.5794406419736333
concentrated,64,0.5,16,f343dc8618448c0c9d0e37927b8e6f50dc169343e536bdaae4bfce436cb39630,snip_independent,0.029994637546861894,0.06386496871709824,128,32,32,64,64,1000,1.5829608850181103
concentrated,64,0.5,16,f343dc8618448c0c9d0e37927b8e6f50dc169343e536bdaae4bfce436cb39630,snip_same_half,0.05655664085816174,1.715376492938958e-05,128,32,32,32,64,1000,1.5805308689596131
concentrated,64,0.5,17,f343dc8618448c0c9d0e37927b8e6f50dc169343e536bdaae4bfce436cb39630,lora,0.14491307221909516,,1024,0,64,64,64,1000,1.5008974749944173
concentrated,64,0.5,17,f343dc8618448c0c9d0e37927b8e6f50dc169343e536bdaae4bfce436cb39630,compressed,0.023000458360974224,,128,0,64,64,64,1000,1.553841636981815
concentrated,64,0.5,17,f343dc8618448c0c9d0e37927b8e6f50dc169343e536bdaae4bfce436cb39630,random,0.018331432123718402,0.02496221847832203,128,64,64,64,64,1000,1.5729540989850648
concentrated,64,0.5,17,f343dc8618448c0c9d0e37927b8e6f50dc169343e536bdaae4bfce436cb39630,gradient,0.03813988248776262,0.019123870879411697,128,64,64,64,64,1000,1.5729764710413292
concentrated,64,0.5,17,f343dc8618448c0c9d0e37927b8e6f50dc169343e536bdaae4bfce436cb39630,snip,0.0363597587624431,4.382891711429693e-05,128,64,64,64,64,1000,1.5704736210172996
concentrated,64,0.5,17,f343dc8618448c0c9d0e37927b8e6f50dc169343e536bdaae4bfce436cb39630,energy,0.015113151033346348,0.9920641779899597,128,64,64,64,64,1000,1.5709973699995317
concentrated,64,0.5,17,f343dc8618448c0c9d0e37927b8e6f50dc169343e536bdaae4bfce436cb39630,snip_independent,0.027952908271243908,0.019130591303110123,128,32,32,64,64,1000,1.5715037449845113
concentrated,64,0.5,17,f343dc8618448c0c9d0e37927b8e6f50dc169343e536bdaae4bfce436cb39630,snip_same_half,0.045408225943541033,4.236610038788058e-05,128,32,32,32,64,1000,1.573330899933353
concentrated,64,0.5,18,f343dc8618448c0c9d0e37927b8e6f50dc169343e536bdaae4bfce436cb39630,lora,0.15246570530941525,,1024,0,64,64,64,1000,1.5116223779623397
concentrated,64,0.5,18,f343dc8618448c0c9d0e37927b8e6f50dc169343e536bdaae4bfce436cb39630,compressed,0.025986452001592317,,128,0,64,64,64,1000,1.5704096260014921
concentrated,64,0.5,18,f343dc8618448c0c9d0e37927b8e6f50dc169343e536bdaae4bfce436cb39630,random,0.018269221915628027,7.858117169234902e-05,128,64,64,64,64,1000,1.5865085230325349
concentrated,64,0.5,18,f343dc8618448c0c9d0e37927b8e6f50dc169343e536bdaae4bfce436cb39630,gradient,0.04841969214141004,3.9232498238561675e-05,128,64,64,64,64,1000,1.5857201750040986
concentrated,64,0.5,18,f343dc8618448c0c9d0e37927b8e6f50dc169343e536bdaae4bfce436cb39630,snip,0.04859335060509449,4.4986692955717444e-05,128,64,64,64,64,1000,1.5837271380005404
concentrated,64,0.5,18,f343dc8618448c0c9d0e37927b8e6f50dc169343e536bdaae4bfce436cb39630,energy,0.0178002727831669,0.9920641779899597,128,64,64,64,64,1000,1.5842728409916162
concentrated,64,0.5,18,f343dc8618448c0c9d0e37927b8e6f50dc169343e536bdaae4bfce436cb39630,snip_independent,0.03257318448124361,2.1926089175394736e-05,128,32,32,64,64,1000,1.5866884490242228
concentrated,64,0.5,18,f343dc8618448c0c9d0e37927b8e6f50dc169343e536bdaae4bfce436cb39630,snip_same_half,0.051474398720823655,0.002262729685753584,128,32,32,32,64,1000,1.5816745820338838
concentrated,64,0.5,19,f343dc8618448c0c9d0e37927b8e6f50dc169343e536bdaae4bfce436cb39630,lora,0.14066044051886725,,1024,0,64,64,64,1000,1.5025291529600509
concentrated,64,0.5,19,f343dc8618448c0c9d0e37927b8e6f50dc169343e536bdaae4bfce436cb39630,compressed,0.02898663639721479,,128,0,64,64,64,1000,1.5594459929852746
concentrated,64,0.5,19,f343dc8618448c0c9d0e37927b8e6f50dc169343e536bdaae4bfce436cb39630,random,0.020076944873025207,0.00011035759234800935,128,64,64,64,64,1000,1.5796784639824182
concentrated,64,0.5,19,f343dc8618448c0c9d0e37927b8e6f50dc169343e536bdaae4bfce436cb39630,gradient,0.044827413985557694,0.01917889341711998,128,64,64,64,64,1000,1.5803587319678627
concentrated,64,0.5,19,f343dc8618448c0c9d0e37927b8e6f50dc169343e536bdaae4bfce436cb39630,snip,0.042780697033601794,0.026384633034467697,128,64,64,64,64,1000,1.5786340889753774
concentrated,64,0.5,19,f343dc8618448c0c9d0e37927b8e6f50dc169343e536bdaae4bfce436cb39630,energy,0.013811394225816596,0.9920641779899597,128,64,64,64,64,1000,1.5792295419960283
concentrated,64,0.5,19,f343dc8618448c0c9d0e37927b8e6f50dc169343e536bdaae4bfce436cb39630,snip_independent,0.031020193085663214,2.3515769498771988e-05,128,32,32,64,64,1000,1.5819534379988909
concentrated,64,0.5,19,f343dc8618448c0c9d0e37927b8e6f50dc169343e536bdaae4bfce436cb39630,snip_same_half,0.049815516763961634,6.119783211033791e-05,128,32,32,32,64,1000,1.580207885010168
concentrated,64,1.0,0,f343dc8618448c0c9d0e37927b8e6f50dc169343e536bdaae4bfce436cb39630,lora,0.22896302980797656,,1024,0,64,64,64,1000,1.5117885650251992
concentrated,64,1.0,0,f343dc8618448c0c9d0e37927b8e6f50dc169343e536bdaae4bfce436cb39630,compressed,0.03789709367044922,,128,0,64,64,64,1000,1.5672142900293693
concentrated,64,1.0,0,f343dc8618448c0c9d0e37927b8e6f50dc169343e536bdaae4bfce436cb39630,random,0.026208150799622562,6.86513667460531e-05,128,64,64,64,64,1000,1.5847998729441315
concentrated,64,1.0,0,f343dc8618448c0c9d0e37927b8e6f50dc169343e536bdaae4bfce436cb39630,gradient,0.08117549401540497,0.0003929169906768948,128,64,64,64,64,1000,1.5834199699456804
concentrated,64,1.0,0,f343dc8618448c0c9d0e37927b8e6f50dc169343e536bdaae4bfce436cb39630,snip,0.07498639889254481,0.003580572549253702,128,64,64,64,64,1000,1.58284837793326
concentrated,64,1.0,0,f343dc8618448c0c9d0e37927b8e6f50dc169343e536bdaae4bfce436cb39630,energy,0.02730817031529685,0.9920641779899597,128,64,64,64,64,1000,1.5818385639577173
concentrated,64,1.0,0,f343dc8618448c0c9d0e37927b8e6f50dc169343e536bdaae4bfce436cb39630,snip_independent,0.03609209778874969,0.003232803428545594,128,32,32,64,64,1000,1.583727004006505
concentrated,64,1.0,0,f343dc8618448c0c9d0e37927b8e6f50dc169343e536bdaae4bfce436cb39630,snip_same_half,0.07902201086834623,4.302305023884401e-05,128,32,32,32,64,1000,1.5824389799963683
concentrated,64,1.0,1,f343dc8618448c0c9d0e37927b8e6f50dc169343e536bdaae4bfce436cb39630,lora,0.2002483527812869,,1024,0,64,64,64,1000,1.501559887023177
concentrated,64,1.0,1,f343dc8618448c0c9d0e37927b8e6f50dc169343e536bdaae4bfce436cb39630,compressed,0.040118724098084854,,128,0,64,64,64,1000,1.5549224639544263
concentrated,64,1.0,1,f343dc8618448c0c9d0e37927b8e6f50dc169343e536bdaae4bfce436cb39630,random,0.02974727749353529,5.459404565044679e-05,128,64,64,64,64,1000,1.5748693220084533
concentrated,64,1.0,1,f343dc8618448c0c9d0e37927b8e6f50dc169343e536bdaae4bfce436cb39630,gradient,0.08805171805067519,5.5211145081557333e-05,128,64,64,64,64,1000,1.575118367036339
concentrated,64,1.0,1,f343dc8618448c0c9d0e37927b8e6f50dc169343e536bdaae4bfce436cb39630,snip,0.08137748310279724,0.00012925708142574877,128,64,64,64,64,1000,1.572763151023537
concentrated,64,1.0,1,f343dc8618448c0c9d0e37927b8e6f50dc169343e536bdaae4bfce436cb39630,energy,0.026246562753468053,0.9920641779899597,128,64,64,64,64,1000,1.5730916680768132
concentrated,64,1.0,1,f343dc8618448c0c9d0e37927b8e6f50dc169343e536bdaae4bfce436cb39630,snip_independent,0.04734003336349309,0.0032693545799702406,128,32,32,64,64,1000,1.5743415949400514
concentrated,64,1.0,1,f343dc8618448c0c9d0e37927b8e6f50dc169343e536bdaae4bfce436cb39630,snip_same_half,0.08592136896360891,0.00013443161151371896,128,32,32,32,64,1000,1.5728884299751371
concentrated,64,1.0,2,f343dc8618448c0c9d0e37927b8e6f50dc169343e536bdaae4bfce436cb39630,lora,0.23475350858542585,,1024,0,64,64,64,1000,1.5127245780313388
concentrated,64,1.0,2,f343dc8618448c0c9d0e37927b8e6f50dc169343e536bdaae4bfce436cb39630,compressed,0.038122114303420364,,128,0,64,64,64,1000,1.570076076022815
concentrated,64,1.0,2,f343dc8618448c0c9d0e37927b8e6f50dc169343e536bdaae4bfce436cb39630,random,0.02883761837385763,0.0005540299462154508,128,64,64,64,64,1000,1.585665437974967
concentrated,64,1.0,2,f343dc8618448c0c9d0e37927b8e6f50dc169343e536bdaae4bfce436cb39630,gradient,0.07596096396293842,4.118184369872324e-05,128,64,64,64,64,1000,1.5842835599905811
concentrated,64,1.0,2,f343dc8618448c0c9d0e37927b8e6f50dc169343e536bdaae4bfce436cb39630,snip,0.07110129598825544,0.01913737691938877,128,64,64,64,64,1000,1.5823050500475802
concentrated,64,1.0,2,f343dc8618448c0c9d0e37927b8e6f50dc169343e536bdaae4bfce436cb39630,energy,0.024136105523032594,0.9920641779899597,128,64,64,64,64,1000,1.582468267006334
concentrated,64,1.0,2,f343dc8618448c0c9d0e37927b8e6f50dc169343e536bdaae4bfce436cb39630,snip_independent,0.047555783196036774,0.001582663506269455,128,32,32,64,64,1000,1.582830883038696
concentrated,64,1.0,2,f343dc8618448c0c9d0e37927b8e6f50dc169343e536bdaae4bfce436cb39630,snip_same_half,0.07711973633053375,0.019258446991443634,128,32,32,32,64,1000,1.5816497880150564
concentrated,64,1.0,3,f343dc8618448c0c9d0e37927b8e6f50dc169343e536bdaae4bfce436cb39630,lora,0.21681464649744855,,1024,0,64,64,64,1000,1.501006417965982
concentrated,64,1.0,3,f343dc8618448c0c9d0e37927b8e6f50dc169343e536bdaae4bfce436cb39630,compressed,0.03827693328134566,,128,0,64,64,64,1000,1.5542324429843575
concentrated,64,1.0,3,f343dc8618448c0c9d0e37927b8e6f50dc169343e536bdaae4bfce436cb39630,random,0.029083499191465283,6.188894622027874e-05,128,64,64,64,64,1000,1.5721648180042394
concentrated,64,1.0,3,f343dc8618448c0c9d0e37927b8e6f50dc169343e536bdaae4bfce436cb39630,gradient,0.0783885174287576,0.019126787781715393,128,64,64,64,64,1000,1.571770760929212
concentrated,64,1.0,3,f343dc8618448c0c9d0e37927b8e6f50dc169343e536bdaae4bfce436cb39630,snip,0.07767497154145024,8.110367343761027e-05,128,64,64,64,64,1000,1.5718620250117965
concentrated,64,1.0,3,f343dc8618448c0c9d0e37927b8e6f50dc169343e536bdaae4bfce436cb39630,energy,0.02951377853060544,0.9920641779899597,128,64,64,64,64,1000,1.572663356026169
concentrated,64,1.0,3,f343dc8618448c0c9d0e37927b8e6f50dc169343e536bdaae4bfce436cb39630,snip_independent,0.04594362848449429,4.717086994787678e-05,128,32,32,64,64,1000,1.5734667280339636
concentrated,64,1.0,3,f343dc8618448c0c9d0e37927b8e6f50dc169343e536bdaae4bfce436cb39630,snip_same_half,0.08603174789240538,2.05324813578045e-05,128,32,32,32,64,1000,1.5719502280117013
concentrated,64,1.0,4,f343dc8618448c0c9d0e37927b8e6f50dc169343e536bdaae4bfce436cb39630,lora,0.2765179900103586,,1024,0,64,64,64,1000,1.5138342800200917
concentrated,64,1.0,4,f343dc8618448c0c9d0e37927b8e6f50dc169343e536bdaae4bfce436cb39630,compressed,0.038423793112149454,,128,0,64,64,64,1000,1.5664436559891328
concentrated,64,1.0,4,f343dc8618448c0c9d0e37927b8e6f50dc169343e536bdaae4bfce436cb39630,random,0.029813051212570937,5.043023338657804e-05,128,64,64,64,64,1000,1.5815766700543463
concentrated,64,1.0,4,f343dc8618448c0c9d0e37927b8e6f50dc169343e536bdaae4bfce436cb39630,gradient,0.0817053632329462,3.815788295469247e-05,128,64,64,64,64,1000,1.5800425720517524
concentrated,64,1.0,4,f343dc8618448c0c9d0e37927b8e6f50dc169343e536bdaae4bfce436cb39630,snip,0.07727278188878567,1.6654223145451397e-05,128,64,64,64,64,1000,1.578399520018138
concentrated,64,1.0,4,f343dc8618448c0c9d0e37927b8e6f50dc169343e536bdaae4bfce436cb39630,energy,0.02687233370438836,0.9920641779899597,128,64,64,64,64,1000,1.5788293450023048
concentrated,64,1.0,4,f343dc8618448c0c9d0e37927b8e6f50dc169343e536bdaae4bfce436cb39630,snip_independent,0.048641908929274384,8.375332254217938e-05,128,32,32,64,64,1000,1.5827897679409944
concentrated,64,1.0,4,f343dc8618448c0c9d0e37927b8e6f50dc169343e536bdaae4bfce436cb39630,snip_same_half,0.08469620819600851,0.008794956840574741,128,32,32,32,64,1000,1.5792870239238255
concentrated,64,1.0,5,f343dc8618448c0c9d0e37927b8e6f50dc169343e536bdaae4bfce436cb39630,lora,0.210179368879096,,1024,0,64,64,64,1000,1.504786147037521
concentrated,64,1.0,5,f343dc8618448c0c9d0e37927b8e6f50dc169343e536bdaae4bfce436cb39630,compressed,0.03050149961986179,,128,0,64,64,64,1000,1.5575935800443403
concentrated,64,1.0,5,f343dc8618448c0c9d0e37927b8e6f50dc169343e536bdaae4bfce436cb39630,random,0.030758384486174004,7.635839574504644e-05,128,64,64,64,64,1000,1.5738261729711667
concentrated,64,1.0,5,f343dc8618448c0c9d0e37927b8e6f50dc169343e536bdaae4bfce436cb39630,gradient,0.08093483444072543,0.0001067404737113975,128,64,64,64,64,1000,1.574306341004558
concentrated,64,1.0,5,f343dc8618448c0c9d0e37927b8e6f50dc169343e536bdaae4bfce436cb39630,snip,0.07058661830514451,0.01111648790538311,128,64,64,64,64,1000,1.5731317889876664
concentrated,64,1.0,5,f343dc8618448c0c9d0e37927b8e6f50dc169343e536bdaae4bfce436cb39630,energy,0.026442514070582974,0.9920641779899597,128,64,64,64,64,1000,1.5720319269457832
concentrated,64,1.0,5,f343dc8618448c0c9d0e37927b8e6f50dc169343e536bdaae4bfce436cb39630,snip_independent,0.04928010592953063,8.577023254474625e-05,128,32,32,64,64,1000,1.5744029749766923
concentrated,64,1.0,5,f343dc8618448c0c9d0e37927b8e6f50dc169343e536bdaae4bfce436cb39630,snip_same_half,0.07506964918431404,0.00011693719716276973,128,32,32,32,64,1000,1.5739388720248826
concentrated,64,1.0,6,f343dc8618448c0c9d0e37927b8e6f50dc169343e536bdaae4bfce436cb39630,lora,0.20080121974577103,,1024,0,64,64,64,1000,1.5097663740161806
concentrated,64,1.0,6,f343dc8618448c0c9d0e37927b8e6f50dc169343e536bdaae4bfce436cb39630,compressed,0.03686877796918844,,128,0,64,64,64,1000,1.5668212519958615
concentrated,64,1.0,6,f343dc8618448c0c9d0e37927b8e6f50dc169343e536bdaae4bfce436cb39630,random,0.027685144654314903,3.308058876427822e-05,128,64,64,64,64,1000,1.5825224739965051
concentrated,64,1.0,6,f343dc8618448c0c9d0e37927b8e6f50dc169343e536bdaae4bfce436cb39630,gradient,0.08588670556307686,2.4489709176123142e-05,128,64,64,64,64,1000,1.5814294280135073
concentrated,64,1.0,6,f343dc8618448c0c9d0e37927b8e6f50dc169343e536bdaae4bfce436cb39630,snip,0.07487845491193469,0.0015843912260606885,128,64,64,64,64,1000,1.578782713972032
concentrated,64,1.0,6,f343dc8618448c0c9d0e37927b8e6f50dc169343e536bdaae4bfce436cb39630,energy,0.027120971156736177,0.9920641779899597,128,64,64,64,64,1000,1.5801289079827257
concentrated,64,1.0,6,f343dc8618448c0c9d0e37927b8e6f50dc169343e536bdaae4bfce436cb39630,snip_independent,0.044663854189533725,5.7007473515113816e-05,128,32,32,64,64,1000,1.5789667529752478
concentrated,64,1.0,6,f343dc8618448c0c9d0e37927b8e6f50dc169343e536bdaae4bfce436cb39630,snip_same_half,0.08382322821305149,2.000398308155127e-05,128,32,32,32,64,1000,1.581161847047042
concentrated,64,1.0,7,f343dc8618448c0c9d0e37927b8e6f50dc169343e536bdaae4bfce436cb39630,lora,0.2097273493450066,,1024,0,64,64,64,1000,1.5014836229966022
concentrated,64,1.0,7,f343dc8618448c0c9d0e37927b8e6f50dc169343e536bdaae4bfce436cb39630,compressed,0.042737535510646095,,128,0,64,64,64,1000,1.5538218050496653
concentrated,64,1.0,7,f343dc8618448c0c9d0e37927b8e6f50dc169343e536bdaae4bfce436cb39630,random,0.031118779191177212,5.749697447754443e-05,128,64,64,64,64,1000,1.57072593603516
concentrated,64,1.0,7,f343dc8618448c0c9d0e37927b8e6f50dc169343e536bdaae4bfce436cb39630,gradient,0.07842062795195219,6.826061871834099e-05,128,64,64,64,64,1000,1.5750835460494272
concentrated,64,1.0,7,f343dc8618448c0c9d0e37927b8e6f50dc169343e536bdaae4bfce436cb39630,snip,0.07660949624094472,4.1223880543839186e-05,128,64,64,64,64,1000,1.578458252013661
concentrated,64,1.0,7,f343dc8618448c0c9d0e37927b8e6f50dc169343e536bdaae4bfce436cb39630,energy,0.02706028089847675,0.9920641779899597,128,64,64,64,64,1000,1.5759288480039686
concentrated,64,1.0,7,f343dc8618448c0c9d0e37927b8e6f50dc169343e536bdaae4bfce436cb39630,snip_independent,0.049702034718633006,5.007051004213281e-05,128,32,32,64,64,1000,1.5775698029319756
concentrated,64,1.0,7,f343dc8618448c0c9d0e37927b8e6f50dc169343e536bdaae4bfce436cb39630,snip_same_half,0.07946678482501018,0.05765872821211815,128,32,32,32,64,1000,1.5784417300019413
concentrated,64,1.0,8,f343dc8618448c0c9d0e37927b8e6f50dc169343e536bdaae4bfce436cb39630,lora,0.214683220686749,,1024,0,64,64,64,1000,1.5103267439990304
concentrated,64,1.0,8,f343dc8618448c0c9d0e37927b8e6f50dc169343e536bdaae4bfce436cb39630,compressed,0.04058903934213555,,128,0,64,64,64,1000,1.5656042650225572
concentrated,64,1.0,8,f343dc8618448c0c9d0e37927b8e6f50dc169343e536bdaae4bfce436cb39630,random,0.02819530125241467,0.018489105626940727,128,64,64,64,64,1000,1.5819373960839584
concentrated,64,1.0,8,f343dc8618448c0c9d0e37927b8e6f50dc169343e536bdaae4bfce436cb39630,gradient,0.08857205619115868,0.0009160697809420526,128,64,64,64,64,1000,1.5794850420206785
concentrated,64,1.0,8,f343dc8618448c0c9d0e37927b8e6f50dc169343e536bdaae4bfce436cb39630,snip,0.08794755196178541,0.0009868305642157793,128,64,64,64,64,1000,1.5789073700434528
concentrated,64,1.0,8,f343dc8618448c0c9d0e37927b8e6f50dc169343e536bdaae4bfce436cb39630,energy,0.03042962069509009,0.9920641779899597,128,64,64,64,64,1000,1.5792040050728247
concentrated,64,1.0,8,f343dc8618448c0c9d0e37927b8e6f50dc169343e536bdaae4bfce436cb39630,snip_independent,0.05160709506898274,9.822965512285009e-05,128,32,32,64,64,1000,1.5808303989470005
concentrated,64,1.0,8,f343dc8618448c0c9d0e37927b8e6f50dc169343e536bdaae4bfce436cb39630,snip_same_half,0.08169207134284848,6.370138726197183e-05,128,32,32,32,64,1000,1.5798968670424074
concentrated,64,1.0,9,f343dc8618448c0c9d0e37927b8e6f50dc169343e536bdaae4bfce436cb39630,lora,0.22157300630344928,,1024,0,64,64,64,1000,1.5122256850008853
concentrated,64,1.0,9,f343dc8618448c0c9d0e37927b8e6f50dc169343e536bdaae4bfce436cb39630,compressed,0.03685372527992236,,128,0,64,64,64,1000,1.5616684510023333
concentrated,64,1.0,9,f343dc8618448c0c9d0e37927b8e6f50dc169343e536bdaae4bfce436cb39630,random,0.028961546138339705,0.003082582727074623,128,64,64,64,64,1000,1.5747720510698855
concentrated,64,1.0,9,f343dc8618448c0c9d0e37927b8e6f50dc169343e536bdaae4bfce436cb39630,gradient,0.08441612107154346,4.384763087728061e-05,128,64,64,64,64,1000,1.5801023810636252
concentrated,64,1.0,9,f343dc8618448c0c9d0e37927b8e6f50dc169343e536bdaae4bfce436cb39630,snip,0.07553237818813971,0.0016897168243303895,128,64,64,64,64,1000,1.5786854640464298
concentrated,64,1.0,9,f343dc8618448c0c9d0e37927b8e6f50dc169343e536bdaae4bfce436cb39630,energy,0.02425810991183801,0.9920641779899597,128,64,64,64,64,1000,1.5784260700456798
concentrated,64,1.0,9,f343dc8618448c0c9d0e37927b8e6f50dc169343e536bdaae4bfce436cb39630,snip_independent,0.04288927611722711,4.3172600271645933e-05,128,32,32,64,64,1000,1.5808277289615944
concentrated,64,1.0,9,f343dc8618448c0c9d0e37927b8e6f50dc169343e536bdaae4bfce436cb39630,snip_same_half,0.0820511625796786,1.0206247679889202e-05,128,32,32,32,64,1000,1.5814646920189261
concentrated,64,1.0,10,f343dc8618448c0c9d0e37927b8e6f50dc169343e536bdaae4bfce436cb39630,lora,0.2459052682306208,,1024,0,64,64,64,1000,1.5094387339777313
concentrated,64,1.0,10,f343dc8618448c0c9d0e37927b8e6f50dc169343e536bdaae4bfce436cb39630,compressed,0.03933311797232671,,128,0,64,64,64,1000,1.5632361899479292
concentrated,64,1.0,10,f343dc8618448c0c9d0e37927b8e6f50dc169343e536bdaae4bfce436cb39630,random,0.0318277590793173,0.0016264530131593347,128,64,64,64,64,1000,1.5816168679739349
concentrated,64,1.0,10,f343dc8618448c0c9d0e37927b8e6f50dc169343e536bdaae4bfce436cb39630,gradient,0.08115719818971742,6.491897511295974e-05,128,64,64,64,64,1000,1.5808052239590324
concentrated,64,1.0,10,f343dc8618448c0c9d0e37927b8e6f50dc169343e536bdaae4bfce436cb39630,snip,0.07756253732856082,3.1504430808126926e-05,128,64,64,64,64,1000,1.5789290809771046
concentrated,64,1.0,10,f343dc8618448c0c9d0e37927b8e6f50dc169343e536bdaae4bfce436cb39630,energy,0.03006903021914667,0.9920641779899597,128,64,64,64,64,1000,1.5792103129206225
concentrated,64,1.0,10,f343dc8618448c0c9d0e37927b8e6f50dc169343e536bdaae4bfce436cb39630,snip_independent,0.04451675369236079,0.008016272448003292,128,32,32,64,64,1000,1.5818984979996458
concentrated,64,1.0,10,f343dc8618448c0c9d0e37927b8e6f50dc169343e536bdaae4bfce436cb39630,snip_same_half,0.0827457082025503,0.0008678967133164406,128,32,32,32,64,1000,1.5799261099891737
concentrated,64,1.0,11,f343dc8618448c0c9d0e37927b8e6f50dc169343e536bdaae4bfce436cb39630,lora,0.19947057786898098,,1024,0,64,64,64,1000,1.510725958039984
concentrated,64,1.0,11,f343dc8618448c0c9d0e37927b8e6f50dc169343e536bdaae4bfce436cb39630,compressed,0.0361024494289863,,128,0,64,64,64,1000,1.5642367050168104
concentrated,64,1.0,11,f343dc8618448c0c9d0e37927b8e6f50dc169343e536bdaae4bfce436cb39630,random,0.02547763618689254,7.151933095883578e-05,128,64,64,64,64,1000,1.5817435780190863
concentrated,64,1.0,11,f343dc8618448c0c9d0e37927b8e6f50dc169343e536bdaae4bfce436cb39630,gradient,0.07961030779825586,0.0008415402844548225,128,64,64,64,64,1000,1.5824111500405706
concentrated,64,1.0,11,f343dc8618448c0c9d0e37927b8e6f50dc169343e536bdaae4bfce436cb39630,snip,0.06907049439900521,2.48194373853039e-05,128,64,64,64,64,1000,1.5807302320026793
concentrated,64,1.0,11,f343dc8618448c0c9d0e37927b8e6f50dc169343e536bdaae4bfce436cb39630,energy,0.024301301604209923,0.9920641779899597,128,64,64,64,64,1000,1.5814469790202565
concentrated,64,1.0,11,f343dc8618448c0c9d0e37927b8e6f50dc169343e536bdaae4bfce436cb39630,snip_independent,0.03848326979423497,0.006752661895006895,128,32,32,64,64,1000,1.5829321520286612
concentrated,64,1.0,11,f343dc8618448c0c9d0e37927b8e6f50dc169343e536bdaae4bfce436cb39630,snip_same_half,0.08791364820932059,0.000895948673132807,128,32,32,32,64,1000,1.5829397600027733
concentrated,64,1.0,12,f343dc8618448c0c9d0e37927b8e6f50dc169343e536bdaae4bfce436cb39630,lora,0.20488984154692647,,1024,0,64,64,64,1000,1.5059335879632272
concentrated,64,1.0,12,f343dc8618448c0c9d0e37927b8e6f50dc169343e536bdaae4bfce436cb39630,compressed,0.03262738304203045,,128,0,64,64,64,1000,1.5603753989562392
concentrated,64,1.0,12,f343dc8618448c0c9d0e37927b8e6f50dc169343e536bdaae4bfce436cb39630,random,0.025893458846794733,2.965460589621216e-05,128,64,64,64,64,1000,1.580507345031947
concentrated,64,1.0,12,f343dc8618448c0c9d0e37927b8e6f50dc169343e536bdaae4bfce436cb39630,gradient,0.07715172605006947,0.000891863543074578,128,64,64,64,64,1000,1.5841488509904593
concentrated,64,1.0,12,f343dc8618448c0c9d0e37927b8e6f50dc169343e536bdaae4bfce436cb39630,snip,0.06840934524322972,0.00082329788710922,128,64,64,64,64,1000,1.5795498130028136
concentrated,64,1.0,12,f343dc8618448c0c9d0e37927b8e6f50dc169343e536bdaae4bfce436cb39630,energy,0.024524825781355706,0.9920641779899597,128,64,64,64,64,1000,1.5807991990004666
concentrated,64,1.0,12,f343dc8618448c0c9d0e37927b8e6f50dc169343e536bdaae4bfce436cb39630,snip_independent,0.044165469299889924,5.187984061194584e-05,128,32,32,64,64,1000,1.5827668849378824
concentrated,64,1.0,12,f343dc8618448c0c9d0e37927b8e6f50dc169343e536bdaae4bfce436cb39630,snip_same_half,0.08798057499338269,0.011021783575415611,128,32,32,32,64,1000,1.5804740369785577
concentrated,64,1.0,13,f343dc8618448c0c9d0e37927b8e6f50dc169343e536bdaae4bfce436cb39630,lora,0.20129548020085355,,1024,0,64,64,64,1000,1.5083720500115305
concentrated,64,1.0,13,f343dc8618448c0c9d0e37927b8e6f50dc169343e536bdaae4bfce436cb39630,compressed,0.04055485296866822,,128,0,64,64,64,1000,1.56253795302473
concentrated,64,1.0,13,f343dc8618448c0c9d0e37927b8e6f50dc169343e536bdaae4bfce436cb39630,random,0.02916408068930755,0.001959688263013959,128,64,64,64,64,1000,1.581210981006734
concentrated,64,1.0,13,f343dc8618448c0c9d0e37927b8e6f50dc169343e536bdaae4bfce436cb39630,gradient,0.08236011799780216,0.0009404331212863326,128,64,64,64,64,1000,1.5859431650023907
concentrated,64,1.0,13,f343dc8618448c0c9d0e37927b8e6f50dc169343e536bdaae4bfce436cb39630,snip,0.07635108484026848,0.0017930360045284033,128,64,64,64,64,1000,1.5815496330033056
concentrated,64,1.0,13,f343dc8618448c0c9d0e37927b8e6f50dc169343e536bdaae4bfce436cb39630,energy,0.03342325452458068,0.9920641779899597,128,64,64,64,64,1000,1.582108133006841
concentrated,64,1.0,13,f343dc8618448c0c9d0e37927b8e6f50dc169343e536bdaae4bfce436cb39630,snip_independent,0.04704201724073505,8.923753921408206e-05,128,32,32,64,64,1000,1.5814401300158352
concentrated,64,1.0,13,f343dc8618448c0c9d0e37927b8e6f50dc169343e536bdaae4bfce436cb39630,snip_same_half,0.0740556347507445,0.007975741289556026,128,32,32,32,64,1000,1.577263607934583
concentrated,64,1.0,14,f343dc8618448c0c9d0e37927b8e6f50dc169343e536bdaae4bfce436cb39630,lora,0.20876910884098676,,1024,0,64,64,64,1000,1.5066298650344834
concentrated,64,1.0,14,f343dc8618448c0c9d0e37927b8e6f50dc169343e536bdaae4bfce436cb39630,compressed,0.037682047110311825,,128,0,64,64,64,1000,1.5644759139977396
concentrated,64,1.0,14,f343dc8618448c0c9d0e37927b8e6f50dc169343e536bdaae4bfce436cb39630,random,0.02885025814793843,2.5457071387791075e-05,128,64,64,64,64,1000,1.5816999950329773
concentrated,64,1.0,14,f343dc8618448c0c9d0e37927b8e6f50dc169343e536bdaae4bfce436cb39630,gradient,0.08162176975418722,5.900122050661594e-05,128,64,64,64,64,1000,1.5821340670227073
concentrated,64,1.0,14,f343dc8618448c0c9d0e37927b8e6f50dc169343e536bdaae4bfce436cb39630,snip,0.08398352061600126,5.7660556194605306e-05,128,64,64,64,64,1000,1.5787906410405412
concentrated,64,1.0,14,f343dc8618448c0c9d0e37927b8e6f50dc169343e536bdaae4bfce436cb39630,energy,0.02538077801508381,0.9920641779899597,128,64,64,64,64,1000,1.5790442409925163
concentrated,64,1.0,14,f343dc8618448c0c9d0e37927b8e6f50dc169343e536bdaae4bfce436cb39630,snip_independent,0.04044421687450804,3.606287282309495e-05,128,32,32,64,64,1000,1.5805845650029369
concentrated,64,1.0,14,f343dc8618448c0c9d0e37927b8e6f50dc169343e536bdaae4bfce436cb39630,snip_same_half,0.08462521335755438,6.132869748398662e-05,128,32,32,32,64,1000,1.5806431060191244
concentrated,64,1.0,15,f343dc8618448c0c9d0e37927b8e6f50dc169343e536bdaae4bfce436cb39630,lora,0.21325880648665185,,1024,0,64,64,64,1000,1.5020983609720133
concentrated,64,1.0,15,f343dc8618448c0c9d0e37927b8e6f50dc169343e536bdaae4bfce436cb39630,compressed,0.03871371936407113,,128,0,64,64,64,1000,1.5566336779738776
concentrated,64,1.0,15,f343dc8618448c0c9d0e37927b8e6f50dc169343e536bdaae4bfce436cb39630,random,0.030218559336690265,0.00010257493704557419,128,64,64,64,64,1000,1.5783966070157476
concentrated,64,1.0,15,f343dc8618448c0c9d0e37927b8e6f50dc169343e536bdaae4bfce436cb39630,gradient,0.07960095639010009,5.540480196941644e-05,128,64,64,64,64,1000,1.5807681020232849
concentrated,64,1.0,15,f343dc8618448c0c9d0e37927b8e6f50dc169343e536bdaae4bfce436cb39630,snip,0.07916804816309256,1.1703112249961123e-05,128,64,64,64,64,1000,1.5783377730404027
concentrated,64,1.0,15,f343dc8618448c0c9d0e37927b8e6f50dc169343e536bdaae4bfce436cb39630,energy,0.024645851815892746,0.9920641779899597,128,64,64,64,64,1000,1.57557096198434
concentrated,64,1.0,15,f343dc8618448c0c9d0e37927b8e6f50dc169343e536bdaae4bfce436cb39630,snip_independent,0.04174303330937109,0.00012903529568575323,128,32,32,64,64,1000,1.5735286260023713
concentrated,64,1.0,15,f343dc8618448c0c9d0e37927b8e6f50dc169343e536bdaae4bfce436cb39630,snip_same_half,0.07921298529627993,7.157175423344597e-05,128,32,32,32,64,1000,1.5732418979750946
concentrated,64,1.0,16,f343dc8618448c0c9d0e37927b8e6f50dc169343e536bdaae4bfce436cb39630,lora,0.24462135019585352,,1024,0,64,64,64,1000,1.5078840460046194
concentrated,64,1.0,16,f343dc8618448c0c9d0e37927b8e6f50dc169343e536bdaae4bfce436cb39630,compressed,0.03576054521632512,,128,0,64,64,64,1000,1.5647857279982418
concentrated,64,1.0,16,f343dc8618448c0c9d0e37927b8e6f50dc169343e536bdaae4bfce436cb39630,random,0.03057716972989847,0.0010921164648607373,128,64,64,64,64,1000,1.581622821977362
concentrated,64,1.0,16,f343dc8618448c0c9d0e37927b8e6f50dc169343e536bdaae4bfce436cb39630,gradient,0.0850229188492812,0.007769671734422445,128,64,64,64,64,1000,1.5810745160561055
concentrated,64,1.0,16,f343dc8618448c0c9d0e37927b8e6f50dc169343e536bdaae4bfce436cb39630,snip,0.07887157232657493,0.00622384250164032,128,64,64,64,64,1000,1.580043601046782
concentrated,64,1.0,16,f343dc8618448c0c9d0e37927b8e6f50dc169343e536bdaae4bfce436cb39630,energy,0.027135060733886295,0.9920641779899597,128,64,64,64,64,1000,1.579377760994248
concentrated,64,1.0,16,f343dc8618448c0c9d0e37927b8e6f50dc169343e536bdaae4bfce436cb39630,snip_independent,0.04720429236881503,0.06383127719163895,128,32,32,64,64,1000,1.5820714240544476
concentrated,64,1.0,16,f343dc8618448c0c9d0e37927b8e6f50dc169343e536bdaae4bfce436cb39630,snip_same_half,0.09322105424327769,2.2249276298680343e-05,128,32,32,32,64,1000,1.578413128037937
concentrated,64,1.0,17,f343dc8618448c0c9d0e37927b8e6f50dc169343e536bdaae4bfce436cb39630,lora,0.21832063882761496,,1024,0,64,64,64,1000,1.5034455609857105
concentrated,64,1.0,17,f343dc8618448c0c9d0e37927b8e6f50dc169343e536bdaae4bfce436cb39630,compressed,0.03768908309081389,,128,0,64,64,64,1000,1.5548778439988382
concentrated,64,1.0,17,f343dc8618448c0c9d0e37927b8e6f50dc169343e536bdaae4bfce436cb39630,random,0.02822864808905467,0.02496221847832203,128,64,64,64,64,1000,1.5735852509969845
concentrated,64,1.0,17,f343dc8618448c0c9d0e37927b8e6f50dc169343e536bdaae4bfce436cb39630,gradient,0.0740797094928389,0.019122622907161713,128,64,64,64,64,1000,1.57408867997583
concentrated,64,1.0,17,f343dc8618448c0c9d0e37927b8e6f50dc169343e536bdaae4bfce436cb39630,snip,0.06674153366114269,4.516590342973359e-05,128,64,64,64,64,1000,1.5713964409660548
concentrated,64,1.0,17,f343dc8618448c0c9d0e37927b8e6f50dc169343e536bdaae4bfce436cb39630,energy,0.025375823330154083,0.9920641779899597,128,64,64,64,64,1000,1.571104225993622
concentrated,64,1.0,17,f343dc8618448c0c9d0e37927b8e6f50dc169343e536bdaae4bfce436cb39630,snip_independent,0.04204060611594397,0.019111791625618935,128,32,32,64,64,1000,1.5722594130784273
concentrated,64,1.0,17,f343dc8618448c0c9d0e37927b8e6f50dc169343e536bdaae4bfce436cb39630,snip_same_half,0.07566870960923092,4.1530216549290344e-05,128,32,32,32,64,1000,1.5721304439939559
concentrated,64,1.0,18,f343dc8618448c0c9d0e37927b8e6f50dc169343e536bdaae4bfce436cb39630,lora,0.23353974471903877,,1024,0,64,64,64,1000,1.507755666039884
concentrated,64,1.0,18,f343dc8618448c0c9d0e37927b8e6f50dc169343e536bdaae4bfce436cb39630,compressed,0.04168781725570538,,128,0,64,64,64,1000,1.5662912870175205
concentrated,64,1.0,18,f343dc8618448c0c9d0e37927b8e6f50dc169343e536bdaae4bfce436cb39630,random,0.027477056037066946,7.858117169234902e-05,128,64,64,64,64,1000,1.5825420300243422
concentrated,64,1.0,18,f343dc8618448c0c9d0e37927b8e6f50dc169343e536bdaae4bfce436cb39630,gradient,0.08951445863108484,4.1925999539671466e-05,128,64,64,64,64,1000,1.5822314519900829
concentrated,64,1.0,18,f343dc8618448c0c9d0e37927b8e6f50dc169343e536bdaae4bfce436cb39630,snip,0.08578600145185111,6.514009146485478e-05,128,64,64,64,64,1000,1.5805879750405438
concentrated,64,1.0,18,f343dc8618448c0c9d0e37927b8e6f50dc169343e536bdaae4bfce436cb39630,energy,0.02915953445619696,0.9920641779899597,128,64,64,64,64,1000,1.5802489399793558
concentrated,64,1.0,18,f343dc8618448c0c9d0e37927b8e6f50dc169343e536bdaae4bfce436cb39630,snip_independent,0.04901321405920073,4.1412531572859734e-05,128,32,32,64,64,1000,1.5822017610189505
concentrated,64,1.0,18,f343dc8618448c0c9d0e37927b8e6f50dc169343e536bdaae4bfce436cb39630,snip_same_half,0.0815337911016896,0.0022690161131322384,128,32,32,32,64,1000,1.5800599770154804
concentrated,64,1.0,19,f343dc8618448c0c9d0e37927b8e6f50dc169343e536bdaae4bfce436cb39630,lora,0.21885984439063083,,1024,0,64,64,64,1000,1.5035937090287916
concentrated,64,1.0,19,f343dc8618448c0c9d0e37927b8e6f50dc169343e536bdaae4bfce436cb39630,compressed,0.04547525523847448,,128,0,64,64,64,1000,1.5571099710068665
concentrated,64,1.0,19,f343dc8618448c0c9d0e37927b8e6f50dc169343e536bdaae4bfce436cb39630,random,0.032058235497088715,0.00011035759234800935,128,64,64,64,64,1000,1.5736804860644042
concentrated,64,1.0,19,f343dc8618448c0c9d0e37927b8e6f50dc169343e536bdaae4bfce436cb39630,gradient,0.08538817661516886,0.019189322367310524,128,64,64,64,64,1000,1.576346619054675
concentrated,64,1.0,19,f343dc8618448c0c9d0e37927b8e6f50dc169343e536bdaae4bfce436cb39630,snip,0.07630834922392628,0.019096020609140396,128,64,64,64,64,1000,1.5736743400339037
concentrated,64,1.0,19,f343dc8618448c0c9d0e37927b8e6f50dc169343e536bdaae4bfce436cb39630,energy,0.02494222022096313,0.9920641779899597,128,64,64,64,64,1000,1.5732540570315905
concentrated,64,1.0,19,f343dc8618448c0c9d0e37927b8e6f50dc169343e536bdaae4bfce436cb39630,snip_independent,0.048513276223229686,0.0008871809695847332,128,32,32,64,64,1000,1.5752134139765985
concentrated,64,1.0,19,f343dc8618448c0c9d0e37927b8e6f50dc169343e536bdaae4bfce436cb39630,snip_same_half,0.07909403091956638,5.6199292885139585e-05,128,32,32,32,64,1000,1.5744657610193826
concentrated,256,0.25,0,f343dc8618448c0c9d0e37927b8e6f50dc169343e536bdaae4bfce436cb39630,lora,0.03503046233487725,,1024,0,256,256,256,1000,1.512876328022685
concentrated,256,0.25,0,f343dc8618448c0c9d0e37927b8e6f50dc169343e536bdaae4bfce436cb39630,compressed,0.0048221073931533865,,128,0,256,256,256,1000,1.5702639169758186
concentrated,256,0.25,0,f343dc8618448c0c9d0e37927b8e6f50dc169343e536bdaae4bfce436cb39630,random,0.004468600496967543,6.865135947009549e-05,128,256,256,256,256,1000,1.5843869399977848
concentrated,256,0.25,0,f343dc8618448c0c9d0e37927b8e6f50dc169343e536bdaae4bfce436cb39630,gradient,0.0043956834322294025,0.5263051390647888,128,256,256,256,256,1000,1.5834647550364025
concentrated,256,0.25,0,f343dc8618448c0c9d0e37927b8e6f50dc169343e536bdaae4bfce436cb39630,snip,0.004157123577676719,0.5071983933448792,128,256,256,256,256,1000,1.5819763680337928
concentrated,256,0.25,0,f343dc8618448c0c9d0e37927b8e6f50dc169343e536bdaae4bfce436cb39630,energy,0.001579497481392509,0.9920641779899597,128,256,256,256,256,1000,1.582639409985859
concentrated,256,0.25,0,f343dc8618448c0c9d0e37927b8e6f50dc169343e536bdaae4bfce436cb39630,snip_independent,0.004489405823791535,0.4859299659729004,128,128,128,256,256,1000,1.5806731109623797
concentrated,256,0.25,0,f343dc8618448c0c9d0e37927b8e6f50dc169343e536bdaae4bfce436cb39630,snip_same_half,0.00888390558135746,0.50721675157547,128,128,128,128,256,1000,1.580958895967342
concentrated,256,0.25,1,f343dc8618448c0c9d0e37927b8e6f50dc169343e536bdaae4bfce436cb39630,lora,0.03589261879298246,,1024,0,256,256,256,1000,1.5153877200209536
concentrated,256,0.25,1,f343dc8618448c0c9d0e37927b8e6f50dc169343e536bdaae4bfce436cb39630,compressed,0.004657602744016913,,128,0,256,256,256,1000,1.5680697839707136
concentrated,256,0.25,1,f343dc8618448c0c9d0e37927b8e6f50dc169343e536bdaae4bfce436cb39630,random,0.004755818205854714,5.459404565044679e-05,128,256,256,256,256,1000,1.5829269349924289
concentrated,256,0.25,1,f343dc8618448c0c9d0e37927b8e6f50dc169343e536bdaae4bfce436cb39630,gradient,0.005051039834834346,0.5262900590896606,128,256,256,256,256,1000,1.5823300200281665
concentrated,256,0.25,1,f343dc8618448c0c9d0e37927b8e6f50dc169343e536bdaae4bfce436cb39630,snip,0.004973379782251425,0.5128322243690491,128,256,256,256,256,1000,1.5813709980575368
concentrated,256,0.25,1,f343dc8618448c0c9d0e37927b8e6f50dc169343e536bdaae4bfce436cb39630,energy,0.001869314247908859,0.9920641779899597,128,256,256,256,256,1000,1.5820630670059472
concentrated,256,0.25,1,f343dc8618448c0c9d0e37927b8e6f50dc169343e536bdaae4bfce436cb39630,snip_independent,0.004989432835357164,0.5144985318183899,128,128,128,256,256,1000,1.5795977599918842
concentrated,256,0.25,1,f343dc8618448c0c9d0e37927b8e6f50dc169343e536bdaae4bfce436cb39630,snip_same_half,0.00975280640720664,0.024170532822608948,128,128,128,128,256,1000,1.5812169089913368
concentrated,256,0.25,2,f343dc8618448c0c9d0e37927b8e6f50dc169343e536bdaae4bfce436cb39630,lora,0.03675102795681522,,1024,0,256,256,256,1000,1.5126734289806336
concentrated,256,0.25,2,f343dc8618448c0c9d0e37927b8e6f50dc169343e536bdaae4bfce436cb39630,compressed,0.004571660073304387,,128,0,256,256,256,1000,1.5697067469591275
concentrated,256,0.25,2,f343dc8618448c0c9d0e37927b8e6f50dc169343e536bdaae4bfce436cb39630,random,0.004338177121385408,0.0005540299462154508,128,256,256,256,256,1000,1.5824945379863493
concentrated,256,0.25,2,f343dc8618448c0c9d0e37927b8e6f50dc169343e536bdaae4bfce436cb39630,gradient,0.00477563161226307,0.5295552015304565,128,256,256,256,256,1000,1.5816403159988113
concentrated,256,0.25,2,f343dc8618448c0c9d0e37927b8e6f50dc169343e536bdaae4bfce436cb39630,snip,0.005021947368551735,0.06093337759375572,128,256,256,256,256,1000,1.581385187979322
concentrated,256,0.25,2,f343dc8618448c0c9d0e37927b8e6f50dc169343e536bdaae4bfce436cb39630,energy,0.0015267216252730386,0.9920641779899597,128,256,256,256,256,1000,1.5818421579897404
concentrated,256,0.25,2,f343dc8618448c0c9d0e37927b8e6f50dc169343e536bdaae4bfce436cb39630,snip_independent,0.0042500945894028905,0.431663453578949,128,128,128,256,256,1000,1.5815134550211951
concentrated,256,0.25,2,f343dc8618448c0c9d0e37927b8e6f50dc169343e536bdaae4bfce436cb39630,snip_same_half,0.00849194644144974,0.5050474405288696,128,128,128,128,256,1000,1.581992777006235
concentrated,256,0.25,3,f343dc8618448c0c9d0e37927b8e6f50dc169343e536bdaae4bfce436cb39630,lora,0.03585462142573383,,1024,0,256,256,256,1000,1.5182257400010712
concentrated,256,0.25,3,f343dc8618448c0c9d0e37927b8e6f50dc169343e536bdaae4bfce436cb39630,compressed,0.004775148602688684,,128,0,256,256,256,1000,1.5631984799983911
concentrated,256,0.25,3,f343dc8618448c0c9d0e37927b8e6f50dc169343e536bdaae4bfce436cb39630,random,0.004496588830370593,6.188894622027874e-05,128,256,256,256,256,1000,1.5787855050875805
concentrated,256,0.25,3,f343dc8618448c0c9d0e37927b8e6f50dc169343e536bdaae4bfce436cb39630,gradient,0.004553852187482426,0.5278881788253784,128,256,256,256,256,1000,1.5776567600551061
concentrated,256,0.25,3,f343dc8618448c0c9d0e37927b8e6f50dc169343e536bdaae4bfce436cb39630,snip,0.004621312646396272,0.5095157027244568,128,256,256,256,256,1000,1.5768689730321057
concentrated,256,0.25,3,f343dc8618448c0c9d0e37927b8e6f50dc169343e536bdaae4bfce436cb39630,energy,0.0021653675313513155,0.9920641779899597,128,256,256,256,256,1000,1.57926770002814
concentrated,256,0.25,3,f343dc8618448c0c9d0e37927b8e6f50dc169343e536bdaae4bfce436cb39630,snip_independent,0.0048216952308501,0.507263720035553,128,128,128,256,256,1000,1.5835759399924427
concentrated,256,0.25,3,f343dc8618448c0c9d0e37927b8e6f50dc169343e536bdaae4bfce436cb39630,snip_same_half,0.009403652010314227,4.2304396629333496e-05,128,128,128,128,256,1000,1.583397192065604
concentrated,256,0.25,4,f343dc8618448c0c9d0e37927b8e6f50dc169343e536bdaae4bfce436cb39630,lora,0.037995197704757344,,1024,0,256,256,256,1000,1.5128564549959265
concentrated,256,0.25,4,f343dc8618448c0c9d0e37927b8e6f50dc169343e536bdaae4bfce436cb39630,compressed,0.0041557011949837465,,128,0,256,256,256,1000,1.5661790239973925
concentrated,256,0.25,4,f343dc8618448c0c9d0e37927b8e6f50dc169343e536bdaae4bfce436cb39630,random,0.00428454472324857,5.043022974859923e-05,128,256,256,256,256,1000,1.5840955240419134
concentrated,256,0.25,4,f343dc8618448c0c9d0e37927b8e6f50dc169343e536bdaae4bfce436cb39630,gradient,0.004844085510402213,0.5321894884109497,128,256,256,256,256,1000,1.5833235159516335
concentrated,256,0.25,4,f343dc8618448c0c9d0e37927b8e6f50dc169343e536bdaae4bfce436cb39630,snip,0.004862767439007073,0.5071606040000916,128,256,256,256,256,1000,1.583556445024442
concentrated,256,0.25,4,f343dc8618448c0c9d0e37927b8e6f50dc169343e536bdaae4bfce436cb39630,energy,0.0019359949277315516,0.9920641779899597,128,256,256,256,256,1000,1.5851759020006284
concentrated,256,0.25,4,f343dc8618448c0c9d0e37927b8e6f50dc169343e536bdaae4bfce436cb39630,snip_independent,0.005223942623301775,0.49215078353881836,128,128,128,256,256,1000,1.5825058440095745
concentrated,256,0.25,4,f343dc8618448c0c9d0e37927b8e6f50dc169343e536bdaae4bfce436cb39630,snip_same_half,0.009532018874071091,0.42988651990890503,128,128,128,128,256,1000,1.5836021099821664
concentrated,256,0.25,5,f343dc8618448c0c9d0e37927b8e6f50dc169343e536bdaae4bfce436cb39630,lora,0.03399812493948899,,1024,0,256,256,256,1000,1.5173775400035083
concentrated,256,0.25,5,f343dc8618448c0c9d0e37927b8e6f50dc169343e536bdaae4bfce436cb39630,compressed,0.004517974408350078,,128,0,256,256,256,1000,1.568715000001248
concentrated,256,0.25,5,f343dc8618448c0c9d0e37927b8e6f50dc169343e536bdaae4bfce436cb39630,random,0.004489087510969613,7.635838119313121e-05,128,256,256,256,256,1000,1.584274195949547
concentrated,256,0.25,5,f343dc8618448c0c9d0e37927b8e6f50dc169343e536bdaae4bfce436cb39630,gradient,0.004630678741984395,0.5467641353607178,128,256,256,256,256,1000,1.5837700899573974
concentrated,256,0.25,5,f343dc8618448c0c9d0e37927b8e6f50dc169343e536bdaae4bfce436cb39630,snip,0.004871599883410854,0.4694325029850006,128,256,256,256,256,1000,1.5825281179859303
concentrated,256,0.25,5,f343dc8618448c0c9d0e37927b8e6f50dc169343e536bdaae4bfce436cb39630,energy,0.0021222563238733564,0.9920641779899597,128,256,256,256,256,1000,1.583074031979777
concentrated,256,0.25,5,f343dc8618448c0c9d0e37927b8e6f50dc169343e536bdaae4bfce436cb39630,snip_independent,0.006380330304245645,1.452076594432583e-05,128,128,128,256,256,1000,1.583083989971783
concentrated,256,0.25,5,f343dc8618448c0c9d0e37927b8e6f50dc169343e536bdaae4bfce436cb39630,snip_same_half,0.009226518581395298,0.4703731834888458,128,128,128,128,256,1000,1.5811533099622466
concentrated,256,0.25,6,f343dc8618448c0c9d0e37927b8e6f50dc169343e536bdaae4bfce436cb39630,lora,0.03423281157468498,,1024,0,256,256,256,1000,1.5129639329970814
concentrated,256,0.25,6,f343dc8618448c0c9d0e37927b8e6f50dc169343e536bdaae4bfce436cb39630,compressed,0.0044414248057109505,,128,0,256,256,256,1000,1.5673713970463723
concentrated,256,0.25,6,f343dc8618448c0c9d0e37927b8e6f50dc169343e536bdaae4bfce436cb39630,random,0.004457402863262493,3.308058512629941e-05,128,256,256,256,256,1000,1.5833276819903404
concentrated,256,0.25,6,f343dc8618448c0c9d0e37927b8e6f50dc169343e536bdaae4bfce436cb39630,gradient,0.005247868723594323,0.5503786206245422,128,256,256,256,256,1000,1.5813322589965537
concentrated,256,0.25,6,f343dc8618448c0c9d0e37927b8e6f50dc169343e536bdaae4bfce436cb39630,snip,0.005378344059224763,0.429127037525177,128,256,256,256,256,1000,1.5822684969753027
concentrated,256,0.25,6,f343dc8618448c0c9d0e37927b8e6f50dc169343e536bdaae4bfce436cb39630,energy,0.0021330268937264493,0.9920641779899597,128,256,256,256,256,1000,1.581948161998298
concentrated,256,0.25,6,f343dc8618448c0c9d0e37927b8e6f50dc169343e536bdaae4bfce436cb39630,snip_independent,0.00522706799393746,0.4536539614200592,128,128,128,256,256,1000,1.5818946060026065
concentrated,256,0.25,6,f343dc8618448c0c9d0e37927b8e6f50dc169343e536bdaae4bfce436cb39630,snip_same_half,0.010157698893589176,0.05917619913816452,128,128,128,128,256,1000,1.58301422605291
concentrated,256,0.25,7,f343dc8618448c0c9d0e37927b8e6f50dc169343e536bdaae4bfce436cb39630,lora,0.0358078649327095,,1024,0,256,256,256,1000,1.5065516869653948
concentrated,256,0.25,7,f343dc8618448c0c9d0e37927b8e6f50dc169343e536bdaae4bfce436cb39630,compressed,0.004051244276779375,,128,0,256,256,256,1000,1.5566911170026287
concentrated,256,0.25,7,f343dc8618448c0c9d0e37927b8e6f50dc169343e536bdaae4bfce436cb39630,random,0.0042155364876137955,5.749698175350204e-05,128,256,256,256,256,1000,1.571988821029663
concentrated,256,0.25,7,f343dc8618448c0c9d0e37927b8e6f50dc169343e536bdaae4bfce436cb39630,gradient,0.0048098829818843305,0.5448992252349854,128,256,256,256,256,1000,1.572843496047426
concentrated,256,0.25,7,f343dc8618448c0c9d0e37927b8e6f50dc169343e536bdaae4bfce436cb39630,snip,0.00494633922719776,0.44963178038597107,128,256,256,256,256,1000,1.5742493270081468
concentrated,256,0.25,7,f343dc8618448c0c9d0e37927b8e6f50dc169343e536bdaae4bfce436cb39630,energy,0.0018390377814841575,0.9920641779899597,128,256,256,256,256,1000,1.5796295870095491
concentrated,256,0.25,7,f343dc8618448c0c9d0e37927b8e6f50dc169343e536bdaae4bfce436cb39630,snip_independent,0.005057442971238332,0.48952409625053406,128,128,128,256,256,1000,1.5783700479660183
concentrated,256,0.25,7,f343dc8618448c0c9d0e37927b8e6f50dc169343e536bdaae4bfce436cb39630,snip_same_half,0.010105032510171596,0.06437264382839203,128,128,128,128,256,1000,1.579734569939319
concentrated,256,0.25,8,f343dc8618448c0c9d0e37927b8e6f50dc169343e536bdaae4bfce436cb39630,lora,0.03804215572551643,,1024,0,256,256,256,1000,1.5108767290366814
concentrated,256,0.25,8,f343dc8618448c0c9d0e37927b8e6f50dc169343e536bdaae4bfce436cb39630,compressed,0.004552279091711094,,128,0,256,256,256,1000,1.5641871920088306
concentrated,256,0.25,8,f343dc8618448c0c9d0e37927b8e6f50dc169343e536bdaae4bfce436cb39630,random,0.004436930740362442,0.018489105626940727,128,256,256,256,256,1000,1.5814079440315254
concentrated,256,0.25,8,f343dc8618448c0c9d0e37927b8e6f50dc169343e536bdaae4bfce436cb39630,gradient,0.004146465900236273,0.567812979221344,128,256,256,256,256,1000,1.5806598449707963
concentrated,256,0.25,8,f343dc8618448c0c9d0e37927b8e6f50dc169343e536bdaae4bfce436cb39630,snip,0.004886895785607361,0.5164636373519897,128,256,256,256,256,1000,1.581384860968683
concentrated,256,0.25,8,f343dc8618448c0c9d0e37927b8e6f50dc169343e536bdaae4bfce436cb39630,energy,0.0019046361516927273,0.9920641779899597,128,256,256,256,256,1000,1.5822189400205389
concentrated,256,0.25,8,f343dc8618448c0c9d0e37927b8e6f50dc169343e536bdaae4bfce436cb39630,snip_independent,0.005711242670912386,0.013963667675852776,128,128,128,256,256,1000,1.5803101090132259
concentrated,256,0.25,8,f343dc8618448c0c9d0e37927b8e6f50dc169343e536bdaae4bfce436cb39630,snip_same_half,0.010277765652603103,0.030736500397324562,128,128,128,128,256,1000,1.5815957500017248
concentrated,256,0.25,9,f343dc8618448c0c9d0e37927b8e6f50dc169343e536bdaae4bfce436cb39630,lora,0.03542880201616482,,1024,0,256,256,256,1000,1.515717044007033
concentrated,256,0.25,9,f343dc8618448c0c9d0e37927b8e6f50dc169343e536bdaae4bfce436cb39630,compressed,0.004579788726071959,,128,0,256,256,256,1000,1.5663437329931185
concentrated,256,0.25,9,f343dc8618448c0c9d0e37927b8e6f50dc169343e536bdaae4bfce436cb39630,random,0.004314019957883053,0.003082582727074623,128,256,256,256,256,1000,1.5816811149707064
concentrated,256,0.25,9,f343dc8618448c0c9d0e37927b8e6f50dc169343e536bdaae4bfce436cb39630,gradient,0.004795323453434962,0.5350890755653381,128,256,256,256,256,1000,1.581962450989522
concentrated,256,0.25,9,f343dc8618448c0c9d0e37927b8e6f50dc169343e536bdaae4bfce436cb39630,snip,0.004686171924909453,0.08634303510189056,128,256,256,256,256,1000,1.582856852968689
concentrated,256,0.25,9,f343dc8618448c0c9d0e37927b8e6f50dc169343e536bdaae4bfce436cb39630,energy,0.002188205130217216,0.9920641779899597,128,256,256,256,256,1000,1.5800369179924019
concentrated,256,0.25,9,f343dc8618448c0c9d0e37927b8e6f50dc169343e536bdaae4bfce436cb39630,snip_independent,0.005379392309812882,0.07676298171281815,128,128,128,256,256,1000,1.575310057029128
concentrated,256,0.25,9,f343dc8618448c0c9d0e37927b8e6f50dc169343e536bdaae4bfce436cb39630,snip_same_half,0.008276989713676724,0.10362201184034348,128,128,128,128,256,1000,1.575792376010213
concentrated,256,0.25,10,f343dc8618448c0c9d0e37927b8e6f50dc169343e536bdaae4bfce436cb39630,lora,0.03687792652711544,,1024,0,256,256,256,1000,1.5092786800232716
concentrated,256,0.25,10,f343dc8618448c0c9d0e37927b8e6f50dc169343e536bdaae4bfce436cb39630,compressed,0.004845295692188046,,128,0,256,256,256,1000,1.568254450976383
concentrated,256,0.25,10,f343dc8618448c0c9d0e37927b8e6f50dc169343e536bdaae4bfce436cb39630,random,0.004756186273231711,0.0016264530131593347,128,256,256,256,256,1000,1.5841181380092166
concentrated,256,0.25,10,f343dc8618448c0c9d0e37927b8e6f50dc169343e536bdaae4bfce436cb39630,gradient,0.004813759217418794,0.5050026774406433,128,256,256,256,256,1000,1.5882602300262079
concentrated,256,0.25,10,f343dc8618448c0c9d0e37927b8e6f50dc169343e536bdaae4bfce436cb39630,snip,0.00522457027483175,0.4474312961101532,128,256,256,256,256,1000,1.5846958380425349
concentrated,256,0.25,10,f343dc8618448c0c9d0e37927b8e6f50dc169343e536bdaae4bfce436cb39630,energy,0.002061369992861957,0.9920641779899597,128,256,256,256,256,1000,1.5871913690352812
concentrated,256,0.25,10,f343dc8618448c0c9d0e37927b8e6f50dc169343e536bdaae4bfce436cb39630,snip_independent,0.005907974394686747,2.7337435312801972e-05,128,128,128,256,256,1000,1.5841440319782123
concentrated,256,0.25,10,f343dc8618448c0c9d0e37927b8e6f50dc169343e536bdaae4bfce436cb39630,snip_same_half,0.008973443404362312,0.4355897605419159,128,128,128,128,256,1000,1.5873477960121818
concentrated,256,0.25,11,f343dc8618448c0c9d0e37927b8e6f50dc169343e536bdaae4bfce436cb39630,lora,0.03676683607352242,,1024,0,256,256,256,1000,1.5053160719689913
concentrated,256,0.25,11,f343dc8618448c0c9d0e37927b8e6f50dc169343e536bdaae4bfce436cb39630,compressed,0.004794780865047161,,128,0,256,256,256,1000,1.5559450419968925
concentrated,256,0.25,11,f343dc8618448c0c9d0e37927b8e6f50dc169343e536bdaae4bfce436cb39630,random,0.004474199547174228,7.15193382347934e-05,128,256,256,256,256,1000,1.5706217199913226
concentrated,256,0.25,11,f343dc8618448c0c9d0e37927b8e6f50dc169343e536bdaae4bfce436cb39630,gradient,0.004855506352958507,0.5380898714065552,128,256,256,256,256,1000,1.576837740954943
concentrated,256,0.25,11,f343dc8618448c0c9d0e37927b8e6f50dc169343e536bdaae4bfce436cb39630,snip,0.004456440077974818,0.5046841502189636,128,256,256,256,256,1000,1.5721625409205444
concentrated,256,0.25,11,f343dc8618448c0c9d0e37927b8e6f50dc169343e536bdaae4bfce436cb39630,energy,0.0017441662240011032,0.9920641779899597,128,256,256,256,256,1000,1.5763785039889626
concentrated,256,0.25,11,f343dc8618448c0c9d0e37927b8e6f50dc169343e536bdaae4bfce436cb39630,snip_independent,0.005230398172175054,0.4746117889881134,128,128,128,256,256,1000,1.5736903629731387
concentrated,256,0.25,11,f343dc8618448c0c9d0e37927b8e6f50dc169343e536bdaae4bfce436cb39630,snip_same_half,0.009681415511869377,0.030134940519928932,128,128,128,128,256,1000,1.5761120940442197
concentrated,256,0.25,12,f343dc8618448c0c9d0e37927b8e6f50dc169343e536bdaae4bfce436cb39630,lora,0.03680920737105198,,1024,0,256,256,256,1000,1.5150285799754784
concentrated,256,0.25,12,f343dc8618448c0c9d0e37927b8e6f50dc169343e536bdaae4bfce436cb39630,compressed,0.004825672388316328,,128,0,256,256,256,1000,1.5701796769862995
concentrated,256,0.25,12,f343dc8618448c0c9d0e37927b8e6f50dc169343e536bdaae4bfce436cb39630,random,0.004705398868310251,2.965460589621216e-05,128,256,256,256,256,1000,1.5832004390540533
concentrated,256,0.25,12,f343dc8618448c0c9d0e37927b8e6f50dc169343e536bdaae4bfce436cb39630,gradient,0.004528670641198744,0.5591258406639099,128,256,256,256,256,1000,1.5847569510224275
concentrated,256,0.25,12,f343dc8618448c0c9d0e37927b8e6f50dc169343e536bdaae4bfce436cb39630,snip,0.004113510343583885,0.5590260624885559,128,256,256,256,256,1000,1.5840477740275674
concentrated,256,0.25,12,f343dc8618448c0c9d0e37927b8e6f50dc169343e536bdaae4bfce436cb39630,energy,0.002137651675312333,0.9920641779899597,128,256,256,256,256,1000,1.5848310560104437
concentrated,256,0.25,12,f343dc8618448c0c9d0e37927b8e6f50dc169343e536bdaae4bfce436cb39630,snip_independent,0.005476451210535194,0.5287436842918396,128,128,128,256,256,1000,1.5832418450154364
concentrated,256,0.25,12,f343dc8618448c0c9d0e37927b8e6f50dc169343e536bdaae4bfce436cb39630,snip_same_half,0.009699940612196927,0.0826767235994339,128,128,128,128,256,1000,1.5855296129593626
concentrated,256,0.25,13,f343dc8618448c0c9d0e37927b8e6f50dc169343e536bdaae4bfce436cb39630,lora,0.03944960140889126,,1024,0,256,256,256,1000,1.5060659490409307
concentrated,256,0.25,13,f343dc8618448c0c9d0e37927b8e6f50dc169343e536bdaae4bfce436cb39630,compressed,0.004283606346770934,,128,0,256,256,256,1000,1.557620228966698
concentrated,256,0.25,13,f343dc8618448c0c9d0e37927b8e6f50dc169343e536bdaae4bfce436cb39630,random,0.0039080033168098095,0.001959688263013959,128,256,256,256,256,1000,1.5727528109564446
concentrated,256,0.25,13,f343dc8618448c0c9d0e37927b8e6f50dc169343e536bdaae4bfce436cb39630,gradient,0.003740152968905254,0.5614193677902222,128,256,256,256,256,1000,1.5778510919772089
concentrated,256,0.25,13,f343dc8618448c0c9d0e37927b8e6f50dc169343e536bdaae4bfce436cb39630,snip,0.0035424754561524364,0.5340017080307007,128,256,256,256,256,1000,1.5805305099929683
concentrated,256,0.25,13,f343dc8618448c0c9d0e37927b8e6f50dc169343e536bdaae4bfce436cb39630,energy,0.0016122583437682733,0.9920641779899597,128,256,256,256,256,1000,1.5808666399680078
concentrated,256,0.25,13,f343dc8618448c0c9d0e37927b8e6f50dc169343e536bdaae4bfce436cb39630,snip_independent,0.00545146629528754,2.1696330804843456e-05,128,128,128,256,256,1000,1.5794808099744841
concentrated,256,0.25,13,f343dc8618448c0c9d0e37927b8e6f50dc169343e536bdaae4bfce436cb39630,snip_same_half,0.009000033166645806,0.5311346054077148,128,128,128,128,256,1000,1.5795724840136245
concentrated,256,0.25,14,f343dc8618448c0c9d0e37927b8e6f50dc169343e536bdaae4bfce436cb39630,lora,0.041126578501208266,,1024,0,256,256,256,1000,1.513002909021452
concentrated,256,0.25,14,f343dc8618448c0c9d0e37927b8e6f50dc169343e536bdaae4bfce436cb39630,compressed,0.005381910477373121,,128,0,256,256,256,1000,1.5701631889678538
concentrated,256,0.25,14,f343dc8618448c0c9d0e37927b8e6f50dc169343e536bdaae4bfce436cb39630,random,0.004757880992988318,2.545707320678048e-05,128,256,256,256,256,1000,1.5811999589786865
concentrated,256,0.25,14,f343dc8618448c0c9d0e37927b8e6f50dc169343e536bdaae4bfce436cb39630,gradient,0.0047352557476899124,0.5536941289901733,128,256,256,256,256,1000,1.582240010960959
concentrated,256,0.25,14,f343dc8618448c0c9d0e37927b8e6f50dc169343e536bdaae4bfce436cb39630,snip,0.005421765099561417,0.48247623443603516,128,256,256,256,256,1000,1.580581207992509
concentrated,256,0.25,14,f343dc8618448c0c9d0e37927b8e6f50dc169343e536bdaae4bfce436cb39630,energy,0.002300291240560301,0.9920641779899597,128,256,256,256,256,1000,1.5817722279462032
concentrated,256,0.25,14,f343dc8618448c0c9d0e37927b8e6f50dc169343e536bdaae4bfce436cb39630,snip_independent,0.006022495269355674,0.5394030809402466,128,128,128,256,256,1000,1.5808681400376372
concentrated,256,0.25,14,f343dc8618448c0c9d0e37927b8e6f50dc169343e536bdaae4bfce436cb39630,snip_same_half,0.009624289994837108,0.08994437009096146,128,128,128,128,256,1000,1.5850100250099786
concentrated,256,0.25,15,f343dc8618448c0c9d0e37927b8e6f50dc169343e536bdaae4bfce436cb39630,lora,0.03880329701812528,,1024,0,256,256,256,1000,1.51630398404086
concentrated,256,0.25,15,f343dc8618448c0c9d0e37927b8e6f50dc169343e536bdaae4bfce436cb39630,compressed,0.00442834345576105,,128,0,256,256,256,1000,1.5678688890184276
concentrated,256,0.25,15,f343dc8618448c0c9d0e37927b8e6f50dc169343e536bdaae4bfce436cb39630,random,0.004282929042276907,0.00010257493704557419,128,256,256,256,256,1000,1.58514063002076
concentrated,256,0.25,15,f343dc8618448c0c9d0e37927b8e6f50dc169343e536bdaae4bfce436cb39630,gradient,0.005350425455516407,0.5399238467216492,128,256,256,256,256,1000,1.5857010260224342
concentrated,256,0.25,15,f343dc8618448c0c9d0e37927b8e6f50dc169343e536bdaae4bfce436cb39630,snip,0.00477564147974999,0.5399397611618042,128,256,256,256,256,1000,1.5849450680543669
concentrated,256,0.25,15,f343dc8618448c0c9d0e37927b8e6f50dc169343e536bdaae4bfce436cb39630,energy,0.0018316392961820079,0.9920641779899597,128,256,256,256,256,1000,1.5859867610270157
concentrated,256,0.25,15,f343dc8618448c0c9d0e37927b8e6f50dc169343e536bdaae4bfce436cb39630,snip_independent,0.0052908175186254435,0.44905295968055725,128,128,128,256,256,1000,1.5832641810411587
concentrated,256,0.25,15,f343dc8618448c0c9d0e37927b8e6f50dc169343e536bdaae4bfce436cb39630,snip_same_half,0.010808235659642045,0.4996604323387146,128,128,128,128,256,1000,1.5832155700190924
concentrated,256,0.25,16,f343dc8618448c0c9d0e37927b8e6f50dc169343e536bdaae4bfce436cb39630,lora,0.039381411835599366,,1024,0,256,256,256,1000,1.5128645490040071
concentrated,256,0.25,16,f343dc8618448c0c9d0e37927b8e6f50dc169343e536bdaae4bfce436cb39630,compressed,0.004360501258402696,,128,0,256,256,256,1000,1.5690643760026433
concentrated,256,0.25,16,f343dc8618448c0c9d0e37927b8e6f50dc169343e536bdaae4bfce436cb39630,random,0.004662252978968056,0.0010921165812760592,128,256,256,256,256,1000,1.5837613999610767
concentrated,256,0.25,16,f343dc8618448c0c9d0e37927b8e6f50dc169343e536bdaae4bfce436cb39630,gradient,0.004435121554554066,0.5536653399467468,128,256,256,256,256,1000,1.584850826940965
concentrated,256,0.25,16,f343dc8618448c0c9d0e37927b8e6f50dc169343e536bdaae4bfce436cb39630,snip,0.005027053780765411,0.5076035261154175,128,256,256,256,256,1000,1.5842352969339117
concentrated,256,0.25,16,f343dc8618448c0c9d0e37927b8e6f50dc169343e536bdaae4bfce436cb39630,energy,0.0022288896046438987,0.9920641779899597,128,256,256,256,256,1000,1.5840714179794304
concentrated,256,0.25,16,f343dc8618448c0c9d0e37927b8e6f50dc169343e536bdaae4bfce436cb39630,snip_independent,0.0056675114850887765,0.000886067224200815,128,128,128,256,256,1000,1.58369080000557
concentrated,256,0.25,16,f343dc8618448c0c9d0e37927b8e6f50dc169343e536bdaae4bfce436cb39630,snip_same_half,0.0090240824362213,0.48597437143325806,128,128,128,128,256,1000,1.58606012101518
concentrated,256,0.25,17,f343dc8618448c0c9d0e37927b8e6f50dc169343e536bdaae4bfce436cb39630,lora,0.038924506342465505,,1024,0,256,256,256,1000,1.516617669025436
concentrated,256,0.25,17,f343dc8618448c0c9d0e37927b8e6f50dc169343e536bdaae4bfce436cb39630,compressed,0.0047502771485765155,,128,0,256,256,256,1000,1.561132416012697
concentrated,256,0.25,17,f343dc8618448c0c9d0e37927b8e6f50dc169343e536bdaae4bfce436cb39630,random,0.0042891184529821255,0.02496221847832203,128,256,256,256,256,1000,1.5768398980144411
concentrated,256,0.25,17,f343dc8618448c0c9d0e37927b8e6f50dc169343e536bdaae4bfce436cb39630,gradient,0.004434135097972161,0.550399661064148,128,256,256,256,256,1000,1.575912441010587
concentrated,256,0.25,17,f343dc8618448c0c9d0e37927b8e6f50dc169343e536bdaae4bfce436cb39630,snip,0.005666534926203252,0.460602730512619,128,256,256,256,256,1000,1.5763736810185947
concentrated,256,0.25,17,f343dc8618448c0c9d0e37927b8e6f50dc169343e536bdaae4bfce436cb39630,energy,0.001825742900255247,0.9920641779899597,128,256,256,256,256,1000,1.5782190700410865
concentrated,256,0.25,17,f343dc8618448c0c9d0e37927b8e6f50dc169343e536bdaae4bfce436cb39630,snip_independent,0.004562337740747503,0.5091603398323059,128,128,128,256,256,1000,1.5764403570210561
concentrated,256,0.25,17,f343dc8618448c0c9d0e37927b8e6f50dc169343e536bdaae4bfce436cb39630,snip_same_half,0.009617060787487444,1.6714597222744487e-05,128,128,128,128,256,1000,1.5763432690291665
concentrated,256,0.25,18,f343dc8618448c0c9d0e37927b8e6f50dc169343e536bdaae4bfce436cb39630,lora,0.038586259536543266,,1024,0,256,256,256,1000,1.5143738070037216
concentrated,256,0.25,18,f343dc8618448c0c9d0e37927b8e6f50dc169343e536bdaae4bfce436cb39630,compressed,0.004615924912912643,,128,0,256,256,256,1000,1.5680532939732075
concentrated,256,0.25,18,f343dc8618448c0c9d0e37927b8e6f50dc169343e536bdaae4bfce436cb39630,random,0.004383344888008846,7.858118624426425e-05,128,256,256,256,256,1000,1.583876721037086
concentrated,256,0.25,18,f343dc8618448c0c9d0e37927b8e6f50dc169343e536bdaae4bfce436cb39630,gradient,0.004930018325217776,0.5386278629302979,128,256,256,256,256,1000,1.5848866880405694
concentrated,256,0.25,18,f343dc8618448c0c9d0e37927b8e6f50dc169343e536bdaae4bfce436cb39630,snip,0.005349263191295551,0.0051465644501149654,128,256,256,256,256,1000,1.5838731500552967
concentrated,256,0.25,18,f343dc8618448c0c9d0e37927b8e6f50dc169343e536bdaae4bfce436cb39630,energy,0.001970045841863414,0.9920641779899597,128,256,256,256,256,1000,1.5846105189993978
concentrated,256,0.25,18,f343dc8618448c0c9d0e37927b8e6f50dc169343e536bdaae4bfce436cb39630,snip_independent,0.00457233004819485,0.49104344844818115,128,128,128,256,256,1000,1.582774781039916
concentrated,256,0.25,18,f343dc8618448c0c9d0e37927b8e6f50dc169343e536bdaae4bfce436cb39630,snip_same_half,0.008571911491110772,0.5051334500312805,128,128,128,128,256,1000,1.5854570170631632
concentrated,256,0.25,19,f343dc8618448c0c9d0e37927b8e6f50dc169343e536bdaae4bfce436cb39630,lora,0.038822331673737887,,1024,0,256,256,256,1000,1.5065834950073622
concentrated,256,0.25,19,f343dc8618448c0c9d0e37927b8e6f50dc169343e536bdaae4bfce436cb39630,compressed,0.004647147882078502,,128,0,256,256,256,1000,1.5624076810199767
concentrated,256,0.25,19,f343dc8618448c0c9d0e37927b8e6f50dc169343e536bdaae4bfce436cb39630,random,0.004483079432184742,0.00011035757779609412,128,256,256,256,256,1000,1.5723767550080083
concentrated,256,0.25,19,f343dc8618448c0c9d0e37927b8e6f50dc169343e536bdaae4bfce436cb39630,gradient,0.005591670648983665,0.49620819091796875,128,256,256,256,256,1000,1.5739912980352528
concentrated,256,0.25,19,f343dc8618448c0c9d0e37927b8e6f50dc169343e536bdaae4bfce436cb39630,snip,0.005403985143138906,0.059250444173812866,128,256,256,256,256,1000,1.5724788189982064
concentrated,256,0.25,19,f343dc8618448c0c9d0e37927b8e6f50dc169343e536bdaae4bfce436cb39630,energy,0.0020302366972336106,0.9920641779899597,128,256,256,256,256,1000,1.5752115760114975
concentrated,256,0.25,19,f343dc8618448c0c9d0e37927b8e6f50dc169343e536bdaae4bfce436cb39630,snip_independent,0.006011667192203896,0.49960681796073914,128,128,128,256,256,1000,1.5725155220134184
concentrated,256,0.25,19,f343dc8618448c0c9d0e37927b8e6f50dc169343e536bdaae4bfce436cb39630,snip_same_half,0.00876109128898439,0.45311346650123596,128,128,128,128,256,1000,1.573035943962168
concentrated,256,0.5,0,f343dc8618448c0c9d0e37927b8e6f50dc169343e536bdaae4bfce436cb39630,lora,0.09065236662314455,,1024,0,256,256,256,1000,1.5170168729964644
concentrated,256,0.5,0,f343dc8618448c0c9d0e37927b8e6f50dc169343e536bdaae4bfce436cb39630,compressed,0.010292676226352482,,128,0,256,256,256,1000,1.569182319974061
concentrated,256,0.5,0,f343dc8618448c0c9d0e37927b8e6f50dc169343e536bdaae4bfce436cb39630,random,0.008373242703768628,6.865135947009549e-05,128,256,256,256,256,1000,1.5848883879953064
concentrated,256,0.5,0,f343dc8618448c0c9d0e37927b8e6f50dc169343e536bdaae4bfce436cb39630,gradient,0.017024134765836745,0.449608713388443,128,256,256,256,256,1000,1.5864367139874958
concentrated,256,0.5,0,f343dc8618448c0c9d0e37927b8e6f50dc169343e536bdaae4bfce436cb39630,snip,0.014394594680562636,0.5072067975997925,128,256,256,256,256,1000,1.58589880092768
concentrated,256,0.5,0,f343dc8618448c0c9d0e37927b8e6f50dc169343e536bdaae4bfce436cb39630,energy,0.0046424336542364286,0.9920641779899597,128,256,256,256,256,1000,1.5854664249927737
concentrated,256,0.5,0,f343dc8618448c0c9d0e37927b8e6f50dc169343e536bdaae4bfce436cb39630,snip_independent,0.014831521756904791,3.1663934350945055e-05,128,128,128,256,256,1000,1.5830838910187595
concentrated,256,0.5,0,f343dc8618448c0c9d0e37927b8e6f50dc169343e536bdaae4bfce436cb39630,snip_same_half,0.02721915850419337,0.42841678857803345,128,128,128,128,256,1000,1.584709579939954
concentrated,256,0.5,1,f343dc8618448c0c9d0e37927b8e6f50dc169343e536bdaae4bfce436cb39630,lora,0.08908370793274022,,1024,0,256,256,256,1000,1.5155694860150106
concentrated,256,0.5,1,f343dc8618448c0c9d0e37927b8e6f50dc169343e536bdaae4bfce436cb39630,compressed,0.009587866187096485,,128,0,256,256,256,1000,1.5681723399902694
concentrated,256,0.5,1,f343dc8618448c0c9d0e37927b8e6f50dc169343e536bdaae4bfce436cb39630,random,0.009350135846968154,5.459404565044679e-05,128,256,256,256,256,1000,1.5806305619771592
concentrated,256,0.5,1,f343dc8618448c0c9d0e37927b8e6f50dc169343e536bdaae4bfce436cb39630,gradient,0.018130401656286137,0.485965758562088,128,256,256,256,256,1000,1.5804929549922235
concentrated,256,0.5,1,f343dc8618448c0c9d0e37927b8e6f50dc169343e536bdaae4bfce436cb39630,snip,0.015899755806989317,0.057646699249744415,128,256,256,256,256,1000,1.5790066019981168
concentrated,256,0.5,1,f343dc8618448c0c9d0e37927b8e6f50dc169343e536bdaae4bfce436cb39630,energy,0.005288501939798805,0.9920641779899597,128,256,256,256,256,1000,1.5819664020091295
concentrated,256,0.5,1,f343dc8618448c0c9d0e37927b8e6f50dc169343e536bdaae4bfce436cb39630,snip_independent,0.013455290196402379,0.4932500422000885,128,128,128,256,256,1000,1.579205952002667
concentrated,256,0.5,1,f343dc8618448c0c9d0e37927b8e6f50dc169343e536bdaae4bfce436cb39630,snip_same_half,0.02888622452049843,0.024157075211405754,128,128,128,128,256,1000,1.5840307800099254
concentrated,256,0.5,2,f343dc8618448c0c9d0e37927b8e6f50dc169343e536bdaae4bfce436cb39630,lora,0.08436492831416229,,1024,0,256,256,256,1000,1.5142463549855165
concentrated,256,0.5,2,f343dc8618448c0c9d0e37927b8e6f50dc169343e536bdaae4bfce436cb39630,compressed,0.009425580621470173,,128,0,256,256,256,1000,1.5684325430192985
concentrated,256,0.5,2,f343dc8618448c0c9d0e37927b8e6f50dc169343e536bdaae4bfce436cb39630,random,0.007934584384980002,0.0005540299462154508,128,256,256,256,256,1000,1.5827308719744906
concentrated,256,0.5,2,f343dc8618448c0c9d0e37927b8e6f50dc169343e536bdaae4bfce436cb39630,gradient,0.01896767274708793,0.4316287636756897,128,256,256,256,256,1000,1.5847083789412864
concentrated,256,0.5,2,f343dc8618448c0c9d0e37927b8e6f50dc169343e536bdaae4bfce436cb39630,snip,0.01615273032362755,0.003333013504743576,128,256,256,256,256,1000,1.582655903941486
concentrated,256,0.5,2,f343dc8618448c0c9d0e37927b8e6f50dc169343e536bdaae4bfce436cb39630,energy,0.004408471665713545,0.9920641779899597,128,256,256,256,256,1000,1.5846419229637831
concentrated,256,0.5,2,f343dc8618448c0c9d0e37927b8e6f50dc169343e536bdaae4bfce436cb39630,snip_independent,0.010292476781612239,0.003360488684847951,128,128,128,256,256,1000,1.5801206690375693
concentrated,256,0.5,2,f343dc8618448c0c9d0e37927b8e6f50dc169343e536bdaae4bfce436cb39630,snip_same_half,0.026783719969908318,0.05994837358593941,128,128,128,128,256,1000,1.5849846489727497
concentrated,256,0.5,3,f343dc8618448c0c9d0e37927b8e6f50dc169343e536bdaae4bfce436cb39630,lora,0.08685230670929545,,1024,0,256,256,256,1000,1.5171263089869171
concentrated,256,0.5,3,f343dc8618448c0c9d0e37927b8e6f50dc169343e536bdaae4bfce436cb39630,compressed,0.010355533990140761,,128,0,256,256,256,1000,1.5701582779875025
concentrated,256,0.5,3,f343dc8618448c0c9d0e37927b8e6f50dc169343e536bdaae4bfce436cb39630,random,0.008577723955264212,6.188896077219397e-05,128,256,256,256,256,1000,1.5833905369509012
concentrated,256,0.5,3,f343dc8618448c0c9d0e37927b8e6f50dc169343e536bdaae4bfce436cb39630,gradient,0.01609183940602994,0.44902679324150085,128,256,256,256,256,1000,1.5838030150043778
concentrated,256,0.5,3,f343dc8618448c0c9d0e37927b8e6f50dc169343e536bdaae4bfce436cb39630,snip,0.016351364231650477,0.4284000098705292,128,256,256,256,256,1000,1.5835119119728915
concentrated,256,0.5,3,f343dc8618448c0c9d0e37927b8e6f50dc169343e536bdaae4bfce436cb39630,energy,0.00625716392383676,0.9920641779899597,128,256,256,256,256,1000,1.583803904009983
concentrated,256,0.5,3,f343dc8618448c0c9d0e37927b8e6f50dc169343e536bdaae4bfce436cb39630,snip_independent,0.012044402681077673,0.48602449893951416,128,128,128,256,256,1000,1.5817848449805751
concentrated,256,0.5,3,f343dc8618448c0c9d0e37927b8e6f50dc169343e536bdaae4bfce436cb39630,snip_same_half,0.027586345206958768,4.100035221199505e-05,128,128,128,128,256,1000,1.5842415029765107
concentrated,256,0.5,4,f343dc8618448c0c9d0e37927b8e6f50dc169343e536bdaae4bfce436cb39630,lora,0.08935124763016317,,1024,0,256,256,256,1000,1.5129834330291487
concentrated,256,0.5,4,f343dc8618448c0c9d0e37927b8e6f50dc169343e536bdaae4bfce436cb39630,compressed,0.008897943261907331,,128,0,256,256,256,1000,1.5657648509950377
concentrated,256,0.5,4,f343dc8618448c0c9d0e37927b8e6f50dc169343e536bdaae4bfce436cb39630,random,0.008256273506451622,5.043023338657804e-05,128,256,256,256,256,1000,1.5816779830493033
concentrated,256,0.5,4,f343dc8618448c0c9d0e37927b8e6f50dc169343e536bdaae4bfce436cb39630,gradient,0.019660157029915797,0.4283512532711029,128,256,256,256,256,1000,1.5817564280005172
concentrated,256,0.5,4,f343dc8618448c0c9d0e37927b8e6f50dc169343e536bdaae4bfce436cb39630,snip,0.01692217996265015,0.42833805084228516,128,256,256,256,256,1000,1.5819334569969214
concentrated,256,0.5,4,f343dc8618448c0c9d0e37927b8e6f50dc169343e536bdaae4bfce436cb39630,energy,0.005837863967419175,0.9920641779899597,128,256,256,256,256,1000,1.582438493031077
concentrated,256,0.5,4,f343dc8618448c0c9d0e37927b8e6f50dc169343e536bdaae4bfce436cb39630,snip_independent,0.016519493608429435,5.644008706440218e-05,128,128,128,256,256,1000,1.5824266240233555
concentrated,256,0.5,4,f343dc8618448c0c9d0e37927b8e6f50dc169343e536bdaae4bfce436cb39630,snip_same_half,0.030966448383037668,0.4283536374568939,128,128,128,128,256,1000,1.5833688270067796
concentrated,256,0.5,5,f343dc8618448c0c9d0e37927b8e6f50dc169343e536bdaae4bfce436cb39630,lora,0.0797354399716853,,1024,0,256,256,256,1000,1.5144474970293231
concentrated,256,0.5,5,f343dc8618448c0c9d0e37927b8e6f50dc169343e536bdaae4bfce436cb39630,compressed,0.009528715988274736,,128,0,256,256,256,1000,1.5600843990105204
concentrated,256,0.5,5,f343dc8618448c0c9d0e37927b8e6f50dc169343e536bdaae4bfce436cb39630,random,0.008941851252152225,7.63583739171736e-05,128,256,256,256,256,1000,1.5735033910023049
concentrated,256,0.5,5,f343dc8618448c0c9d0e37927b8e6f50dc169343e536bdaae4bfce436cb39630,gradient,0.01807999198920738,0.464655339717865,128,256,256,256,256,1000,1.5741855220403522
concentrated,256,0.5,5,f343dc8618448c0c9d0e37927b8e6f50dc169343e536bdaae4bfce436cb39630,snip,0.01691545092839728,1.361212162009906e-05,128,256,256,256,256,1000,1.5773824749630876
concentrated,256,0.5,5,f343dc8618448c0c9d0e37927b8e6f50dc169343e536bdaae4bfce436cb39630,energy,0.006337953102833511,0.9920641779899597,128,256,256,256,256,1000,1.5773657580139115
concentrated,256,0.5,5,f343dc8618448c0c9d0e37927b8e6f50dc169343e536bdaae4bfce436cb39630,snip_independent,0.014901315402471606,3.3557083952473477e-05,128,128,128,256,256,1000,1.5741202469798736
concentrated,256,0.5,5,f343dc8618448c0c9d0e37927b8e6f50dc169343e536bdaae4bfce436cb39630,snip_same_half,0.030180473240376485,0.01909722201526165,128,128,128,128,256,1000,1.574291218072176
concentrated,256,0.5,6,f343dc8618448c0c9d0e37927b8e6f50dc169343e536bdaae4bfce436cb39630,lora,0.08903389857615279,,1024,0,256,256,256,1000,1.5144479569862597
concentrated,256,0.5,6,f343dc8618448c0c9d0e37927b8e6f50dc169343e536bdaae4bfce436cb39630,compressed,0.00931544483371282,,128,0,256,256,256,1000,1.5691074199858122
concentrated,256,0.5,6,f343dc8618448c0c9d0e37927b8e6f50dc169343e536bdaae4bfce436cb39630,random,0.008145305941323006,3.308058876427822e-05,128,256,256,256,256,1000,1.5821489940281026
concentrated,256,0.5,6,f343dc8618448c0c9d0e37927b8e6f50dc169343e536bdaae4bfce436cb39630,gradient,0.022134271404588547,5.406600394053385e-05,128,256,256,256,256,1000,1.5844109739991836
concentrated,256,0.5,6,f343dc8618448c0c9d0e37927b8e6f50dc169343e536bdaae4bfce436cb39630,snip,0.017192679295458986,0.0008197114802896976,128,256,256,256,256,1000,1.5831843669875525
concentrated,256,0.5,6,f343dc8618448c0c9d0e37927b8e6f50dc169343e536bdaae4bfce436cb39630,energy,0.006340369260079904,0.9920641779899597,128,256,256,256,256,1000,1.5853001480572857
concentrated,256,0.5,6,f343dc8618448c0c9d0e37927b8e6f50dc169343e536bdaae4bfce436cb39630,snip_independent,0.015826121562819914,0.004122765734791756,128,128,128,256,256,1000,1.5829586369800381
concentrated,256,0.5,6,f343dc8618448c0c9d0e37927b8e6f50dc169343e536bdaae4bfce436cb39630,snip_same_half,0.03250413641424152,0.0003341837436892092,128,128,128,128,256,1000,1.585045003972482
concentrated,256,0.5,7,f343dc8618448c0c9d0e37927b8e6f50dc169343e536bdaae4bfce436cb39630,lora,0.09212724981766277,,1024,0,256,256,256,1000,1.5073581169708632
concentrated,256,0.5,7,f343dc8618448c0c9d0e37927b8e6f50dc169343e536bdaae4bfce436cb39630,compressed,0.008139992399336314,,128,0,256,256,256,1000,1.5593598700361326
concentrated,256,0.5,7,f343dc8618448c0c9d0e37927b8e6f50dc169343e536bdaae4bfce436cb39630,random,0.007824697826090441,5.749698539148085e-05,128,256,256,256,256,1000,1.5820296710007824
concentrated,256,0.5,7,f343dc8618448c0c9d0e37927b8e6f50dc169343e536bdaae4bfce436cb39630,gradient,0.01818636426766352,0.08145792782306671,128,256,256,256,256,1000,1.5799568370566703
concentrated,256,0.5,7,f343dc8618448c0c9d0e37927b8e6f50dc169343e536bdaae4bfce436cb39630,snip,0.015435946051963604,0.428447961807251,128,256,256,256,256,1000,1.580442838021554
concentrated,256,0.5,7,f343dc8618448c0c9d0e37927b8e6f50dc169343e536bdaae4bfce436cb39630,energy,0.005442532884912918,0.9920641779899597,128,256,256,256,256,1000,1.5804675120743923
concentrated,256,0.5,7,f343dc8618448c0c9d0e37927b8e6f50dc169343e536bdaae4bfce436cb39630,snip_independent,0.015053841796458588,0.000410978653235361,128,128,128,256,256,1000,1.5796744800754823
concentrated,256,0.5,7,f343dc8618448c0c9d0e37927b8e6f50dc169343e536bdaae4bfce436cb39630,snip_same_half,0.030150931927048794,0.058434952050447464,128,128,128,128,256,1000,1.5813481520162895
concentrated,256,0.5,8,f343dc8618448c0c9d0e37927b8e6f50dc169343e536bdaae4bfce436cb39630,lora,0.08690614984246585,,1024,0,256,256,256,1000,1.5121106010046788
concentrated,256,0.5,8,f343dc8618448c0c9d0e37927b8e6f50dc169343e536bdaae4bfce436cb39630,compressed,0.009987002041916727,,128,0,256,256,256,1000,1.5673793869791552
concentrated,256,0.5,8,f343dc8618448c0c9d0e37927b8e6f50dc169343e536bdaae4bfce436cb39630,random,0.008397196403513416,0.018489105626940727,128,256,256,256,256,1000,1.5826241570175625
concentrated,256,0.5,8,f343dc8618448c0c9d0e37927b8e6f50dc169343e536bdaae4bfce436cb39630,gradient,0.01805880949399957,0.526291012763977,128,256,256,256,256,1000,1.5893500719685107
concentrated,256,0.5,8,f343dc8618448c0c9d0e37927b8e6f50dc169343e536bdaae4bfce436cb39630,snip,0.01848606504910292,0.006432268302887678,128,256,256,256,256,1000,1.5836492590024136
concentrated,256,0.5,8,f343dc8618448c0c9d0e37927b8e6f50dc169343e536bdaae4bfce436cb39630,energy,0.005589529601537063,0.9920641779899597,128,256,256,256,256,1000,1.586300303984899
concentrated,256,0.5,8,f343dc8618448c0c9d0e37927b8e6f50dc169343e536bdaae4bfce436cb39630,snip_independent,0.0145262137604244,1.995810271182563e-05,128,128,128,256,256,1000,1.5820555820246227
concentrated,256,0.5,8,f343dc8618448c0c9d0e37927b8e6f50dc169343e536bdaae4bfce436cb39630,snip_same_half,0.03177472968607208,0.006432853639125824,128,128,128,128,256,1000,1.5858703710255213
concentrated,256,0.5,9,f343dc8618448c0c9d0e37927b8e6f50dc169343e536bdaae4bfce436cb39630,lora,0.08739888240267203,,1024,0,256,256,256,1000,1.5132853129762225
concentrated,256,0.5,9,f343dc8618448c0c9d0e37927b8e6f50dc169343e536bdaae4bfce436cb39630,compressed,0.009565317346341081,,128,0,256,256,256,1000,1.5660289110383019
concentrated,256,0.5,9,f343dc8618448c0c9d0e37927b8e6f50dc169343e536bdaae4bfce436cb39630,random,0.008251105373008827,0.003082582727074623,128,256,256,256,256,1000,1.5818637380725704
concentrated,256,0.5,9,f343dc8618448c0c9d0e37927b8e6f50dc169343e536bdaae4bfce436cb39630,gradient,0.019956419961150364,0.44745486974716187,128,256,256,256,256,1000,1.579726252995897
concentrated,256,0.5,9,f343dc8618448c0c9d0e37927b8e6f50dc169343e536bdaae4bfce436cb39630,snip,0.01684449080070096,4.605484355124645e-05,128,256,256,256,256,1000,1.5750498050474562
concentrated,256,0.5,9,f343dc8618448c0c9d0e37927b8e6f50dc169343e536bdaae4bfce436cb39630,energy,0.006375091786241861,0.9920641779899597,128,256,256,256,256,1000,1.5787830010522157
concentrated,256,0.5,9,f343dc8618448c0c9d0e37927b8e6f50dc169343e536bdaae4bfce436cb39630,snip_independent,0.015358752757855983,4.148498919676058e-05,128,128,128,256,256,1000,1.5760566829703748
concentrated,256,0.5,9,f343dc8618448c0c9d0e37927b8e6f50dc169343e536bdaae4bfce436cb39630,snip_same_half,0.0285092625846258,3.7069927202537656e-05,128,128,128,128,256,1000,1.5774509689654224
concentrated,256,0.5,10,f343dc8618448c0c9d0e37927b8e6f50dc169343e536bdaae4bfce436cb39630,lora,0.07951614923076569,,1024,0,256,256,256,1000,1.516242845042143
concentrated,256,0.5,10,f343dc8618448c0c9d0e37927b8e6f50dc169343e536bdaae4bfce436cb39630,compressed,0.010325717211678699,,128,0,256,256,256,1000,1.571812569978647
concentrated,256,0.5,10,f343dc8618448c0c9d0e37927b8e6f50dc169343e536bdaae4bfce436cb39630,random,0.009135301993156653,0.0016264530131593347,128,256,256,256,256,1000,1.587205494986847
concentrated,256,0.5,10,f343dc8618448c0c9d0e37927b8e6f50dc169343e536bdaae4bfce436cb39630,gradient,0.0186044754020701,0.4283292591571808,128,256,256,256,256,1000,1.5873788010212593
concentrated,256,0.5,10,f343dc8618448c0c9d0e37927b8e6f50dc169343e536bdaae4bfce436cb39630,snip,0.016235835581876298,5.2583913202397525e-05,128,256,256,256,256,1000,1.5873132650158368
concentrated,256,0.5,10,f343dc8618448c0c9d0e37927b8e6f50dc169343e536bdaae4bfce436cb39630,energy,0.005799028621196285,0.9920641779899597,128,256,256,256,256,1000,1.5868987279827707
concentrated,256,0.5,10,f343dc8618448c0c9d0e37927b8e6f50dc169343e536bdaae4bfce436cb39630,snip_independent,0.013910664484815885,2.9418615667964332e-05,128,128,128,256,256,1000,1.5855111749842763
concentrated,256,0.5,10,f343dc8618448c0c9d0e37927b8e6f50dc169343e536bdaae4bfce436cb39630,snip_same_half,0.027063153508320486,0.007281230762600899,128,128,128,128,256,1000,1.5862726019695401
concentrated,256,0.5,11,f343dc8618448c0c9d0e37927b8e6f50dc169343e536bdaae4bfce436cb39630,lora,0.08179748816922808,,1024,0,256,256,256,1000,1.5156101159518585
concentrated,256,0.5,11,f343dc8618448c0c9d0e37927b8e6f50dc169343e536bdaae4bfce436cb39630,compressed,0.010130693813144812,,128,0,256,256,256,1000,1.560679089045152
concentrated,256,0.5,11,f343dc8618448c0c9d0e37927b8e6f50dc169343e536bdaae4bfce436cb39630,random,0.00821874133154962,7.151934551075101e-05,128,256,256,256,256,1000,1.5740058780065738
concentrated,256,0.5,11,f343dc8618448c0c9d0e37927b8e6f50dc169343e536bdaae4bfce436cb39630,gradient,0.01739271915341864,0.42916616797447205,128,256,256,256,256,1000,1.5807944359839894
concentrated,256,0.5,11,f343dc8618448c0c9d0e37927b8e6f50dc169343e536bdaae4bfce436cb39630,snip,0.01594132997733904,0.4504747986793518,128,256,256,256,256,1000,1.5801275130361319
concentrated,256,0.5,11,f343dc8618448c0c9d0e37927b8e6f50dc169343e536bdaae4bfce436cb39630,energy,0.004939782394183365,0.9920641779899597,128,256,256,256,256,1000,1.5824902660096996
concentrated,256,0.5,11,f343dc8618448c0c9d0e37927b8e6f50dc169343e536bdaae4bfce436cb39630,snip_independent,0.013511002071542023,0.42922547459602356,128,128,128,256,256,1000,1.580631672986783
concentrated,256,0.5,11,f343dc8618448c0c9d0e37927b8e6f50dc169343e536bdaae4bfce436cb39630,snip_same_half,0.029523412185208882,5.143423186382279e-05,128,128,128,128,256,1000,1.582305742020253
concentrated,256,0.5,12,f343dc8618448c0c9d0e37927b8e6f50dc169343e536bdaae4bfce436cb39630,lora,0.09091694153886118,,1024,0,256,256,256,1000,1.5145219970145263
concentrated,256,0.5,12,f343dc8618448c0c9d0e37927b8e6f50dc169343e536bdaae4bfce436cb39630,compressed,0.010525761758069269,,128,0,256,256,256,1000,1.5720827569602989
concentrated,256,0.5,12,f343dc8618448c0c9d0e37927b8e6f50dc169343e536bdaae4bfce436cb39630,random,0.00936116780195256,2.965460589621216e-05,128,256,256,256,256,1000,1.5842354170163162
concentrated,256,0.5,12,f343dc8618448c0c9d0e37927b8e6f50dc169343e536bdaae4bfce436cb39630,gradient,0.018633237657176366,0.4801499843597412,128,256,256,256,256,1000,1.5855043189949356
concentrated,256,0.5,12,f343dc8618448c0c9d0e37927b8e6f50dc169343e536bdaae4bfce436cb39630,snip,0.01750065131167373,0.4548519253730774,128,256,256,256,256,1000,1.5847446709522046
concentrated,256,0.5,12,f343dc8618448c0c9d0e37927b8e6f50dc169343e536bdaae4bfce436cb39630,energy,0.006093239975909711,0.9920641779899597,128,256,256,256,256,1000,1.586139950028155
concentrated,256,0.5,12,f343dc8618448c0c9d0e37927b8e6f50dc169343e536bdaae4bfce436cb39630,snip_independent,0.014781907888117826,0.45207685232162476,128,128,128,256,256,1000,1.5835389670100994
concentrated,256,0.5,12,f343dc8618448c0c9d0e37927b8e6f50dc169343e536bdaae4bfce436cb39630,snip_same_half,0.031053331353899365,8.801446529105306e-05,128,128,128,128,256,1000,1.5856947550200857
concentrated,256,0.5,13,f343dc8618448c0c9d0e37927b8e6f50dc169343e536bdaae4bfce436cb39630,lora,0.08800254215490173,,1024,0,256,256,256,1000,1.5158388150157407
concentrated,256,0.5,13,f343dc8618448c0c9d0e37927b8e6f50dc169343e536bdaae4bfce436cb39630,compressed,0.009063109921767547,,128,0,256,256,256,1000,1.5676178270368837
concentrated,256,0.5,13,f343dc8618448c0c9d0e37927b8e6f50dc169343e536bdaae4bfce436cb39630,random,0.007034918573335779,0.001959688263013959,128,256,256,256,256,1000,1.5825666079763323
concentrated,256,0.5,13,f343dc8618448c0c9d0e37927b8e6f50dc169343e536bdaae4bfce436cb39630,gradient,0.015895442453476544,0.5278369784355164,128,256,256,256,256,1000,1.58200205094181
concentrated,256,0.5,13,f343dc8618448c0c9d0e37927b8e6f50dc169343e536bdaae4bfce436cb39630,snip,0.013070760904726515,0.04806255176663399,128,256,256,256,256,1000,1.583080974931363
concentrated,256,0.5,13,f343dc8618448c0c9d0e37927b8e6f50dc169343e536bdaae4bfce436cb39630,energy,0.004640906636618114,0.9920641779899597,128,256,256,256,256,1000,1.5842879299307242
concentrated,256,0.5,13,f343dc8618448c0c9d0e37927b8e6f50dc169343e536bdaae4bfce436cb39630,snip_independent,0.013366803202313166,2.1365922293625772e-05,128,128,128,256,256,1000,1.5830764390411787
concentrated,256,0.5,13,f343dc8618448c0c9d0e37927b8e6f50dc169343e536bdaae4bfce436cb39630,snip_same_half,0.03259614561728934,0.023981578648090363,128,128,128,128,256,1000,1.5839625879889354
concentrated,256,0.5,14,f343dc8618448c0c9d0e37927b8e6f50dc169343e536bdaae4bfce436cb39630,lora,0.09350870722998836,,1024,0,256,256,256,1000,1.5095223830430768
concentrated,256,0.5,14,f343dc8618448c0c9d0e37927b8e6f50dc169343e536bdaae4bfce436cb39630,compressed,0.0117764581116467,,128,0,256,256,256,1000,1.5640026309993118
concentrated,256,0.5,14,f343dc8618448c0c9d0e37927b8e6f50dc169343e536bdaae4bfce436cb39630,random,0.009419833544952409,2.5457071387791075e-05,128,256,256,256,256,1000,1.581965634075459
concentrated,256,0.5,14,f343dc8618448c0c9d0e37927b8e6f50dc169343e536bdaae4bfce436cb39630,gradient,0.01935266211742589,0.022426700219511986,128,256,256,256,256,1000,1.5812552280258387
concentrated,256,0.5,14,f343dc8618448c0c9d0e37927b8e6f50dc169343e536bdaae4bfce436cb39630,snip,0.017878015624293794,0.019220687448978424,128,256,256,256,256,1000,1.5782382410252467
concentrated,256,0.5,14,f343dc8618448c0c9d0e37927b8e6f50dc169343e536bdaae4bfce436cb39630,energy,0.006543052737427399,0.9920641779899597,128,256,256,256,256,1000,1.5832471250323579
concentrated,256,0.5,14,f343dc8618448c0c9d0e37927b8e6f50dc169343e536bdaae4bfce436cb39630,snip_independent,0.017050538986255588,0.030244117602705956,128,128,128,256,256,1000,1.5818069980014116
concentrated,256,0.5,14,f343dc8618448c0c9d0e37927b8e6f50dc169343e536bdaae4bfce436cb39630,snip_same_half,0.02914725007774103,0.007307321298867464,128,128,128,128,256,1000,1.580851697945036
concentrated,256,0.5,15,f343dc8618448c0c9d0e37927b8e6f50dc169343e536bdaae4bfce436cb39630,lora,0.08283797937755855,,1024,0,256,256,256,1000,1.5162505700136535
concentrated,256,0.5,15,f343dc8618448c0c9d0e37927b8e6f50dc169343e536bdaae4bfce436cb39630,compressed,0.009244020464336693,,128,0,256,256,256,1000,1.566617002012208
concentrated,256,0.5,15,f343dc8618448c0c9d0e37927b8e6f50dc169343e536bdaae4bfce436cb39630,random,0.00816628987429549,0.00010257493704557419,128,256,256,256,256,1000,1.5846164739923552
concentrated,256,0.5,15,f343dc8618448c0c9d0e37927b8e6f50dc169343e536bdaae4bfce436cb39630,gradient,0.02061712462863139,0.45468541979789734,128,256,256,256,256,1000,1.583944811951369
concentrated,256,0.5,15,f343dc8618448c0c9d0e37927b8e6f50dc169343e536bdaae4bfce436cb39630,snip,0.018028362508283383,0.43561863899230957,128,256,256,256,256,1000,1.5827269709552638
concentrated,256,0.5,15,f343dc8618448c0c9d0e37927b8e6f50dc169343e536bdaae4bfce436cb39630,energy,0.005512543539977475,0.9920641779899597,128,256,256,256,256,1000,1.5846849830122665
concentrated,256,0.5,15,f343dc8618448c0c9d0e37927b8e6f50dc169343e536bdaae4bfce436cb39630,snip_independent,0.01572414389211163,0.019093414768576622,128,128,128,256,256,1000,1.5822541349334642
concentrated,256,0.5,15,f343dc8618448c0c9d0e37927b8e6f50dc169343e536bdaae4bfce436cb39630,snip_same_half,0.03485277692353385,0.007333837915211916,128,128,128,128,256,1000,1.5770638100220822
concentrated,256,0.5,16,f343dc8618448c0c9d0e37927b8e6f50dc169343e536bdaae4bfce436cb39630,lora,0.08611599303256195,,1024,0,256,256,256,1000,1.5123679419630207
concentrated,256,0.5,16,f343dc8618448c0c9d0e37927b8e6f50dc169343e536bdaae4bfce436cb39630,compressed,0.009235060213470944,,128,0,256,256,256,1000,1.5666926309932023
concentrated,256,0.5,16,f343dc8618448c0c9d0e37927b8e6f50dc169343e536bdaae4bfce436cb39630,random,0.008830115780717164,0.0010921164648607373,128,256,256,256,256,1000,1.5824946840293705
concentrated,256,0.5,16,f343dc8618448c0c9d0e37927b8e6f50dc169343e536bdaae4bfce436cb39630,gradient,0.018804126316253812,0.05767880007624626,128,256,256,256,256,1000,1.5837018130114302
concentrated,256,0.5,16,f343dc8618448c0c9d0e37927b8e6f50dc169343e536bdaae4bfce436cb39630,snip,0.018863456484016786,0.0004581015673466027,128,256,256,256,256,1000,1.581646799982991
concentrated,256,0.5,16,f343dc8618448c0c9d0e37927b8e6f50dc169343e536bdaae4bfce436cb39630,energy,0.0064574310051292595,0.9920641779899597,128,256,256,256,256,1000,1.5843288890318945
concentrated,256,0.5,16,f343dc8618448c0c9d0e37927b8e6f50dc169343e536bdaae4bfce436cb39630,snip_independent,0.014935496976518184,0.0008854648331180215,128,128,128,256,256,1000,1.5809398079873063
concentrated,256,0.5,16,f343dc8618448c0c9d0e37927b8e6f50dc169343e536bdaae4bfce436cb39630,snip_same_half,0.029235736130848906,8.28245174488984e-05,128,128,128,128,256,1000,1.5825867780367844
concentrated,256,0.5,17,f343dc8618448c0c9d0e37927b8e6f50dc169343e536bdaae4bfce436cb39630,lora,0.09053987059413704,,1024,0,256,256,256,1000,1.508057133993134
concentrated,256,0.5,17,f343dc8618448c0c9d0e37927b8e6f50dc169343e536bdaae4bfce436cb39630,compressed,0.010657854621376434,,128,0,256,256,256,1000,1.5591203279909678
concentrated,256,0.5,17,f343dc8618448c0c9d0e37927b8e6f50dc169343e536bdaae4bfce436cb39630,random,0.008392325080211344,0.02496221847832203,128,256,256,256,256,1000,1.5744159040041268
concentrated,256,0.5,17,f343dc8618448c0c9d0e37927b8e6f50dc169343e536bdaae4bfce436cb39630,gradient,0.018592483191560503,0.5071765780448914,128,256,256,256,256,1000,1.57325337495422
concentrated,256,0.5,17,f343dc8618448c0c9d0e37927b8e6f50dc169343e536bdaae4bfce436cb39630,snip,0.018596874353474013,0.4495672583580017,128,256,256,256,256,1000,1.5725728929974139
concentrated,256,0.5,17,f343dc8618448c0c9d0e37927b8e6f50dc169343e536bdaae4bfce436cb39630,energy,0.005557877376362424,0.9920641779899597,128,256,256,256,256,1000,1.574484740034677
concentrated,256,0.5,17,f343dc8618448c0c9d0e37927b8e6f50dc169343e536bdaae4bfce436cb39630,snip_independent,0.01222649175406064,0.5072565078735352,128,128,128,256,256,1000,1.5745039540342987
concentrated,256,0.5,17,f343dc8618448c0c9d0e37927b8e6f50dc169343e536bdaae4bfce436cb39630,snip_same_half,0.030741262723262358,1.690505087026395e-05,128,128,128,128,256,1000,1.5817890480393544
concentrated,256,0.5,18,f343dc8618448c0c9d0e37927b8e6f50dc169343e536bdaae4bfce436cb39630,lora,0.08622566611429022,,1024,0,256,256,256,1000,1.5138035980053246
concentrated,256,0.5,18,f343dc8618448c0c9d0e37927b8e6f50dc169343e536bdaae4bfce436cb39630,compressed,0.009900646612516037,,128,0,256,256,256,1000,1.5695719859795645
concentrated,256,0.5,18,f343dc8618448c0c9d0e37927b8e6f50dc169343e536bdaae4bfce436cb39630,random,0.008291754326757252,7.858118624426425e-05,128,256,256,256,256,1000,1.585173302970361
concentrated,256,0.5,18,f343dc8618448c0c9d0e37927b8e6f50dc169343e536bdaae4bfce436cb39630,gradient,0.020002777612056436,0.4860050678253174,128,256,256,256,256,1000,1.5862695829709992
concentrated,256,0.5,18,f343dc8618448c0c9d0e37927b8e6f50dc169343e536bdaae4bfce436cb39630,snip,0.01613591078408885,0.0032257367856800556,128,256,256,256,256,1000,1.5850047240382992
concentrated,256,0.5,18,f343dc8618448c0c9d0e37927b8e6f50dc169343e536bdaae4bfce436cb39630,energy,0.005709636501569532,0.9920641779899597,128,256,256,256,256,1000,1.5866318820044398
concentrated,256,0.5,18,f343dc8618448c0c9d0e37927b8e6f50dc169343e536bdaae4bfce436cb39630,snip_independent,0.013599021018562382,0.0032374500297009945,128,128,128,256,256,1000,1.5843948220135644
concentrated,256,0.5,18,f343dc8618448c0c9d0e37927b8e6f50dc169343e536bdaae4bfce436cb39630,snip_same_half,0.030308921831726295,9.685985423857346e-05,128,128,128,128,256,1000,1.585280038008932
concentrated,256,0.5,19,f343dc8618448c0c9d0e37927b8e6f50dc169343e536bdaae4bfce436cb39630,lora,0.0878945677126551,,1024,0,256,256,256,1000,1.5169632459874265
concentrated,256,0.5,19,f343dc8618448c0c9d0e37927b8e6f50dc169343e536bdaae4bfce436cb39630,compressed,0.00970882939642808,,128,0,256,256,256,1000,1.5668420189758763
concentrated,256,0.5,19,f343dc8618448c0c9d0e37927b8e6f50dc169343e536bdaae4bfce436cb39630,random,0.008050097233559308,0.00011035757779609412,128,256,256,256,256,1000,1.578227379010059
concentrated,256,0.5,19,f343dc8618448c0c9d0e37927b8e6f50dc169343e536bdaae4bfce436cb39630,gradient,0.019334198313002062,0.48979246616363525,128,256,256,256,256,1000,1.5773332890239544
concentrated,256,0.5,19,f343dc8618448c0c9d0e37927b8e6f50dc169343e536bdaae4bfce436cb39630,snip,0.017962862740620283,0.0015879840357229114,128,256,256,256,256,1000,1.5767667000181973
concentrated,256,0.5,19,f343dc8618448c0c9d0e37927b8e6f50dc169343e536bdaae4bfce436cb39630,energy,0.006083374782566575,0.9920641779899597,128,256,256,256,256,1000,1.5787559149903245
concentrated,256,0.5,19,f343dc8618448c0c9d0e37927b8e6f50dc169343e536bdaae4bfce436cb39630,snip_independent,0.016882782514188996,0.013703204691410065,128,128,128,256,256,1000,1.5814535120152868
concentrated,256,0.5,19,f343dc8618448c0c9d0e37927b8e6f50dc169343e536bdaae4bfce436cb39630,snip_same_half,0.029375247739983783,0.4284166693687439,128,128,128,128,256,1000,1.585297869052738
concentrated,256,1.0,0,f343dc8618448c0c9d0e37927b8e6f50dc169343e536bdaae4bfce436cb39630,lora,0.15185037423366882,,1024,0,256,256,256,1000,1.5129395559779368
concentrated,256,1.0,0,f343dc8618448c0c9d0e37927b8e6f50dc169343e536bdaae4bfce436cb39630,compressed,0.021928151565122726,,128,0,256,256,256,1000,1.5683831259957515
concentrated,256,1.0,0,f343dc8618448c0c9d0e37927b8e6f50dc169343e536bdaae4bfce436cb39630,random,0.01547081639848108,6.865135947009549e-05,128,256,256,256,256,1000,1.5835363030200824
concentrated,256,1.0,0,f343dc8618448c0c9d0e37927b8e6f50dc169343e536bdaae4bfce436cb39630,gradient,0.04794809000397013,6.195077003212646e-05,128,256,256,256,256,1000,1.5845257199835032
concentrated,256,1.0,0,f343dc8618448c0c9d0e37927b8e6f50dc169343e536bdaae4bfce436cb39630,snip,0.03879811397332676,0.4284076392650604,128,256,256,256,256,1000,1.5833935769624077
concentrated,256,1.0,0,f343dc8618448c0c9d0e37927b8e6f50dc169343e536bdaae4bfce436cb39630,energy,0.010839249242806786,0.9920641779899597,128,256,256,256,256,1000,1.5843581560184248
concentrated,256,1.0,0,f343dc8618448c0c9d0e37927b8e6f50dc169343e536bdaae4bfce436cb39630,snip_independent,0.029907607544624765,2.3828964913263917e-05,128,128,128,256,256,1000,1.5825109799625352
concentrated,256,1.0,0,f343dc8618448c0c9d0e37927b8e6f50dc169343e536bdaae4bfce436cb39630,snip_same_half,0.05828375382170278,0.00016927665274124593,128,128,128,128,256,1000,1.5858626210247166
concentrated,256,1.0,1,f343dc8618448c0c9d0e37927b8e6f50dc169343e536bdaae4bfce436cb39630,lora,0.15931890368606463,,1024,0,256,256,256,1000,1.5156159450416453
concentrated,256,1.0,1,f343dc8618448c0c9d0e37927b8e6f50dc169343e536bdaae4bfce436cb39630,compressed,0.019124883812694362,,128,0,256,256,256,1000,1.5670603750040755
concentrated,256,1.0,1,f343dc8618448c0c9d0e37927b8e6f50dc169343e536bdaae4bfce436cb39630,random,0.01768305255034177,5.459404565044679e-05,128,256,256,256,256,1000,1.5813045799732208
concentrated,256,1.0,1,f343dc8618448c0c9d0e37927b8e6f50dc169343e536bdaae4bfce436cb39630,gradient,0.049341831410987136,5.450736716738902e-05,128,256,256,256,256,1000,1.5824733449844643
concentrated,256,1.0,1,f343dc8618448c0c9d0e37927b8e6f50dc169343e536bdaae4bfce436cb39630,snip,0.04123686449560812,1.9750626961467788e-05,128,256,256,256,256,1000,1.5835430739680305
concentrated,256,1.0,1,f343dc8618448c0c9d0e37927b8e6f50dc169343e536bdaae4bfce436cb39630,energy,0.011441047802473812,0.9920641779899597,128,256,256,256,256,1000,1.5833003109437414
concentrated,256,1.0,1,f343dc8618448c0c9d0e37927b8e6f50dc169343e536bdaae4bfce436cb39630,snip_independent,0.02985279085965834,0.007332552690058947,128,128,128,256,256,1000,1.5787012920482084
concentrated,256,1.0,1,f343dc8618448c0c9d0e37927b8e6f50dc169343e536bdaae4bfce436cb39630,snip_same_half,0.06711126413383478,3.583109355531633e-05,128,128,128,128,256,1000,1.5813140199752524
concentrated,256,1.0,2,f343dc8618448c0c9d0e37927b8e6f50dc169343e536bdaae4bfce436cb39630,lora,0.15658384233398015,,1024,0,256,256,256,1000,1.5116811050102115
concentrated,256,1.0,2,f343dc8618448c0c9d0e37927b8e6f50dc169343e536bdaae4bfce436cb39630,compressed,0.01927056552436946,,128,0,256,256,256,1000,1.5671854380052537
concentrated,256,1.0,2,f343dc8618448c0c9d0e37927b8e6f50dc169343e536bdaae4bfce436cb39630,random,0.014788711795077946,0.0005540299462154508,128,256,256,256,256,1000,1.5818038770230487
concentrated,256,1.0,2,f343dc8618448c0c9d0e37927b8e6f50dc169343e536bdaae4bfce436cb39630,gradient,0.04786371203151277,3.297948569525033e-05,128,256,256,256,256,1000,1.5839155990397558
concentrated,256,1.0,2,f343dc8618448c0c9d0e37927b8e6f50dc169343e536bdaae4bfce436cb39630,snip,0.03973639792626276,4.377893128548749e-05,128,256,256,256,256,1000,1.5808239709585905
concentrated,256,1.0,2,f343dc8618448c0c9d0e37927b8e6f50dc169343e536bdaae4bfce436cb39630,energy,0.009799236221134844,0.9920641779899597,128,256,256,256,256,1000,1.5826702420017682
concentrated,256,1.0,2,f343dc8618448c0c9d0e37927b8e6f50dc169343e536bdaae4bfce436cb39630,snip_independent,0.020497495699973597,0.0033733586315065622,128,128,128,256,256,1000,1.581959047995042
concentrated,256,1.0,2,f343dc8618448c0c9d0e37927b8e6f50dc169343e536bdaae4bfce436cb39630,snip_same_half,0.05693127951109234,0.0023403926752507687,128,128,128,128,256,1000,1.5836412779754028
concentrated,256,1.0,3,f343dc8618448c0c9d0e37927b8e6f50dc169343e536bdaae4bfce436cb39630,lora,0.153518782170841,,1024,0,256,256,256,1000,1.5142554749618284
concentrated,256,1.0,3,f343dc8618448c0c9d0e37927b8e6f50dc169343e536bdaae4bfce436cb39630,compressed,0.02159551214441672,,128,0,256,256,256,1000,1.5665912539698184
concentrated,256,1.0,3,f343dc8618448c0c9d0e37927b8e6f50dc169343e536bdaae4bfce436cb39630,random,0.016487885156259766,6.188894622027874e-05,128,256,256,256,256,1000,1.581113169027958
concentrated,256,1.0,3,f343dc8618448c0c9d0e37927b8e6f50dc169343e536bdaae4bfce436cb39630,gradient,0.04415847250593663,0.02071881853044033,128,256,256,256,256,1000,1.5821691080345772
concentrated,256,1.0,3,f343dc8618448c0c9d0e37927b8e6f50dc169343e536bdaae4bfce436cb39630,snip,0.04282942703298286,0.0001077038687071763,128,256,256,256,256,1000,1.5799432610510848
concentrated,256,1.0,3,f343dc8618448c0c9d0e37927b8e6f50dc169343e536bdaae4bfce436cb39630,energy,0.013581770592536443,0.9920641779899597,128,256,256,256,256,1000,1.579884025035426
concentrated,256,1.0,3,f343dc8618448c0c9d0e37927b8e6f50dc169343e536bdaae4bfce436cb39630,snip_independent,0.026513650226762237,0.00010269352787872776,128,128,128,256,256,1000,1.5786774070584215
concentrated,256,1.0,3,f343dc8618448c0c9d0e37927b8e6f50dc169343e536bdaae4bfce436cb39630,snip_same_half,0.05964803729971166,3.5163029679097235e-05,128,128,128,128,256,1000,1.579264847037848
concentrated,256,1.0,4,f343dc8618448c0c9d0e37927b8e6f50dc169343e536bdaae4bfce436cb39630,lora,0.15421921785869078,,1024,0,256,256,256,1000,1.5104285179986618
concentrated,256,1.0,4,f343dc8618448c0c9d0e37927b8e6f50dc169343e536bdaae4bfce436cb39630,compressed,0.0205014234647685,,128,0,256,256,256,1000,1.5687069409759715
concentrated,256,1.0,4,f343dc8618448c0c9d0e37927b8e6f50dc169343e536bdaae4bfce436cb39630,random,0.016252816135698275,5.043022974859923e-05,128,256,256,256,256,1000,1.5834126299596392
concentrated,256,1.0,4,f343dc8618448c0c9d0e37927b8e6f50dc169343e536bdaae4bfce436cb39630,gradient,0.05047593522243424,4.916752368444577e-05,128,256,256,256,256,1000,1.583562425978016
concentrated,256,1.0,4,f343dc8618448c0c9d0e37927b8e6f50dc169343e536bdaae4bfce436cb39630,snip,0.0447572065044378,3.446563641773537e-05,128,256,256,256,256,1000,1.5825979560031556
concentrated,256,1.0,4,f343dc8618448c0c9d0e37927b8e6f50dc169343e536bdaae4bfce436cb39630,energy,0.013732597218865996,0.9920641779899597,128,256,256,256,256,1000,1.583930316963233
concentrated,256,1.0,4,f343dc8618448c0c9d0e37927b8e6f50dc169343e536bdaae4bfce436cb39630,snip_independent,0.033499905093073074,5.2992283599451184e-05,128,128,128,256,256,1000,1.5820187959470786
concentrated,256,1.0,4,f343dc8618448c0c9d0e37927b8e6f50dc169343e536bdaae4bfce436cb39630,snip_same_half,0.06876471296170167,6.492693501058966e-05,128,128,128,128,256,1000,1.5831385859637521
concentrated,256,1.0,5,f343dc8618448c0c9d0e37927b8e6f50dc169343e536bdaae4bfce436cb39630,lora,0.14771768035257588,,1024,0,256,256,256,1000,1.5149938790127635
concentrated,256,1.0,5,f343dc8618448c0c9d0e37927b8e6f50dc169343e536bdaae4bfce436cb39630,compressed,0.02021598773551688,,128,0,256,256,256,1000,1.5675732939853333
concentrated,256,1.0,5,f343dc8618448c0c9d0e37927b8e6f50dc169343e536bdaae4bfce436cb39630,random,0.017998268464035343,7.635838119313121e-05,128,256,256,256,256,1000,1.5825603919802234
concentrated,256,1.0,5,f343dc8618448c0c9d0e37927b8e6f50dc169343e536bdaae4bfce436cb39630,gradient,0.048306736165763905,0.01109367422759533,128,256,256,256,256,1000,1.5817432060139254
concentrated,256,1.0,5,f343dc8618448c0c9d0e37927b8e6f50dc169343e536bdaae4bfce436cb39630,snip,0.04129972932196618,6.868380296509713e-05,128,256,256,256,256,1000,1.580533013038803
concentrated,256,1.0,5,f343dc8618448c0c9d0e37927b8e6f50dc169343e536bdaae4bfce436cb39630,energy,0.014388966726348554,0.9920641779899597,128,256,256,256,256,1000,1.581819229060784
concentrated,256,1.0,5,f343dc8618448c0c9d0e37927b8e6f50dc169343e536bdaae4bfce436cb39630,snip_independent,0.03001939226902175,3.746289075934328e-05,128,128,128,256,256,1000,1.5792699749581516
concentrated,256,1.0,5,f343dc8618448c0c9d0e37927b8e6f50dc169343e536bdaae4bfce436cb39630,snip_same_half,0.0684804298845963,2.3001915906206705e-05,128,128,128,128,256,1000,1.5804809990222566
concentrated,256,1.0,6,f343dc8618448c0c9d0e37927b8e6f50dc169343e536bdaae4bfce436cb39630,lora,0.14665511866733416,,1024,0,256,256,256,1000,1.5152219429728575
concentrated,256,1.0,6,f343dc8618448c0c9d0e37927b8e6f50dc169343e536bdaae4bfce436cb39630,compressed,0.020176997374186184,,128,0,256,256,256,1000,1.5695976830320433
concentrated,256,1.0,6,f343dc8618448c0c9d0e37927b8e6f50dc169343e536bdaae4bfce436cb39630,random,0.014814952234709772,3.308058512629941e-05,128,256,256,256,256,1000,1.5829235420096666
concentrated,256,1.0,6,f343dc8618448c0c9d0e37927b8e6f50dc169343e536bdaae4bfce436cb39630,gradient,0.05386158559224334,4.949750655214302e-05,128,256,256,256,256,1000,1.5901912450208329
concentrated,256,1.0,6,f343dc8618448c0c9d0e37927b8e6f50dc169343e536bdaae4bfce436cb39630,snip,0.040617001832389324,1.9308008631924167e-05,128,256,256,256,256,1000,1.5853856059839018
concentrated,256,1.0,6,f343dc8618448c0c9d0e37927b8e6f50dc169343e536bdaae4bfce436cb39630,energy,0.014234447238758548,0.9920641779899597,128,256,256,256,256,1000,1.5871565869892947
concentrated,256,1.0,6,f343dc8618448c0c9d0e37927b8e6f50dc169343e536bdaae4bfce436cb39630,snip_independent,0.031583971151066245,0.0033229172695428133,128,128,128,256,256,1000,1.5842706079711206
concentrated,256,1.0,6,f343dc8618448c0c9d0e37927b8e6f50dc169343e536bdaae4bfce436cb39630,snip_same_half,0.07194160381093068,0.00033521224395371974,128,128,128,128,256,1000,1.588178133009933
concentrated,256,1.0,7,f343dc8618448c0c9d0e37927b8e6f50dc169343e536bdaae4bfce436cb39630,lora,0.17298932510168386,,1024,0,256,256,256,1000,1.515056834963616
concentrated,256,1.0,7,f343dc8618448c0c9d0e37927b8e6f50dc169343e536bdaae4bfce436cb39630,compressed,0.01781420442449238,,128,0,256,256,256,1000,1.5678060150239617
concentrated,256,1.0,7,f343dc8618448c0c9d0e37927b8e6f50dc169343e536bdaae4bfce436cb39630,random,0.015127666686366795,5.749698539148085e-05,128,256,256,256,256,1000,1.5812403049785644
concentrated,256,1.0,7,f343dc8618448c0c9d0e37927b8e6f50dc169343e536bdaae4bfce436cb39630,gradient,0.05018691680234818,0.004787181969732046,128,256,256,256,256,1000,1.58614026295254
concentrated,256,1.0,7,f343dc8618448c0c9d0e37927b8e6f50dc169343e536bdaae4bfce436cb39630,snip,0.04197324371630172,0.00015652773436158895,128,256,256,256,256,1000,1.5830109129310586
concentrated,256,1.0,7,f343dc8618448c0c9d0e37927b8e6f50dc169343e536bdaae4bfce436cb39630,energy,0.013176000818389526,0.9920641779899597,128,256,256,256,256,1000,1.5848012400092557
concentrated,256,1.0,7,f343dc8618448c0c9d0e37927b8e6f50dc169343e536bdaae4bfce436cb39630,snip_independent,0.02993938194246043,0.0004072990850545466,128,128,128,256,256,1000,1.58312778203981
concentrated,256,1.0,7,f343dc8618448c0c9d0e37927b8e6f50dc169343e536bdaae4bfce436cb39630,snip_same_half,0.06516176411254693,0.0008319219341501594,128,128,128,128,256,1000,1.585527039016597
concentrated,256,1.0,8,f343dc8618448c0c9d0e37927b8e6f50dc169343e536bdaae4bfce436cb39630,lora,0.14798850742192354,,1024,0,256,256,256,1000,1.5116789109888487
concentrated,256,1.0,8,f343dc8618448c0c9d0e37927b8e6f50dc169343e536bdaae4bfce436cb39630,compressed,0.022467351072506844,,128,0,256,256,256,1000,1.5707485169987194
concentrated,256,1.0,8,f343dc8618448c0c9d0e37927b8e6f50dc169343e536bdaae4bfce436cb39630,random,0.015179574823101711,0.018489105626940727,128,256,256,256,256,1000,1.5846972800209187
concentrated,256,1.0,8,f343dc8618448c0c9d0e37927b8e6f50dc169343e536bdaae4bfce436cb39630,gradient,0.05055825663635753,5.8447174524189904e-05,128,256,256,256,256,1000,1.5853943310212344
concentrated,256,1.0,8,f343dc8618448c0c9d0e37927b8e6f50dc169343e536bdaae4bfce436cb39630,snip,0.046190376706956845,0.006432242225855589,128,256,256,256,256,1000,1.5846797850099392
concentrated,256,1.0,8,f343dc8618448c0c9d0e37927b8e6f50dc169343e536bdaae4bfce436cb39630,energy,0.012517318850093015,0.9920641779899597,128,256,256,256,256,1000,1.5866876170039177
concentrated,256,1.0,8,f343dc8618448c0c9d0e37927b8e6f50dc169343e536bdaae4bfce436cb39630,snip_independent,0.028569947907317907,3.6980651202611625e-05,128,128,128,256,256,1000,1.5844041089294478
concentrated,256,1.0,8,f343dc8618448c0c9d0e37927b8e6f50dc169343e536bdaae4bfce436cb39630,snip_same_half,0.06610218260904055,0.006433360278606415,128,128,128,128,256,1000,1.5836342630209401
concentrated,256,1.0,9,f343dc8618448c0c9d0e37927b8e6f50dc169343e536bdaae4bfce436cb39630,lora,0.15320666883671336,,1024,0,256,256,256,1000,1.5153696119668894
concentrated,256,1.0,9,f343dc8618448c0c9d0e37927b8e6f50dc169343e536bdaae4bfce436cb39630,compressed,0.0207376616493195,,128,0,256,256,256,1000,1.567475953954272
concentrated,256,1.0,9,f343dc8618448c0c9d0e37927b8e6f50dc169343e536bdaae4bfce436cb39630,random,0.015904942139087407,0.003082582727074623,128,256,256,256,256,1000,1.583393632026855
concentrated,256,1.0,9,f343dc8618448c0c9d0e37927b8e6f50dc169343e536bdaae4bfce436cb39630,gradient,0.05266746685091102,7.097118941601366e-05,128,256,256,256,256,1000,1.582623039954342
concentrated,256,1.0,9,f343dc8618448c0c9d0e37927b8e6f50dc169343e536bdaae4bfce436cb39630,snip,0.04455623622148925,1.9201448594685644e-05,128,256,256,256,256,1000,1.5826906919828616
concentrated,256,1.0,9,f343dc8618448c0c9d0e37927b8e6f50dc169343e536bdaae4bfce436cb39630,energy,0.013860837443609015,0.9920641779899597,128,256,256,256,256,1000,1.583605959021952
concentrated,256,1.0,9,f343dc8618448c0c9d0e37927b8e6f50dc169343e536bdaae4bfce436cb39630,snip_independent,0.0308428390452008,2.7736907213693485e-05,128,128,128,256,256,1000,1.5826812330051325
concentrated,256,1.0,9,f343dc8618448c0c9d0e37927b8e6f50dc169343e536bdaae4bfce436cb39630,snip_same_half,0.06373356754717177,3.491017560008913e-05,128,128,128,128,256,1000,1.5838380110217258
concentrated,256,1.0,10,f343dc8618448c0c9d0e37927b8e6f50dc169343e536bdaae4bfce436cb39630,lora,0.1457208215763507,,1024,0,256,256,256,1000,1.5140241039916873
concentrated,256,1.0,10,f343dc8618448c0c9d0e37927b8e6f50dc169343e536bdaae4bfce436cb39630,compressed,0.021624861227774142,,128,0,256,256,256,1000,1.5698506570188329
concentrated,256,1.0,10,f343dc8618448c0c9d0e37927b8e6f50dc169343e536bdaae4bfce436cb39630,random,0.016992454738862354,0.0016264530131593347,128,256,256,256,256,1000,1.583977269998286
concentrated,256,1.0,10,f343dc8618448c0c9d0e37927b8e6f50dc169343e536bdaae4bfce436cb39630,gradient,0.04981093514521313,1.94338626897661e-05,128,256,256,256,256,1000,1.583720333990641
concentrated,256,1.0,10,f343dc8618448c0c9d0e37927b8e6f50dc169343e536bdaae4bfce436cb39630,snip,0.04554430773439797,5.084153599455021e-05,128,256,256,256,256,1000,1.5843219649977982
concentrated,256,1.0,10,f343dc8618448c0c9d0e37927b8e6f50dc169343e536bdaae4bfce436cb39630,energy,0.012491770992992507,0.9920641779899597,128,256,256,256,256,1000,1.586034354986623
concentrated,256,1.0,10,f343dc8618448c0c9d0e37927b8e6f50dc169343e536bdaae4bfce436cb39630,snip_independent,0.028170665274731926,2.8376340196700767e-05,128,128,128,256,256,1000,1.58357692201389
concentrated,256,1.0,10,f343dc8618448c0c9d0e37927b8e6f50dc169343e536bdaae4bfce436cb39630,snip_same_half,0.06126462335690115,0.00728039164096117,128,128,128,128,256,1000,1.5846405149204656
concentrated,256,1.0,11,f343dc8618448c0c9d0e37927b8e6f50dc169343e536bdaae4bfce436cb39630,lora,0.14625399033724032,,1024,0,256,256,256,1000,1.5124298210139386
concentrated,256,1.0,11,f343dc8618448c0c9d0e37927b8e6f50dc169343e536bdaae4bfce436cb39630,compressed,0.020313572841654828,,128,0,256,256,256,1000,1.5635765009792522
concentrated,256,1.0,11,f343dc8618448c0c9d0e37927b8e6f50dc169343e536bdaae4bfce436cb39630,random,0.015059975514788286,7.15193382347934e-05,128,256,256,256,256,1000,1.5747261789510958
concentrated,256,1.0,11,f343dc8618448c0c9d0e37927b8e6f50dc169343e536bdaae4bfce436cb39630,gradient,0.04725634055879082,0.0008449775632470846,128,256,256,256,256,1000,1.5762984039611183
concentrated,256,1.0,11,f343dc8618448c0c9d0e37927b8e6f50dc169343e536bdaae4bfce436cb39630,snip,0.041995288939029665,0.0009412916260771453,128,256,256,256,256,1000,1.5737990779452957
concentrated,256,1.0,11,f343dc8618448c0c9d0e37927b8e6f50dc169343e536bdaae4bfce436cb39630,energy,0.011093567535696729,0.9920641779899597,128,256,256,256,256,1000,1.5758794479770586
concentrated,256,1.0,11,f343dc8618448c0c9d0e37927b8e6f50dc169343e536bdaae4bfce436cb39630,snip_independent,0.02680784590146995,0.0009307879372499883,128,128,128,256,256,1000,1.576340104045812
concentrated,256,1.0,11,f343dc8618448c0c9d0e37927b8e6f50dc169343e536bdaae4bfce436cb39630,snip_same_half,0.06650011927900906,3.727707371581346e-05,128,128,128,128,256,1000,1.5767858360195532
concentrated,256,1.0,12,f343dc8618448c0c9d0e37927b8e6f50dc169343e536bdaae4bfce436cb39630,lora,0.1626823151812042,,1024,0,256,256,256,1000,1.5188321080058813
concentrated,256,1.0,12,f343dc8618448c0c9d0e37927b8e6f50dc169343e536bdaae4bfce436cb39630,compressed,0.022567401470603828,,128,0,256,256,256,1000,1.575878745992668
concentrated,256,1.0,12,f343dc8618448c0c9d0e37927b8e6f50dc169343e536bdaae4bfce436cb39630,random,0.017846098028556072,2.965460589621216e-05,128,256,256,256,256,1000,1.5912588970386423
concentrated,256,1.0,12,f343dc8618448c0c9d0e37927b8e6f50dc169343e536bdaae4bfce436cb39630,gradient,0.050482363096239144,0.024198200553655624,128,256,256,256,256,1000,1.589614809025079
concentrated,256,1.0,12,f343dc8618448c0c9d0e37927b8e6f50dc169343e536bdaae4bfce436cb39630,snip,0.045163554530529886,9.770906763151288e-05,128,256,256,256,256,1000,1.5906617870205082
concentrated,256,1.0,12,f343dc8618448c0c9d0e37927b8e6f50dc169343e536bdaae4bfce436cb39630,energy,0.01314825608983249,0.9920641779899597,128,256,256,256,256,1000,1.5916503519983962
concentrated,256,1.0,12,f343dc8618448c0c9d0e37927b8e6f50dc169343e536bdaae4bfce436cb39630,snip_independent,0.029474688495555977,0.00019552753656171262,128,128,128,256,256,1000,1.5897009830223396
concentrated,256,1.0,12,f343dc8618448c0c9d0e37927b8e6f50dc169343e536bdaae4bfce436cb39630,snip_same_half,0.0688275040978257,7.6822834671475e-05,128,128,128,128,256,1000,1.5877504459931515
concentrated,256,1.0,13,f343dc8618448c0c9d0e37927b8e6f50dc169343e536bdaae4bfce436cb39630,lora,0.1578994029686862,,1024,0,256,256,256,1000,1.5079498949926347
concentrated,256,1.0,13,f343dc8618448c0c9d0e37927b8e6f50dc169343e536bdaae4bfce436cb39630,compressed,0.02013757305168918,,128,0,256,256,256,1000,1.5579401000286452
concentrated,256,1.0,13,f343dc8618448c0c9d0e37927b8e6f50dc169343e536bdaae4bfce436cb39630,random,0.013961011743369419,0.001959688263013959,128,256,256,256,256,1000,1.574504420044832
concentrated,256,1.0,13,f343dc8618448c0c9d0e37927b8e6f50dc169343e536bdaae4bfce436cb39630,gradient,0.04818743627497099,0.08045422285795212,128,256,256,256,256,1000,1.5753986720228568
concentrated,256,1.0,13,f343dc8618448c0c9d0e37927b8e6f50dc169343e536bdaae4bfce436cb39630,snip,0.03720481395385762,0.004868290387094021,128,256,256,256,256,1000,1.5737112120259553
concentrated,256,1.0,13,f343dc8618448c0c9d0e37927b8e6f50dc169343e536bdaae4bfce436cb39630,energy,0.01078577574394644,0.9920641779899597,128,256,256,256,256,1000,1.57514374301536
concentrated,256,1.0,13,f343dc8618448c0c9d0e37927b8e6f50dc169343e536bdaae4bfce436cb39630,snip_independent,0.02681228129323742,2.1375830328906886e-05,128,128,128,256,256,1000,1.5735169689869508
concentrated,256,1.0,13,f343dc8618448c0c9d0e37927b8e6f50dc169343e536bdaae4bfce436cb39630,snip_same_half,0.0657009212462366,0.004886559210717678,128,128,128,128,256,1000,1.5714472249965183
concentrated,256,1.0,14,f343dc8618448c0c9d0e37927b8e6f50dc169343e536bdaae4bfce436cb39630,lora,0.15950027302736308,,1024,0,256,256,256,1000,1.5137527479673736
concentrated,256,1.0,14,f343dc8618448c0c9d0e37927b8e6f50dc169343e536bdaae4bfce436cb39630,compressed,0.024351915992740267,,128,0,256,256,256,1000,1.5675905359676108
concentrated,256,1.0,14,f343dc8618448c0c9d0e37927b8e6f50dc169343e536bdaae4bfce436cb39630,random,0.017811874451350483,2.5457075025769882e-05,128,256,256,256,256,1000,1.584553173976019
concentrated,256,1.0,14,f343dc8618448c0c9d0e37927b8e6f50dc169343e536bdaae4bfce436cb39630,gradient,0.048917534138645295,6.0045600548619404e-05,128,256,256,256,256,1000,1.5842083569732495
concentrated,256,1.0,14,f343dc8618448c0c9d0e37927b8e6f50dc169343e536bdaae4bfce436cb39630,snip,0.04407229985551482,0.019178206101059914,128,256,256,256,256,1000,1.583978576993104
concentrated,256,1.0,14,f343dc8618448c0c9d0e37927b8e6f50dc169343e536bdaae4bfce436cb39630,energy,0.013763920128290075,0.9920641779899597,128,256,256,256,256,1000,1.5845082529704086
concentrated,256,1.0,14,f343dc8618448c0c9d0e37927b8e6f50dc169343e536bdaae4bfce436cb39630,snip_independent,0.03477859863939349,0.0302143394947052,128,128,128,256,256,1000,1.5828681479906663
concentrated,256,1.0,14,f343dc8618448c0c9d0e37927b8e6f50dc169343e536bdaae4bfce436cb39630,snip_same_half,0.06492782769083166,4.42382697656285e-05,128,128,128,128,256,1000,1.5840630599413998
concentrated,256,1.0,15,f343dc8618448c0c9d0e37927b8e6f50dc169343e536bdaae4bfce436cb39630,lora,0.15050866571764598,,1024,0,256,256,256,1000,1.5116989529924467
concentrated,256,1.0,15,f343dc8618448c0c9d0e37927b8e6f50dc169343e536bdaae4bfce436cb39630,compressed,0.019309521773346168,,128,0,256,256,256,1000,1.5634225799585693
concentrated,256,1.0,15,f343dc8618448c0c9d0e37927b8e6f50dc169343e536bdaae4bfce436cb39630,random,0.015302928984532903,0.00010257492976961657,128,256,256,256,256,1000,1.5759595460258424
concentrated,256,1.0,15,f343dc8618448c0c9d0e37927b8e6f50dc169343e536bdaae4bfce436cb39630,gradient,0.05395288523214782,0.01912025175988674,128,256,256,256,256,1000,1.5754781890427694
concentrated,256,1.0,15,f343dc8618448c0c9d0e37927b8e6f50dc169343e536bdaae4bfce436cb39630,snip,0.04871297718258674,0.007317813113331795,128,256,256,256,256,1000,1.5746273380354978
concentrated,256,1.0,15,f343dc8618448c0c9d0e37927b8e6f50dc169343e536bdaae4bfce436cb39630,energy,0.012582777331645076,0.9920641779899597,128,256,256,256,256,1000,1.576621195068583
concentrated,256,1.0,15,f343dc8618448c0c9d0e37927b8e6f50dc169343e536bdaae4bfce436cb39630,snip_independent,0.03296914747948526,0.01909971609711647,128,128,128,256,256,1000,1.5761231570504606
concentrated,256,1.0,15,f343dc8618448c0c9d0e37927b8e6f50dc169343e536bdaae4bfce436cb39630,snip_same_half,0.0728738809286262,0.007333683781325817,128,128,128,128,256,1000,1.5793049509520642
concentrated,256,1.0,16,f343dc8618448c0c9d0e37927b8e6f50dc169343e536bdaae4bfce436cb39630,lora,0.15587372340862687,,1024,0,256,256,256,1000,1.5159421050339006
concentrated,256,1.0,16,f343dc8618448c0c9d0e37927b8e6f50dc169343e536bdaae4bfce436cb39630,compressed,0.020888918765912954,,128,0,256,256,256,1000,1.56985666800756
concentrated,256,1.0,16,f343dc8618448c0c9d0e37927b8e6f50dc169343e536bdaae4bfce436cb39630,random,0.01660969929811812,0.0010921164648607373,128,256,256,256,256,1000,1.5849167610285804
concentrated,256,1.0,16,f343dc8618448c0c9d0e37927b8e6f50dc169343e536bdaae4bfce436cb39630,gradient,0.05205863496019855,9.793379285838455e-05,128,256,256,256,256,1000,1.584211066015996
concentrated,256,1.0,16,f343dc8618448c0c9d0e37927b8e6f50dc169343e536bdaae4bfce436cb39630,snip,0.04669965039345546,0.00047326867934316397,128,256,256,256,256,1000,1.5859889950370416
concentrated,256,1.0,16,f343dc8618448c0c9d0e37927b8e6f50dc169343e536bdaae4bfce436cb39630,energy,0.014857506988188484,0.9920641779899597,128,256,256,256,256,1000,1.5861036540009081
concentrated,256,1.0,16,f343dc8618448c0c9d0e37927b8e6f50dc169343e536bdaae4bfce436cb39630,snip_independent,0.029399996564863504,0.0008846594137139618,128,128,128,256,256,1000,1.5852325579617172
concentrated,256,1.0,16,f343dc8618448c0c9d0e37927b8e6f50dc169343e536bdaae4bfce436cb39630,snip_same_half,0.06727869222856173,8.357961633009836e-05,128,128,128,128,256,1000,1.5857591310050339
concentrated,256,1.0,17,f343dc8618448c0c9d0e37927b8e6f50dc169343e536bdaae4bfce436cb39630,lora,0.1561395095275695,,1024,0,256,256,256,1000,1.5099028819822706
concentrated,256,1.0,17,f343dc8618448c0c9d0e37927b8e6f50dc169343e536bdaae4bfce436cb39630,compressed,0.023561312364418757,,128,0,256,256,256,1000,1.5565398189937696
concentrated,256,1.0,17,f343dc8618448c0c9d0e37927b8e6f50dc169343e536bdaae4bfce436cb39630,random,0.015922763952685423,0.02496221847832203,128,256,256,256,256,1000,1.569252406945452
concentrated,256,1.0,17,f343dc8618448c0c9d0e37927b8e6f50dc169343e536bdaae4bfce436cb39630,gradient,0.050638523692793716,0.021265273913741112,128,256,256,256,256,1000,1.5702056879526936
concentrated,256,1.0,17,f343dc8618448c0c9d0e37927b8e6f50dc169343e536bdaae4bfce436cb39630,snip,0.0472892503460698,0.02126341126859188,128,256,256,256,256,1000,1.5683998489985242
concentrated,256,1.0,17,f343dc8618448c0c9d0e37927b8e6f50dc169343e536bdaae4bfce436cb39630,energy,0.012802614894252247,0.9920641779899597,128,256,256,256,256,1000,1.5713512119255029
concentrated,256,1.0,17,f343dc8618448c0c9d0e37927b8e6f50dc169343e536bdaae4bfce436cb39630,snip_independent,0.027747823415296802,0.021337293088436127,128,128,128,256,256,1000,1.5691672450047918
concentrated,256,1.0,17,f343dc8618448c0c9d0e37927b8e6f50dc169343e536bdaae4bfce436cb39630,snip_same_half,0.06491260894752651,2.6168394470005296e-05,128,128,128,128,256,1000,1.5698700650245883
concentrated,256,1.0,18,f343dc8618448c0c9d0e37927b8e6f50dc169343e536bdaae4bfce436cb39630,lora,0.16418196482524372,,1024,0,256,256,256,1000,1.5134009789908305
concentrated,256,1.0,18,f343dc8618448c0c9d0e37927b8e6f50dc169343e536bdaae4bfce436cb39630,compressed,0.02131820921097486,,128,0,256,256,256,1000,1.5679558420088142
concentrated,256,1.0,18,f343dc8618448c0c9d0e37927b8e6f50dc169343e536bdaae4bfce436cb39630,random,0.01558879116781032,7.858118624426425e-05,128,256,256,256,256,1000,1.5835551170166582
concentrated,256,1.0,18,f343dc8618448c0c9d0e37927b8e6f50dc169343e536bdaae4bfce436cb39630,gradient,0.04892017344686678,0.48597440123558044,128,256,256,256,256,1000,1.5827555100549944
concentrated,256,1.0,18,f343dc8618448c0c9d0e37927b8e6f50dc169343e536bdaae4bfce436cb39630,snip,0.042035097536271646,1.3653534551849589e-05,128,256,256,256,256,1000,1.5822427829843946
concentrated,256,1.0,18,f343dc8618448c0c9d0e37927b8e6f50dc169343e536bdaae4bfce436cb39630,energy,0.012531420266917427,0.9920641779899597,128,256,256,256,256,1000,1.5839040990103967
concentrated,256,1.0,18,f343dc8618448c0c9d0e37927b8e6f50dc169343e536bdaae4bfce436cb39630,snip_independent,0.029666795853372036,0.0032507083378732204,128,128,128,256,256,1000,1.5810381780611351
concentrated,256,1.0,18,f343dc8618448c0c9d0e37927b8e6f50dc169343e536bdaae4bfce436cb39630,snip_same_half,0.06548284271812946,0.0001025656601996161,128,128,128,128,256,1000,1.5847790440311655
concentrated,256,1.0,19,f343dc8618448c0c9d0e37927b8e6f50dc169343e536bdaae4bfce436cb39630,lora,0.1547026715042129,,1024,0,256,256,256,1000,1.5021146290237084
concentrated,256,1.0,19,f343dc8618448c0c9d0e37927b8e6f50dc169343e536bdaae4bfce436cb39630,compressed,0.01986166655273913,,128,0,256,256,256,1000,1.553614998003468
concentrated,256,1.0,19,f343dc8618448c0c9d0e37927b8e6f50dc169343e536bdaae4bfce436cb39630,random,0.014017687651115922,0.00011035757779609412,128,256,256,256,256,1000,1.5731834869948216
concentrated,256,1.0,19,f343dc8618448c0c9d0e37927b8e6f50dc169343e536bdaae4bfce436cb39630,gradient,0.050517386546512215,0.06072930991649628,128,256,256,256,256,1000,1.5761189850163646
concentrated,256,1.0,19,f343dc8618448c0c9d0e37927b8e6f50dc169343e536bdaae4bfce436cb39630,snip,0.043679706734912005,0.0015880182618275285,128,256,256,256,256,1000,1.5746382110519335
concentrated,256,1.0,19,f343dc8618448c0c9d0e37927b8e6f50dc169343e536bdaae4bfce436cb39630,energy,0.01411402010868594,0.9920641779899597,128,256,256,256,256,1000,1.5751633920008317
concentrated,256,1.0,19,f343dc8618448c0c9d0e37927b8e6f50dc169343e536bdaae4bfce436cb39630,snip_independent,0.033014304336568115,0.006457918789237738,128,128,128,256,256,1000,1.573420772969257
concentrated,256,1.0,19,f343dc8618448c0c9d0e37927b8e6f50dc169343e536bdaae4bfce436cb39630,snip_same_half,0.06739393592648489,0.00010514075256651267,128,128,128,128,256,1000,1.5755203030421399
concentrated,1024,0.25,0,f343dc8618448c0c9d0e37927b8e6f50dc169343e536bdaae4bfce436cb39630,lora,0.007486547812540977,,1024,0,1024,1024,1024,1000,1.5121528989984654
concentrated,1024,0.25,0,f343dc8618448c0c9d0e37927b8e6f50dc169343e536bdaae4bfce436cb39630,compressed,0.002822643030040348,,128,0,1024,1024,1024,1000,1.5690302909933962
concentrated,1024,0.25,0,f343dc8618448c0c9d0e37927b8e6f50dc169343e536bdaae4bfce436cb39630,random,0.0029026613478639676,6.86513667460531e-05,128,1024,1024,1024,1024,1000,1.5861186570255086
concentrated,1024,0.25,0,f343dc8618448c0c9d0e37927b8e6f50dc169343e536bdaae4bfce436cb39630,gradient,0.0009862461441007744,0.5719579458236694,128,1024,1024,1024,1024,1000,1.5875007920549251
concentrated,1024,0.25,0,f343dc8618448c0c9d0e37927b8e6f50dc169343e536bdaae4bfce436cb39630,snip,0.001084451856320514,0.5337037444114685,128,1024,1024,1024,1024,1000,1.5872311460552737
concentrated,1024,0.25,0,f343dc8618448c0c9d0e37927b8e6f50dc169343e536bdaae4bfce436cb39630,energy,0.000513778604481255,0.9920641779899597,128,1024,1024,1024,1024,1000,1.5875597670674324
concentrated,1024,0.25,0,f343dc8618448c0c9d0e37927b8e6f50dc169343e536bdaae4bfce436cb39630,snip_independent,0.0015163242319488196,0.5373651385307312,128,512,512,1024,1024,1000,1.5871142590185627
concentrated,1024,0.25,0,f343dc8618448c0c9d0e37927b8e6f50dc169343e536bdaae4bfce436cb39630,snip_same_half,0.0021077485647837454,0.0832330733537674,128,512,512,512,1024,1000,1.5856152080232278
concentrated,1024,0.25,1,f343dc8618448c0c9d0e37927b8e6f50dc169343e536bdaae4bfce436cb39630,lora,0.007182419340347138,,1024,0,1024,1024,1024,1000,1.5101389880292118
concentrated,1024,0.25,1,f343dc8618448c0c9d0e37927b8e6f50dc169343e536bdaae4bfce436cb39630,compressed,0.0029836302926126313,,128,0,1024,1024,1024,1000,1.5648560979752801
concentrated,1024,0.25,1,f343dc8618448c0c9d0e37927b8e6f50dc169343e536bdaae4bfce436cb39630,random,0.003048396107191252,5.45940529264044e-05,128,1024,1024,1024,1024,1000,1.5749425489921123
concentrated,1024,0.25,1,f343dc8618448c0c9d0e37927b8e6f50dc169343e536bdaae4bfce436cb39630,gradient,0.0010123595659131614,0.5537036657333374,128,1024,1024,1024,1024,1000,1.5734385549440049
concentrated,1024,0.25,1,f343dc8618448c0c9d0e37927b8e6f50dc169343e536bdaae4bfce436cb39630,snip,0.0016332354593593318,0.47596555948257446,128,1024,1024,1024,1024,1000,1.5711439459701069
concentrated,1024,0.25,1,f343dc8618448c0c9d0e37927b8e6f50dc169343e536bdaae4bfce436cb39630,energy,0.0006036378146815521,0.9920641779899597,128,1024,1024,1024,1024,1000,1.5718368249945343
concentrated,1024,0.25,1,f343dc8618448c0c9d0e37927b8e6f50dc169343e536bdaae4bfce436cb39630,snip_independent,0.0016188071545180105,0.5304215550422668,128,512,512,1024,1024,1000,1.5705539810005575
concentrated,1024,0.25,1,f343dc8618448c0c9d0e37927b8e6f50dc169343e536bdaae4bfce436cb39630,snip_same_half,0.0021627787681026854,0.5504891276359558,128,512,512,512,1024,1000,1.571553940011654
concentrated,1024,0.25,2,f343dc8618448c0c9d0e37927b8e6f50dc169343e536bdaae4bfce436cb39630,lora,0.006844822275032252,,1024,0,1024,1024,1024,1000,1.5139621270354837
concentrated,1024,0.25,2,f343dc8618448c0c9d0e37927b8e6f50dc169343e536bdaae4bfce436cb39630,compressed,0.0029193668866749132,,128,0,1024,1024,1024,1000,1.570629810972605
concentrated,1024,0.25,2,f343dc8618448c0c9d0e37927b8e6f50dc169343e536bdaae4bfce436cb39630,random,0.003078753538983634,0.0005540299462154508,128,1024,1024,1024,1024,1000,1.5861829739878885
concentrated,1024,0.25,2,f343dc8618448c0c9d0e37927b8e6f50dc169343e536bdaae4bfce436cb39630,gradient,0.0010356019590543695,0.5576121807098389,128,1024,1024,1024,1024,1000,1.5855304240249097
concentrated,1024,0.25,2,f343dc8618448c0c9d0e37927b8e6f50dc169343e536bdaae4bfce436cb39630,snip,0.0013985879544296202,0.5163783431053162,128,1024,1024,1024,1024,1000,1.5866216879803687
concentrated,1024,0.25,2,f343dc8618448c0c9d0e37927b8e6f50dc169343e536bdaae4bfce436cb39630,energy,0.0006163701801556867,0.9920641779899597,128,1024,1024,1024,1024,1000,1.5871374220005237
concentrated,1024,0.25,2,f343dc8618448c0c9d0e37927b8e6f50dc169343e536bdaae4bfce436cb39630,snip_independent,0.0017021871222405393,0.512117326259613,128,512,512,1024,1024,1000,1.586519850010518
concentrated,1024,0.25,2,f343dc8618448c0c9d0e37927b8e6f50dc169343e536bdaae4bfce436cb39630,snip_same_half,0.0021931582540769467,0.11186924576759338,128,512,512,512,1024,1000,1.5861149939591996
concentrated,1024,0.25,3,f343dc8618448c0c9d0e37927b8e6f50dc169343e536bdaae4bfce436cb39630,lora,0.007072393528058817,,1024,0,1024,1024,1024,1000,1.5115279920282774
concentrated,1024,0.25,3,f343dc8618448c0c9d0e37927b8e6f50dc169343e536bdaae4bfce436cb39630,compressed,0.0029302943077619994,,128,0,1024,1024,1024,1000,1.5656544829835184
concentrated,1024,0.25,3,f343dc8618448c0c9d0e37927b8e6f50dc169343e536bdaae4bfce436cb39630,random,0.0030343637264549648,6.188896077219397e-05,128,1024,1024,1024,1024,1000,1.5775846009491943
concentrated,1024,0.25,3,f343dc8618448c0c9d0e37927b8e6f50dc169343e536bdaae4bfce436cb39630,gradient,0.0010397999953660744,0.5727458596229553,128,1024,1024,1024,1024,1000,1.5771230849786662
concentrated,1024,0.25,3,f343dc8618448c0c9d0e37927b8e6f50dc169343e536bdaae4bfce436cb39630,snip,0.0012324125190326907,0.526329517364502,128,1024,1024,1024,1024,1000,1.5765495559899136
concentrated,1024,0.25,3,f343dc8618448c0c9d0e37927b8e6f50dc169343e536bdaae4bfce436cb39630,energy,0.0005694796655056652,0.9920641779899597,128,1024,1024,1024,1024,1000,1.5725620440207422
concentrated,1024,0.25,3,f343dc8618448c0c9d0e37927b8e6f50dc169343e536bdaae4bfce436cb39630,snip_independent,0.0021996821984037523,0.0008192475652322173,128,512,512,1024,1024,1000,1.5713890000479296
concentrated,1024,0.25,3,f343dc8618448c0c9d0e37927b8e6f50dc169343e536bdaae4bfce436cb39630,snip_same_half,0.0019322942942352746,0.5263786911964417,128,512,512,512,1024,1000,1.572649082983844
concentrated,1024,0.25,4,f343dc8618448c0c9d0e37927b8e6f50dc169343e536bdaae4bfce436cb39630,lora,0.00703912782603777,,1024,0,1024,1024,1024,1000,1.5127699970034882
concentrated,1024,0.25,4,f343dc8618448c0c9d0e37927b8e6f50dc169343e536bdaae4bfce436cb39630,compressed,0.0029997199971243146,,128,0,1024,1024,1024,1000,1.5695704440004192
concentrated,1024,0.25,4,f343dc8618448c0c9d0e37927b8e6f50dc169343e536bdaae4bfce436cb39630,random,0.002995663939833638,5.043023338657804e-05,128,1024,1024,1024,1024,1000,1.5870179299963638
concentrated,1024,0.25,4,f343dc8618448c0c9d0e37927b8e6f50dc169343e536bdaae4bfce436cb39630,gradient,0.0013491176062165509,0.5303499698638916,128,1024,1024,1024,1024,1000,1.59241522900993
concentrated,1024,0.25,4,f343dc8618448c0c9d0e37927b8e6f50dc169343e536bdaae4bfce436cb39630,snip,0.0017672293927606946,0.06708245724439621,128,1024,1024,1024,1024,1000,1.5877570350421593
concentrated,1024,0.25,4,f343dc8618448c0c9d0e37927b8e6f50dc169343e536bdaae4bfce436cb39630,energy,0.0006414340488166797,0.9920641779899597,128,1024,1024,1024,1024,1000,1.5901770390337333
concentrated,1024,0.25,4,f343dc8618448c0c9d0e37927b8e6f50dc169343e536bdaae4bfce436cb39630,snip_independent,0.0020224975851095756,0.06496161222457886,128,512,512,1024,1024,1000,1.587456036999356
concentrated,1024,0.25,4,f343dc8618448c0c9d0e37927b8e6f50dc169343e536bdaae4bfce436cb39630,snip_same_half,0.0029864499659664648,0.07997265458106995,128,512,512,512,1024,1000,1.5894411299959756
concentrated,1024,0.25,5,f343dc8618448c0c9d0e37927b8e6f50dc169343e536bdaae4bfce436cb39630,lora,0.007208256342096771,,1024,0,1024,1024,1024,1000,1.5046522099873982
concentrated,1024,0.25,5,f343dc8618448c0c9d0e37927b8e6f50dc169343e536bdaae4bfce436cb39630,compressed,0.002919796062966269,,128,0,1024,1024,1024,1000,1.5609640030306764
concentrated,1024,0.25,5,f343dc8618448c0c9d0e37927b8e6f50dc169343e536bdaae4bfce436cb39630,random,0.003006215672013369,7.635839574504644e-05,128,1024,1024,1024,1024,1000,1.5779562159441411
concentrated,1024,0.25,5,f343dc8618448c0c9d0e37927b8e6f50dc169343e536bdaae4bfce436cb39630,gradient,0.0009650112707987982,0.5619640946388245,128,1024,1024,1024,1024,1000,1.582276884932071
concentrated,1024,0.25,5,f343dc8618448c0c9d0e37927b8e6f50dc169343e536bdaae4bfce436cb39630,snip,0.0014042014979690405,0.5262607336044312,128,1024,1024,1024,1024,1000,1.5766672110185027
concentrated,1024,0.25,5,f343dc8618448c0c9d0e37927b8e6f50dc169343e536bdaae4bfce436cb39630,energy,0.0006324758514473733,0.9920641779899597,128,1024,1024,1024,1024,1000,1.5797047980013303
concentrated,1024,0.25,5,f343dc8618448c0c9d0e37927b8e6f50dc169343e536bdaae4bfce436cb39630,snip_independent,0.0020395016386212106,0.44929543137550354,128,512,512,1024,1024,1000,1.570431535015814
concentrated,1024,0.25,5,f343dc8618448c0c9d0e37927b8e6f50dc169343e536bdaae4bfce436cb39630,snip_same_half,0.001941301068446566,0.535881519317627,128,512,512,512,1024,1000,1.5725115609820932
concentrated,1024,0.25,6,f343dc8618448c0c9d0e37927b8e6f50dc169343e536bdaae4bfce436cb39630,lora,0.007093476391029262,,1024,0,1024,1024,1024,1000,1.5150756679940969
concentrated,1024,0.25,6,f343dc8618448c0c9d0e37927b8e6f50dc169343e536bdaae4bfce436cb39630,compressed,0.0030232780733738408,,128,0,1024,1024,1024,1000,1.5714062050101347
concentrated,1024,0.25,6,f343dc8618448c0c9d0e37927b8e6f50dc169343e536bdaae4bfce436cb39630,random,0.003015396194504936,3.308058512629941e-05,128,1024,1024,1024,1024,1000,1.588133854966145
concentrated,1024,0.25,6,f343dc8618448c0c9d0e37927b8e6f50dc169343e536bdaae4bfce436cb39630,gradient,0.0012042440984311575,0.5642836093902588,128,1024,1024,1024,1024,1000,1.5880690990015864
concentrated,1024,0.25,6,f343dc8618448c0c9d0e37927b8e6f50dc169343e536bdaae4bfce436cb39630,snip,0.001371468103512576,0.5073482990264893,128,1024,1024,1024,1024,1000,1.5870018330169842
concentrated,1024,0.25,6,f343dc8618448c0c9d0e37927b8e6f50dc169343e536bdaae4bfce436cb39630,energy,0.0006914550657589364,0.9920641779899597,128,1024,1024,1024,1024,1000,1.589712392014917
concentrated,1024,0.25,6,f343dc8618448c0c9d0e37927b8e6f50dc169343e536bdaae4bfce436cb39630,snip_independent,0.0020116756893737266,0.05918401852250099,128,512,512,1024,1024,1000,1.5888530959491618
concentrated,1024,0.25,6,f343dc8618448c0c9d0e37927b8e6f50dc169343e536bdaae4bfce436cb39630,snip_same_half,0.0027867261382897874,0.470363587141037,128,512,512,512,1024,1000,1.5882668609847315
concentrated,1024,0.25,7,f343dc8618448c0c9d0e37927b8e6f50dc169343e536bdaae4bfce436cb39630,lora,0.007447528080155724,,1024,0,1024,1024,1024,1000,1.5023829900310375
concentrated,1024,0.25,7,f343dc8618448c0c9d0e37927b8e6f50dc169343e536bdaae4bfce436cb39630,compressed,0.002988101509898935,,128,0,1024,1024,1024,1000,1.555555118015036
concentrated,1024,0.25,7,f343dc8618448c0c9d0e37927b8e6f50dc169343e536bdaae4bfce436cb39630,random,0.002950351487860844,5.749697447754443e-05,128,1024,1024,1024,1024,1000,1.5736187399597839
concentrated,1024,0.25,7,f343dc8618448c0c9d0e37927b8e6f50dc169343e536bdaae4bfce436cb39630,gradient,0.0010296130918961473,0.5552518963813782,128,1024,1024,1024,1024,1000,1.5771136700059287
concentrated,1024,0.25,7,f343dc8618448c0c9d0e37927b8e6f50dc169343e536bdaae4bfce436cb39630,snip,0.0011887871447651985,0.5262628793716431,128,1024,1024,1024,1024,1000,1.577064385986887
concentrated,1024,0.25,7,f343dc8618448c0c9d0e37927b8e6f50dc169343e536bdaae4bfce436cb39630,energy,0.0005927411438012649,0.9920641779899597,128,1024,1024,1024,1024,1000,1.579028684005607
concentrated,1024,0.25,7,f343dc8618448c0c9d0e37927b8e6f50dc169343e536bdaae4bfce436cb39630,snip_independent,0.0016244093563587718,0.5079860091209412,128,512,512,1024,1024,1000,1.576172071043402
concentrated,1024,0.25,7,f343dc8618448c0c9d0e37927b8e6f50dc169343e536bdaae4bfce436cb39630,snip_same_half,0.0028695615325570025,0.0193007942289114,128,512,512,512,1024,1000,1.5711856069974601
concentrated,1024,0.25,8,f343dc8618448c0c9d0e37927b8e6f50dc169343e536bdaae4bfce436cb39630,lora,0.006698398965283762,,1024,0,1024,1024,1024,1000,1.5140157860005274
concentrated,1024,0.25,8,f343dc8618448c0c9d0e37927b8e6f50dc169343e536bdaae4bfce436cb39630,compressed,0.002810018748470604,,128,0,1024,1024,1024,1000,1.5707823359989561
concentrated,1024,0.25,8,f343dc8618448c0c9d0e37927b8e6f50dc169343e536bdaae4bfce436cb39630,random,0.0029174736748961657,0.018489105626940727,128,1024,1024,1024,1024,1000,1.5867064300109632
concentrated,1024,0.25,8,f343dc8618448c0c9d0e37927b8e6f50dc169343e536bdaae4bfce436cb39630,gradient,0.0010515589094011412,0.5511802434921265,128,1024,1024,1024,1024,1000,1.5866202889592387
concentrated,1024,0.25,8,f343dc8618448c0c9d0e37927b8e6f50dc169343e536bdaae4bfce436cb39630,snip,0.001185286797764198,0.5266754031181335,128,1024,1024,1024,1024,1000,1.5861883300240152
concentrated,1024,0.25,8,f343dc8618448c0c9d0e37927b8e6f50dc169343e536bdaae4bfce436cb39630,energy,0.0005267120860932604,0.9920641779899597,128,1024,1024,1024,1024,1000,1.5878790140268393
concentrated,1024,0.25,8,f343dc8618448c0c9d0e37927b8e6f50dc169343e536bdaae4bfce436cb39630,snip_independent,0.002050193283701373,0.07709535956382751,128,512,512,1024,1024,1000,1.5878303080098704
concentrated,1024,0.25,8,f343dc8618448c0c9d0e37927b8e6f50dc169343e536bdaae4bfce436cb39630,snip_same_half,0.0024708537886464644,0.5263078808784485,128,512,512,512,1024,1000,1.5862211550120264
concentrated,1024,0.25,9,f343dc8618448c0c9d0e37927b8e6f50dc169343e536bdaae4bfce436cb39630,lora,0.0072602532892310934,,1024,0,1024,1024,1024,1000,1.5021088859648444
concentrated,1024,0.25,9,f343dc8618448c0c9d0e37927b8e6f50dc169343e536bdaae4bfce436cb39630,compressed,0.0030082110882452364,,128,0,1024,1024,1024,1000,1.5532737209578045
concentrated,1024,0.25,9,f343dc8618448c0c9d0e37927b8e6f50dc169343e536bdaae4bfce436cb39630,random,0.002965192263535663,0.003082582727074623,128,1024,1024,1024,1024,1000,1.5699006509385072
concentrated,1024,0.25,9,f343dc8618448c0c9d0e37927b8e6f50dc169343e536bdaae4bfce436cb39630,gradient,0.0011713310568896196,0.5714433193206787,128,1024,1024,1024,1024,1000,1.5701684449450113
concentrated,1024,0.25,9,f343dc8618448c0c9d0e37927b8e6f50dc169343e536bdaae4bfce436cb39630,snip,0.0018001363572979357,0.4563950002193451,128,1024,1024,1024,1024,1000,1.5693943939404562
concentrated,1024,0.25,9,f343dc8618448c0c9d0e37927b8e6f50dc169343e536bdaae4bfce436cb39630,energy,0.0007176145273959774,0.9920641779899597,128,1024,1024,1024,1024,1000,1.5727510959259234
concentrated,1024,0.25,9,f343dc8618448c0c9d0e37927b8e6f50dc169343e536bdaae4bfce436cb39630,snip_independent,0.001931355921199013,0.5131193995475769,128,512,512,1024,1024,1000,1.5784685839898884
concentrated,1024,0.25,9,f343dc8618448c0c9d0e37927b8e6f50dc169343e536bdaae4bfce436cb39630,snip_same_half,0.0027706441579398024,0.45559602975845337,128,512,512,512,1024,1000,1.5794262000126764
concentrated,1024,0.25,10,f343dc8618448c0c9d0e37927b8e6f50dc169343e536bdaae4bfce436cb39630,lora,0.006930163119015311,,1024,0,1024,1024,1024,1000,1.5148917100159451
concentrated,1024,0.25,10,f343dc8618448c0c9d0e37927b8e6f50dc169343e536bdaae4bfce436cb39630,compressed,0.0029792759070260324,,128,0,1024,1024,1024,1000,1.5739749079803005
concentrated,1024,0.25,10,f343dc8618448c0c9d0e37927b8e6f50dc169343e536bdaae4bfce436cb39630,random,0.002937248486303834,0.0016264530131593347,128,1024,1024,1024,1024,1000,1.5881349809933454
concentrated,1024,0.25,10,f343dc8618448c0c9d0e37927b8e6f50dc169343e536bdaae4bfce436cb39630,gradient,0.0010647077373156918,0.5613908767700195,128,1024,1024,1024,1024,1000,1.5868916690233164
concentrated,1024,0.25,10,f343dc8618448c0c9d0e37927b8e6f50dc169343e536bdaae4bfce436cb39630,snip,0.001224138330087909,0.5349705219268799,128,1024,1024,1024,1024,1000,1.5872380690416321
concentrated,1024,0.25,10,f343dc8618448c0c9d0e37927b8e6f50dc169343e536bdaae4bfce436cb39630,energy,0.0006322655278622564,0.9920641779899597,128,1024,1024,1024,1024,1000,1.5893129680189304
concentrated,1024,0.25,10,f343dc8618448c0c9d0e37927b8e6f50dc169343e536bdaae4bfce436cb39630,snip_independent,0.0015297149707484811,0.5286121964454651,128,512,512,1024,1024,1000,1.588705756003037
concentrated,1024,0.25,10,f343dc8618448c0c9d0e37927b8e6f50dc169343e536bdaae4bfce436cb39630,snip_same_half,0.003031516628227935,0.08524985611438751,128,512,512,512,1024,1000,1.5876214620657265
concentrated,1024,0.25,11,f343dc8618448c0c9d0e37927b8e6f50dc169343e536bdaae4bfce436cb39630,lora,0.00733452271740151,,1024,0,1024,1024,1024,1000,1.5100715199951082
concentrated,1024,0.25,11,f343dc8618448c0c9d0e37927b8e6f50dc169343e536bdaae4bfce436cb39630,compressed,0.003107021471971112,,128,0,1024,1024,1024,1000,1.5652600909816101
concentrated,1024,0.25,11,f343dc8618448c0c9d0e37927b8e6f50dc169343e536bdaae4bfce436cb39630,random,0.003162973431224413,7.15193382347934e-05,128,1024,1024,1024,1024,1000,1.5814069389598444
concentrated,1024,0.25,11,f343dc8618448c0c9d0e37927b8e6f50dc169343e536bdaae4bfce436cb39630,gradient,0.0012637463473417442,0.5326845049858093,128,1024,1024,1024,1024,1000,1.5799035449163057
concentrated,1024,0.25,11,f343dc8618448c0c9d0e37927b8e6f50dc169343e536bdaae4bfce436cb39630,snip,0.0014177793423531372,0.5268120765686035,128,1024,1024,1024,1024,1000,1.578311224002391
concentrated,1024,0.25,11,f343dc8618448c0c9d0e37927b8e6f50dc169343e536bdaae4bfce436cb39630,energy,0.0007989432308857559,0.9920641779899597,128,1024,1024,1024,1024,1000,1.5732138989842497
concentrated,1024,0.25,11,f343dc8618448c0c9d0e37927b8e6f50dc169343e536bdaae4bfce436cb39630,snip_independent,0.0021304756845065822,0.46893906593322754,128,512,512,1024,1024,1000,1.5763406560290605
concentrated,1024,0.25,11,f343dc8618448c0c9d0e37927b8e6f50dc169343e536bdaae4bfce436cb39630,snip_same_half,0.0026098756213012277,0.5265869498252869,128,512,512,512,1024,1000,1.5809495659777895
concentrated,1024,0.25,12,f343dc8618448c0c9d0e37927b8e6f50dc169343e536bdaae4bfce436cb39630,lora,0.006545953200474833,,1024,0,1024,1024,1024,1000,1.5154860490001738
concentrated,1024,0.25,12,f343dc8618448c0c9d0e37927b8e6f50dc169343e536bdaae4bfce436cb39630,compressed,0.0028658578447900472,,128,0,1024,1024,1024,1000,1.5726268339785747
concentrated,1024,0.25,12,f343dc8618448c0c9d0e37927b8e6f50dc169343e536bdaae4bfce436cb39630,random,0.002915964934919638,2.965460589621216e-05,128,1024,1024,1024,1024,1000,1.5871093869791366
concentrated,1024,0.25,12,f343dc8618448c0c9d0e37927b8e6f50dc169343e536bdaae4bfce436cb39630,gradient,0.0010697318918537217,0.5483441948890686,128,1024,1024,1024,1024,1000,1.5862157479859889
concentrated,1024,0.25,12,f343dc8618448c0c9d0e37927b8e6f50dc169343e536bdaae4bfce436cb39630,snip,0.0012220043708279565,0.5313044190406799,128,1024,1024,1024,1024,1000,1.587349545035977
concentrated,1024,0.25,12,f343dc8618448c0c9d0e37927b8e6f50dc169343e536bdaae4bfce436cb39630,energy,0.0006216326478669993,0.9920641779899597,128,1024,1024,1024,1024,1000,1.5883994399919175
concentrated,1024,0.25,12,f343dc8618448c0c9d0e37927b8e6f50dc169343e536bdaae4bfce436cb39630,snip_independent,0.0016752193769118589,0.47151270508766174,128,512,512,1024,1024,1000,1.588185994012747
concentrated,1024,0.25,12,f343dc8618448c0c9d0e37927b8e6f50dc169343e536bdaae4bfce436cb39630,snip_same_half,0.0019859023196047206,0.5145421624183655,128,512,512,512,1024,1000,1.5873847029870376
concentrated,1024,0.25,13,f343dc8618448c0c9d0e37927b8e6f50dc169343e536bdaae4bfce436cb39630,lora,0.0064160527146419335,,1024,0,1024,1024,1024,1000,1.5125817920197733
concentrated,1024,0.25,13,f343dc8618448c0c9d0e37927b8e6f50dc169343e536bdaae4bfce436cb39630,compressed,0.002865860438277185,,128,0,1024,1024,1024,1000,1.5645751320407726
concentrated,1024,0.25,13,f343dc8618448c0c9d0e37927b8e6f50dc169343e536bdaae4bfce436cb39630,random,0.0029001509137325876,0.001959688263013959,128,1024,1024,1024,1024,1000,1.5816492909798399
concentrated,1024,0.25,13,f343dc8618448c0c9d0e37927b8e6f50dc169343e536bdaae4bfce436cb39630,gradient,0.0009911962781316906,0.5519545078277588,128,1024,1024,1024,1024,1000,1.5809657210484147
concentrated,1024,0.25,13,f343dc8618448c0c9d0e37927b8e6f50dc169343e536bdaae4bfce436cb39630,snip,0.0011210596505339555,0.5386078357696533,128,1024,1024,1024,1024,1000,1.5811516050016508
concentrated,1024,0.25,13,f343dc8618448c0c9d0e37927b8e6f50dc169343e536bdaae4bfce436cb39630,energy,0.0005112886158908339,0.9920641779899597,128,1024,1024,1024,1024,1000,1.5812466950155795
concentrated,1024,0.25,13,f343dc8618448c0c9d0e37927b8e6f50dc169343e536bdaae4bfce436cb39630,snip_independent,0.001505809192890455,0.5284767746925354,128,512,512,1024,1024,1000,1.5756760720396414
concentrated,1024,0.25,13,f343dc8618448c0c9d0e37927b8e6f50dc169343e536bdaae4bfce436cb39630,snip_same_half,0.0025579733877732075,0.5445489883422852,128,512,512,512,1024,1000,1.571556917973794
concentrated,1024,0.25,14,f343dc8618448c0c9d0e37927b8e6f50dc169343e536bdaae4bfce436cb39630,lora,0.006983454241057072,,1024,0,1024,1024,1024,1000,1.5154255090164952
concentrated,1024,0.25,14,f343dc8618448c0c9d0e37927b8e6f50dc169343e536bdaae4bfce436cb39630,compressed,0.0029280539058396883,,128,0,1024,1024,1024,1000,1.5704223610227928
concentrated,1024,0.25,14,f343dc8618448c0c9d0e37927b8e6f50dc169343e536bdaae4bfce436cb39630,random,0.0029404728941129638,2.545707320678048e-05,128,1024,1024,1024,1024,1000,1.5884519450482912
concentrated,1024,0.25,14,f343dc8618448c0c9d0e37927b8e6f50dc169343e536bdaae4bfce436cb39630,gradient,0.0009437411250897874,0.565470814704895,128,1024,1024,1024,1024,1000,1.5886026350199245
concentrated,1024,0.25,14,f343dc8618448c0c9d0e37927b8e6f50dc169343e536bdaae4bfce436cb39630,snip,0.0014311574294563981,0.10111872851848602,128,1024,1024,1024,1024,1000,1.5872719870531
concentrated,1024,0.25,14,f343dc8618448c0c9d0e37927b8e6f50dc169343e536bdaae4bfce436cb39630,energy,0.0005797936387536347,0.9920641779899597,128,1024,1024,1024,1024,1000,1.5875044640270062
concentrated,1024,0.25,14,f343dc8618448c0c9d0e37927b8e6f50dc169343e536bdaae4bfce436cb39630,snip_independent,0.0016075725167991007,0.07699542492628098,128,512,512,1024,1024,1000,1.5879657870391384
concentrated,1024,0.25,14,f343dc8618448c0c9d0e37927b8e6f50dc169343e536bdaae4bfce436cb39630,snip_same_half,0.0021443842643921345,0.07670901715755463,128,512,512,512,1024,1000,1.5876627099933103
concentrated,1024,0.25,15,f343dc8618448c0c9d0e37927b8e6f50dc169343e536bdaae4bfce436cb39630,lora,0.00726966492680179,,1024,0,1024,1024,1024,1000,1.5082304660463706
concentrated,1024,0.25,15,f343dc8618448c0c9d0e37927b8e6f50dc169343e536bdaae4bfce436cb39630,compressed,0.0028728943691318015,,128,0,1024,1024,1024,1000,1.566182371985633
concentrated,1024,0.25,15,f343dc8618448c0c9d0e37927b8e6f50dc169343e536bdaae4bfce436cb39630,random,0.002902192872206383,0.00010257491521770135,128,1024,1024,1024,1024,1000,1.5781269110157155
concentrated,1024,0.25,15,f343dc8618448c0c9d0e37927b8e6f50dc169343e536bdaae4bfce436cb39630,gradient,0.001223567834110353,0.5399791598320007,128,1024,1024,1024,1024,1000,1.5787641980568878
concentrated,1024,0.25,15,f343dc8618448c0c9d0e37927b8e6f50dc169343e536bdaae4bfce436cb39630,snip,0.001199803030965168,0.5112485289573669,128,1024,1024,1024,1024,1000,1.577993549988605
concentrated,1024,0.25,15,f343dc8618448c0c9d0e37927b8e6f50dc169343e536bdaae4bfce436cb39630,energy,0.0005441407637635088,0.9920641779899597,128,1024,1024,1024,1024,1000,1.571895767992828
concentrated,1024,0.25,15,f343dc8618448c0c9d0e37927b8e6f50dc169343e536bdaae4bfce436cb39630,snip_independent,0.0016228084158099586,0.5385887026786804,128,512,512,1024,1024,1000,1.5705549879348837
concentrated,1024,0.25,15,f343dc8618448c0c9d0e37927b8e6f50dc169343e536bdaae4bfce436cb39630,snip_same_half,0.0022403837954022496,0.5050591826438904,128,512,512,512,1024,1000,1.5703297500149347
concentrated,1024,0.25,16,f343dc8618448c0c9d0e37927b8e6f50dc169343e536bdaae4bfce436cb39630,lora,0.006735897564974827,,1024,0,1024,1024,1024,1000,1.5131472229841165
concentrated,1024,0.25,16,f343dc8618448c0c9d0e37927b8e6f50dc169343e536bdaae4bfce436cb39630,compressed,0.002836533768089866,,128,0,1024,1024,1024,1000,1.5689448869670741
concentrated,1024,0.25,16,f343dc8618448c0c9d0e37927b8e6f50dc169343e536bdaae4bfce436cb39630,random,0.002835978353819807,0.0010921164648607373,128,1024,1024,1024,1024,1000,1.5872410659794696
concentrated,1024,0.25,16,f343dc8618448c0c9d0e37927b8e6f50dc169343e536bdaae4bfce436cb39630,gradient,0.0009397139495007411,0.569361686706543,128,1024,1024,1024,1024,1000,1.587954582995735
concentrated,1024,0.25,16,f343dc8618448c0c9d0e37927b8e6f50dc169343e536bdaae4bfce436cb39630,snip,0.0014970711292030705,0.4859491288661957,128,1024,1024,1024,1024,1000,1.5867678049835376
concentrated,1024,0.25,16,f343dc8618448c0c9d0e37927b8e6f50dc169343e536bdaae4bfce436cb39630,energy,0.00046006121482235673,0.9920641779899597,128,1024,1024,1024,1024,1000,1.5873337740194984
concentrated,1024,0.25,16,f343dc8618448c0c9d0e37927b8e6f50dc169343e536bdaae4bfce436cb39630,snip_independent,0.00179032088925221,0.05762543901801109,128,512,512,1024,1024,1000,1.5875214130501263
concentrated,1024,0.25,16,f343dc8618448c0c9d0e37927b8e6f50dc169343e536bdaae4bfce436cb39630,snip_same_half,0.0027494911645858707,0.49380600452423096,128,512,512,512,1024,1000,1.5885332980542444
concentrated,1024,0.25,17,f343dc8618448c0c9d0e37927b8e6f50dc169343e536bdaae4bfce436cb39630,lora,0.006726947984876262,,1024,0,1024,1024,1024,1000,1.5040405610343441
concentrated,1024,0.25,17,f343dc8618448c0c9d0e37927b8e6f50dc169343e536bdaae4bfce436cb39630,compressed,0.0028417187879139485,,128,0,1024,1024,1024,1000,1.5564896580181085
concentrated,1024,0.25,17,f343dc8618448c0c9d0e37927b8e6f50dc169343e536bdaae4bfce436cb39630,random,0.0028516479938326335,0.02496221847832203,128,1024,1024,1024,1024,1000,1.572121640027035
concentrated,1024,0.25,17,f343dc8618448c0c9d0e37927b8e6f50dc169343e536bdaae4bfce436cb39630,gradient,0.0009723751540254969,0.5668089389801025,128,1024,1024,1024,1024,1000,1.5744696470210329
concentrated,1024,0.25,17,f343dc8618448c0c9d0e37927b8e6f50dc169343e536bdaae4bfce436cb39630,snip,0.0019056176414706067,0.0799315795302391,128,1024,1024,1024,1024,1000,1.5797054010326974
concentrated,1024,0.25,17,f343dc8618448c0c9d0e37927b8e6f50dc169343e536bdaae4bfce436cb39630,energy,0.0005792388271526113,0.9920641779899597,128,1024,1024,1024,1024,1000,1.578491013031453
concentrated,1024,0.25,17,f343dc8618448c0c9d0e37927b8e6f50dc169343e536bdaae4bfce436cb39630,snip_independent,0.001638107680031497,0.5135217308998108,128,512,512,1024,1024,1000,1.5784815039951354
concentrated,1024,0.25,17,f343dc8618448c0c9d0e37927b8e6f50dc169343e536bdaae4bfce436cb39630,snip_same_half,0.0020664057524581534,0.5295210480690002,128,512,512,512,1024,1000,1.5794076099409722
concentrated,1024,0.25,18,f343dc8618448c0c9d0e37927b8e6f50dc169343e536bdaae4bfce436cb39630,lora,0.0068976440233096325,,1024,0,1024,1024,1024,1000,1.5137916639796458
concentrated,1024,0.25,18,f343dc8618448c0c9d0e37927b8e6f50dc169343e536bdaae4bfce436cb39630,compressed,0.002936299909063056,,128,0,1024,1024,1024,1000,1.570568638970144
concentrated,1024,0.25,18,f343dc8618448c0c9d0e37927b8e6f50dc169343e536bdaae4bfce436cb39630,random,0.0029937542470118966,7.85811644163914e-05,128,1024,1024,1024,1024,1000,1.5874600009992719
concentrated,1024,0.25,18,f343dc8618448c0c9d0e37927b8e6f50dc169343e536bdaae4bfce436cb39630,gradient,0.0011377646244056638,0.5571401119232178,128,1024,1024,1024,1024,1000,1.5867674680193886
concentrated,1024,0.25,18,f343dc8618448c0c9d0e37927b8e6f50dc169343e536bdaae4bfce436cb39630,snip,0.0015983705138487272,0.5051059722900391,128,1024,1024,1024,1024,1000,1.5862266659969464
concentrated,1024,0.25,18,f343dc8618448c0c9d0e37927b8e6f50dc169343e536bdaae4bfce436cb39630,energy,0.0007046067664087656,0.9920641779899597,128,1024,1024,1024,1024,1000,1.5887374160229228
concentrated,1024,0.25,18,f343dc8618448c0c9d0e37927b8e6f50dc169343e536bdaae4bfce436cb39630,snip_independent,0.002279589705329204,0.06392347812652588,128,512,512,1024,1024,1000,1.5883423360064626
concentrated,1024,0.25,18,f343dc8618448c0c9d0e37927b8e6f50dc169343e536bdaae4bfce436cb39630,snip_same_half,0.0023343916154718023,0.5050455927848816,128,512,512,512,1024,1000,1.5866239530150779
concentrated,1024,0.25,19,f343dc8618448c0c9d0e37927b8e6f50dc169343e536bdaae4bfce436cb39630,lora,0.007099258218195498,,1024,0,1024,1024,1024,1000,1.5132957510068081
concentrated,1024,0.25,19,f343dc8618448c0c9d0e37927b8e6f50dc169343e536bdaae4bfce436cb39630,compressed,0.0029133683712046794,,128,0,1024,1024,1024,1000,1.5655353299807757
concentrated,1024,0.25,19,f343dc8618448c0c9d0e37927b8e6f50dc169343e536bdaae4bfce436cb39630,random,0.0029038818469275243,0.0001103575705201365,128,1024,1024,1024,1024,1000,1.5823957080137916
concentrated,1024,0.25,19,f343dc8618448c0c9d0e37927b8e6f50dc169343e536bdaae4bfce436cb39630,gradient,0.0009740283865328006,0.5621896982192993,128,1024,1024,1024,1024,1000,1.584927144984249
concentrated,1024,0.25,19,f343dc8618448c0c9d0e37927b8e6f50dc169343e536bdaae4bfce436cb39630,snip,0.0014604355277491171,0.5072993040084839,128,1024,1024,1024,1024,1000,1.581155096006114
concentrated,1024,0.25,19,f343dc8618448c0c9d0e37927b8e6f50dc169343e536bdaae4bfce436cb39630,energy,0.0005797875819628768,0.9920641779899597,128,1024,1024,1024,1024,1000,1.5808095880202018
concentrated,1024,0.25,19,f343dc8618448c0c9d0e37927b8e6f50dc169343e536bdaae4bfce436cb39630,snip_independent,0.002029789092528414,0.44960954785346985,128,512,512,1024,1024,1000,1.581843326042872
concentrated,1024,0.25,19,f343dc8618448c0c9d0e37927b8e6f50dc169343e536bdaae4bfce436cb39630,snip_same_half,0.0023943913266688344,0.5080080032348633,128,512,512,512,1024,1000,1.5825760299921967
concentrated,1024,0.5,0,f343dc8618448c0c9d0e37927b8e6f50dc169343e536bdaae4bfce436cb39630,lora,0.027844938571332113,,1024,0,1024,1024,1024,1000,1.512046765012201
concentrated,1024,0.5,0,f343dc8618448c0c9d0e37927b8e6f50dc169343e536bdaae4bfce436cb39630,compressed,0.0038529472546627737,,128,0,1024,1024,1024,1000,1.568704187986441
concentrated,1024,0.5,0,f343dc8618448c0c9d0e37927b8e6f50dc169343e536bdaae4bfce436cb39630,random,0.0036815659182102573,6.865135947009549e-05,128,1024,1024,1024,1024,1000,1.5866479029646143
concentrated,1024,0.5,0,f343dc8618448c0c9d0e37927b8e6f50dc169343e536bdaae4bfce436cb39630,gradient,0.003802682714927528,0.5263144373893738,128,1024,1024,1024,1024,1000,1.5869651179527864
concentrated,1024,0.5,0,f343dc8618448c0c9d0e37927b8e6f50dc169343e536bdaae4bfce436cb39630,snip,0.002587669221659189,0.5061790347099304,128,1024,1024,1024,1024,1000,1.590170857962221
concentrated,1024,0.5,0,f343dc8618448c0c9d0e37927b8e6f50dc169343e536bdaae4bfce436cb39630,energy,0.0011968464469079968,0.9920641779899597,128,1024,1024,1024,1024,1000,1.5912515770178288
concentrated,1024,0.5,0,f343dc8618448c0c9d0e37927b8e6f50dc169343e536bdaae4bfce436cb39630,snip_independent,0.004037874088495648,0.49694564938545227,128,512,512,1024,1024,1000,1.5895981490029953
concentrated,1024,0.5,0,f343dc8618448c0c9d0e37927b8e6f50dc169343e536bdaae4bfce436cb39630,snip_same_half,0.007036018749574631,0.0830802470445633,128,512,512,512,1024,1000,1.5877644019783475
concentrated,1024,0.5,1,f343dc8618448c0c9d0e37927b8e6f50dc169343e536bdaae4bfce436cb39630,lora,0.02735785306304057,,1024,0,1024,1024,1024,1000,1.5120475700241514
concentrated,1024,0.5,1,f343dc8618448c0c9d0e37927b8e6f50dc169343e536bdaae4bfce436cb39630,compressed,0.004401696168771,,128,0,1024,1024,1024,1000,1.56519875099184
concentrated,1024,0.5,1,f343dc8618448c0c9d0e37927b8e6f50dc169343e536bdaae4bfce436cb39630,random,0.004167005541593484,5.459404565044679e-05,128,1024,1024,1024,1024,1000,1.5813987710280344
concentrated,1024,0.5,1,f343dc8618448c0c9d0e37927b8e6f50dc169343e536bdaae4bfce436cb39630,gradient,0.004121462912344275,0.5263152122497559,128,1024,1024,1024,1024,1000,1.579383963078726
concentrated,1024,0.5,1,f343dc8618448c0c9d0e37927b8e6f50dc169343e536bdaae4bfce436cb39630,snip,0.0037432547215850986,0.45692020654678345,128,1024,1024,1024,1024,1000,1.5792385630775243
concentrated,1024,0.5,1,f343dc8618448c0c9d0e37927b8e6f50dc169343e536bdaae4bfce436cb39630,energy,0.0015177559972026308,0.9920641779899597,128,1024,1024,1024,1024,1000,1.5788506380049512
concentrated,1024,0.5,1,f343dc8618448c0c9d0e37927b8e6f50dc169343e536bdaae4bfce436cb39630,snip_independent,0.00397704219550421,0.526294469833374,128,512,512,1024,1024,1000,1.5783732559648342
concentrated,1024,0.5,1,f343dc8618448c0c9d0e37927b8e6f50dc169343e536bdaae4bfce436cb39630,snip_same_half,0.00889320511425568,0.44961145520210266,128,512,512,512,1024,1000,1.578235505032353
concentrated,1024,0.5,2,f343dc8618448c0c9d0e37927b8e6f50dc169343e536bdaae4bfce436cb39630,lora,0.02647147339159348,,1024,0,1024,1024,1024,1000,1.5182143020210788
concentrated,1024,0.5,2,f343dc8618448c0c9d0e37927b8e6f50dc169343e536bdaae4bfce436cb39630,compressed,0.004246823998622991,,128,0,1024,1024,1024,1000,1.5757213610340841
concentrated,1024,0.5,2,f343dc8618448c0c9d0e37927b8e6f50dc169343e536bdaae4bfce436cb39630,random,0.004234173755897137,0.0005540299462154508,128,1024,1024,1024,1024,1000,1.5919117610319518
concentrated,1024,0.5,2,f343dc8618448c0c9d0e37927b8e6f50dc169343e536bdaae4bfce436cb39630,gradient,0.00383048268275875,0.5291597247123718,128,1024,1024,1024,1024,1000,1.5957035149913281
concentrated,1024,0.5,2,f343dc8618448c0c9d0e37927b8e6f50dc169343e536bdaae4bfce436cb39630,snip,0.004970429212415135,0.057691168040037155,128,1024,1024,1024,1024,1000,1.5914843970094807
concentrated,1024,0.5,2,f343dc8618448c0c9d0e37927b8e6f50dc169343e536bdaae4bfce436cb39630,energy,0.001670066609383567,0.9920641779899597,128,1024,1024,1024,1024,1000,1.594713511003647
concentrated,1024,0.5,2,f343dc8618448c0c9d0e37927b8e6f50dc169343e536bdaae4bfce436cb39630,snip_independent,0.004814377963475511,0.08303507417440414,128,512,512,1024,1024,1000,1.5925816179369576
concentrated,1024,0.5,2,f343dc8618448c0c9d0e37927b8e6f50dc169343e536bdaae4bfce436cb39630,snip_same_half,0.008096982323752827,0.06860849261283875,128,512,512,512,1024,1000,1.5939130710321479
concentrated,1024,0.5,3,f343dc8618448c0c9d0e37927b8e6f50dc169343e536bdaae4bfce436cb39630,lora,0.026843294450512915,,1024,0,1024,1024,1024,1000,1.509905919956509
concentrated,1024,0.5,3,f343dc8618448c0c9d0e37927b8e6f50dc169343e536bdaae4bfce436cb39630,compressed,0.004292715686306775,,128,0,1024,1024,1024,1000,1.562812524032779
concentrated,1024,0.5,3,f343dc8618448c0c9d0e37927b8e6f50dc169343e536bdaae4bfce436cb39630,random,0.0040895246077705324,6.188894622027874e-05,128,1024,1024,1024,1024,1000,1.5782588349538855
concentrated,1024,0.5,3,f343dc8618448c0c9d0e37927b8e6f50dc169343e536bdaae4bfce436cb39630,gradient,0.0042202787627955984,0.5270702838897705,128,1024,1024,1024,1024,1000,1.580492211971432
concentrated,1024,0.5,3,f343dc8618448c0c9d0e37927b8e6f50dc169343e536bdaae4bfce436cb39630,snip,0.0038714185788208144,0.4495653808116913,128,1024,1024,1024,1024,1000,1.57721652102191
concentrated,1024,0.5,3,f343dc8618448c0c9d0e37927b8e6f50dc169343e536bdaae4bfce436cb39630,energy,0.0014935363976000017,0.9920641779899597,128,1024,1024,1024,1024,1000,1.580026114010252
concentrated,1024,0.5,3,f343dc8618448c0c9d0e37927b8e6f50dc169343e536bdaae4bfce436cb39630,snip_independent,0.004893525362533742,0.05762321129441261,128,512,512,1024,1024,1000,1.5769104700302705
concentrated,1024,0.5,3,f343dc8618448c0c9d0e37927b8e6f50dc169343e536bdaae4bfce436cb39630,snip_same_half,0.006691652831726155,0.4687596261501312,128,512,512,512,1024,1000,1.5786893459735438
concentrated,1024,0.5,4,f343dc8618448c0c9d0e37927b8e6f50dc169343e536bdaae4bfce436cb39630,lora,0.02683966297345485,,1024,0,1024,1024,1024,1000,1.5199350439943373
concentrated,1024,0.5,4,f343dc8618448c0c9d0e37927b8e6f50dc169343e536bdaae4bfce436cb39630,compressed,0.0044049738669143185,,128,0,1024,1024,1024,1000,1.5766900880262256
concentrated,1024,0.5,4,f343dc8618448c0c9d0e37927b8e6f50dc169343e536bdaae4bfce436cb39630,random,0.004041169619454362,5.043022974859923e-05,128,1024,1024,1024,1024,1000,1.5933487560250796
concentrated,1024,0.5,4,f343dc8618448c0c9d0e37927b8e6f50dc169343e536bdaae4bfce436cb39630,gradient,0.0038862140117784903,0.5270588994026184,128,1024,1024,1024,1024,1000,1.5925087849609554
concentrated,1024,0.5,4,f343dc8618448c0c9d0e37927b8e6f50dc169343e536bdaae4bfce436cb39630,snip,0.004439106772723616,0.057632751762866974,128,1024,1024,1024,1024,1000,1.5921671550022438
concentrated,1024,0.5,4,f343dc8618448c0c9d0e37927b8e6f50dc169343e536bdaae4bfce436cb39630,energy,0.001665735922926335,0.9920641779899597,128,1024,1024,1024,1024,1000,1.5940876630484127
concentrated,1024,0.5,4,f343dc8618448c0c9d0e37927b8e6f50dc169343e536bdaae4bfce436cb39630,snip_independent,0.0052242722233537715,8.540204726159573e-05,128,512,512,1024,1024,1000,1.5949300390202552
concentrated,1024,0.5,4,f343dc8618448c0c9d0e37927b8e6f50dc169343e536bdaae4bfce436cb39630,snip_same_half,0.008446040604508005,0.060854703187942505,128,512,512,512,1024,1000,1.5921622210298665
concentrated,1024,0.5,5,f343dc8618448c0c9d0e37927b8e6f50dc169343e536bdaae4bfce436cb39630,lora,0.02812060809718951,,1024,0,1024,1024,1024,1000,1.508565563999582
concentrated,1024,0.5,5,f343dc8618448c0c9d0e37927b8e6f50dc169343e536bdaae4bfce436cb39630,compressed,0.004226890079089248,,128,0,1024,1024,1024,1000,1.5605587720056064
concentrated,1024,0.5,5,f343dc8618448c0c9d0e37927b8e6f50dc169343e536bdaae4bfce436cb39630,random,0.003953942640150169,7.635838119313121e-05,128,1024,1024,1024,1024,1000,1.5766458209836856
concentrated,1024,0.5,5,f343dc8618448c0c9d0e37927b8e6f50dc169343e536bdaae4bfce436cb39630,gradient,0.003722926604137587,0.4798533320426941,128,1024,1024,1024,1024,1000,1.5760721010155976
concentrated,1024,0.5,5,f343dc8618448c0c9d0e37927b8e6f50dc169343e536bdaae4bfce436cb39630,snip,0.005103373549668926,7.55016844777856e-06,128,1024,1024,1024,1024,1000,1.5758059690124355
concentrated,1024,0.5,5,f343dc8618448c0c9d0e37927b8e6f50dc169343e536bdaae4bfce436cb39630,energy,0.0016227632526044397,0.9920641779899597,128,1024,1024,1024,1024,1000,1.5756038230028935
concentrated,1024,0.5,5,f343dc8618448c0c9d0e37927b8e6f50dc169343e536bdaae4bfce436cb39630,snip_independent,0.005635021905103534,1.5990572137525305e-05,128,512,512,1024,1024,1000,1.5748581840307452
concentrated,1024,0.5,5,f343dc8618448c0c9d0e37927b8e6f50dc169343e536bdaae4bfce436cb39630,snip_same_half,0.00744281070354967,6.721714453306049e-05,128,512,512,512,1024,1000,1.575407556956634
concentrated,1024,0.5,6,f343dc8618448c0c9d0e37927b8e6f50dc169343e536bdaae4bfce436cb39630,lora,0.027561738378845638,,1024,0,1024,1024,1024,1000,1.519934825017117
concentrated,1024,0.5,6,f343dc8618448c0c9d0e37927b8e6f50dc169343e536bdaae4bfce436cb39630,compressed,0.004626753539187702,,128,0,1024,1024,1024,1000,1.5763895109994337
concentrated,1024,0.5,6,f343dc8618448c0c9d0e37927b8e6f50dc169343e536bdaae4bfce436cb39630,random,0.004277481176705981,3.308058512629941e-05,128,1024,1024,1024,1024,1000,1.5935239410027862
concentrated,1024,0.5,6,f343dc8618448c0c9d0e37927b8e6f50dc169343e536bdaae4bfce436cb39630,gradient,0.004623995348345178,0.518925666809082,128,1024,1024,1024,1024,1000,1.5944832669920288
concentrated,1024,0.5,6,f343dc8618448c0c9d0e37927b8e6f50dc169343e536bdaae4bfce436cb39630,snip,0.005301116132644341,0.0023655961267650127,128,1024,1024,1024,1024,1000,1.5938088140101172
concentrated,1024,0.5,6,f343dc8618448c0c9d0e37927b8e6f50dc169343e536bdaae4bfce436cb39630,energy,0.0018380940045811763,0.9920641779899597,128,1024,1024,1024,1024,1000,1.5947846109629609
concentrated,1024,0.5,6,f343dc8618448c0c9d0e37927b8e6f50dc169343e536bdaae4bfce436cb39630,snip_independent,0.005918805703146294,0.001572372275404632,128,512,512,1024,1024,1000,1.5929972549783997
concentrated,1024,0.5,6,f343dc8618448c0c9d0e37927b8e6f50dc169343e536bdaae4bfce436cb39630,snip_same_half,0.007995922855418159,0.4300176799297333,128,512,512,512,1024,1000,1.5923926169634797
concentrated,1024,0.5,7,f343dc8618448c0c9d0e37927b8e6f50dc169343e536bdaae4bfce436cb39630,lora,0.027793813954804725,,1024,0,1024,1024,1024,1000,1.5074039340252057
concentrated,1024,0.5,7,f343dc8618448c0c9d0e37927b8e6f50dc169343e536bdaae4bfce436cb39630,compressed,0.004429957665466929,,128,0,1024,1024,1024,1000,1.5593341079656966
concentrated,1024,0.5,7,f343dc8618448c0c9d0e37927b8e6f50dc169343e536bdaae4bfce436cb39630,random,0.003834785300702047,5.749698539148085e-05,128,1024,1024,1024,1024,1000,1.5774203640175983
concentrated,1024,0.5,7,f343dc8618448c0c9d0e37927b8e6f50dc169343e536bdaae4bfce436cb39630,gradient,0.0034492126731703434,0.5537011623382568,128,1024,1024,1024,1024,1000,1.5771410589804873
concentrated,1024,0.5,7,f343dc8618448c0c9d0e37927b8e6f50dc169343e536bdaae4bfce436cb39630,snip,0.0035665816963608567,0.4503679871559143,128,1024,1024,1024,1024,1000,1.5756058439728804
concentrated,1024,0.5,7,f343dc8618448c0c9d0e37927b8e6f50dc169343e536bdaae4bfce436cb39630,energy,0.0014810869050746198,0.9920641779899597,128,1024,1024,1024,1024,1000,1.5764186239102855
concentrated,1024,0.5,7,f343dc8618448c0c9d0e37927b8e6f50dc169343e536bdaae4bfce436cb39630,snip_independent,0.004345447290950339,0.45043057203292847,128,512,512,1024,1024,1000,1.5755350069957785
concentrated,1024,0.5,7,f343dc8618448c0c9d0e37927b8e6f50dc169343e536bdaae4bfce436cb39630,snip_same_half,0.007677761406350561,0.0768689289689064,128,512,512,512,1024,1000,1.5683865990722552
concentrated,1024,0.5,8,f343dc8618448c0c9d0e37927b8e6f50dc169343e536bdaae4bfce436cb39630,lora,0.027612451026063335,,1024,0,1024,1024,1024,1000,1.5212523009977303
concentrated,1024,0.5,8,f343dc8618448c0c9d0e37927b8e6f50dc169343e536bdaae4bfce436cb39630,compressed,0.003799158131296689,,128,0,1024,1024,1024,1000,1.5774807059788145
concentrated,1024,0.5,8,f343dc8618448c0c9d0e37927b8e6f50dc169343e536bdaae4bfce436cb39630,random,0.0037654365822818213,0.018489105626940727,128,1024,1024,1024,1024,1000,1.59400773094967
concentrated,1024,0.5,8,f343dc8618448c0c9d0e37927b8e6f50dc169343e536bdaae4bfce436cb39630,gradient,0.003810240715355649,0.5270613431930542,128,1024,1024,1024,1024,1000,1.593476440932136
concentrated,1024,0.5,8,f343dc8618448c0c9d0e37927b8e6f50dc169343e536bdaae4bfce436cb39630,snip,0.0038296566583570146,0.07696698606014252,128,1024,1024,1024,1024,1000,1.593870615994092
concentrated,1024,0.5,8,f343dc8618448c0c9d0e37927b8e6f50dc169343e536bdaae4bfce436cb39630,energy,0.0013245635316381237,0.9920641779899597,128,1024,1024,1024,1024,1000,1.5948099209927022
concentrated,1024,0.5,8,f343dc8618448c0c9d0e37927b8e6f50dc169343e536bdaae4bfce436cb39630,snip_independent,0.0046462375576228725,0.07706817984580994,128,512,512,1024,1024,1000,1.592171740019694
concentrated,1024,0.5,8,f343dc8618448c0c9d0e37927b8e6f50dc169343e536bdaae4bfce436cb39630,snip_same_half,0.007924967708247597,0.44961637258529663,128,512,512,512,1024,1000,1.5939615359529853
concentrated,1024,0.5,9,f343dc8618448c0c9d0e37927b8e6f50dc169343e536bdaae4bfce436cb39630,lora,0.026932228910499345,,1024,0,1024,1024,1024,1000,1.5004529369762167
concentrated,1024,0.5,9,f343dc8618448c0c9d0e37927b8e6f50dc169343e536bdaae4bfce436cb39630,compressed,0.004497140389795591,,128,0,1024,1024,1024,1000,1.5598804720211774
concentrated,1024,0.5,9,f343dc8618448c0c9d0e37927b8e6f50dc169343e536bdaae4bfce436cb39630,random,0.004067961288091431,0.003082582727074623,128,1024,1024,1024,1024,1000,1.5768595070694573
concentrated,1024,0.5,9,f343dc8618448c0c9d0e37927b8e6f50dc169343e536bdaae4bfce436cb39630,gradient,0.005229765696144617,0.5080273151397705,128,1024,1024,1024,1024,1000,1.5700889530126005
concentrated,1024,0.5,9,f343dc8618448c0c9d0e37927b8e6f50dc169343e536bdaae4bfce436cb39630,snip,0.004511336768560874,0.4350740611553192,128,1024,1024,1024,1024,1000,1.568444000033196
concentrated,1024,0.5,9,f343dc8618448c0c9d0e37927b8e6f50dc169343e536bdaae4bfce436cb39630,energy,0.001890994106270109,0.9920641779899597,128,1024,1024,1024,1024,1000,1.5690940000349656
concentrated,1024,0.5,9,f343dc8618448c0c9d0e37927b8e6f50dc169343e536bdaae4bfce436cb39630,snip_independent,0.005809088048117335,2.219176349171903e-05,128,512,512,1024,1024,1000,1.5683797450037673
concentrated,1024,0.5,9,f343dc8618448c0c9d0e37927b8e6f50dc169343e536bdaae4bfce436cb39630,snip_same_half,0.008584842022045402,0.005971032660454512,128,512,512,512,1024,1000,1.5688722150516696
concentrated,1024,0.5,10,f343dc8618448c0c9d0e37927b8e6f50dc169343e536bdaae4bfce436cb39630,lora,0.02938251139560865,,1024,0,1024,1024,1024,1000,1.5188848229590803
concentrated,1024,0.5,10,f343dc8618448c0c9d0e37927b8e6f50dc169343e536bdaae4bfce436cb39630,compressed,0.004446639239522222,,128,0,1024,1024,1024,1000,1.5777082520071417
concentrated,1024,0.5,10,f343dc8618448c0c9d0e37927b8e6f50dc169343e536bdaae4bfce436cb39630,random,0.0039363762788431865,0.0016264530131593347,128,1024,1024,1024,1024,1000,1.5926890260307118
concentrated,1024,0.5,10,f343dc8618448c0c9d0e37927b8e6f50dc169343e536bdaae4bfce436cb39630,gradient,0.0044907849002136305,0.5504026412963867,128,1024,1024,1024,1024,1000,1.5921817339840345
concentrated,1024,0.5,10,f343dc8618448c0c9d0e37927b8e6f50dc169343e536bdaae4bfce436cb39630,snip,0.002977181021570673,0.5071723461151123,128,1024,1024,1024,1024,1000,1.5897670819540508
concentrated,1024,0.5,10,f343dc8618448c0c9d0e37927b8e6f50dc169343e536bdaae4bfce436cb39630,energy,0.0017089777070617633,0.9920641779899597,128,1024,1024,1024,1024,1000,1.5902530669700354
concentrated,1024,0.5,10,f343dc8618448c0c9d0e37927b8e6f50dc169343e536bdaae4bfce436cb39630,snip_independent,0.004759861337335827,0.4503592252731323,128,512,512,1024,1024,1000,1.5900685359956697
concentrated,1024,0.5,10,f343dc8618448c0c9d0e37927b8e6f50dc169343e536bdaae4bfce436cb39630,snip_same_half,0.008275139829868577,0.057622797787189484,128,512,512,512,1024,1000,1.5890227949712425
concentrated,1024,0.5,11,f343dc8618448c0c9d0e37927b8e6f50dc169343e536bdaae4bfce436cb39630,lora,0.02944484002471523,,1024,0,1024,1024,1024,1000,1.5067068809876218
concentrated,1024,0.5,11,f343dc8618448c0c9d0e37927b8e6f50dc169343e536bdaae4bfce436cb39630,compressed,0.004914243984401711,,128,0,1024,1024,1024,1000,1.5609677199972793
concentrated,1024,0.5,11,f343dc8618448c0c9d0e37927b8e6f50dc169343e536bdaae4bfce436cb39630,random,0.004462606943946993,7.15193382347934e-05,128,1024,1024,1024,1024,1000,1.5741569889942184
concentrated,1024,0.5,11,f343dc8618448c0c9d0e37927b8e6f50dc169343e536bdaae4bfce436cb39630,gradient,0.004234196560918073,0.5262956619262695,128,1024,1024,1024,1024,1000,1.573886664933525
concentrated,1024,0.5,11,f343dc8618448c0c9d0e37927b8e6f50dc169343e536bdaae4bfce436cb39630,snip,0.003769522114461821,0.4692096710205078,128,1024,1024,1024,1024,1000,1.5725675590219907
concentrated,1024,0.5,11,f343dc8618448c0c9d0e37927b8e6f50dc169343e536bdaae4bfce436cb39630,energy,0.0020773264355961386,0.9920641779899597,128,1024,1024,1024,1024,1000,1.573352942999918
concentrated,1024,0.5,11,f343dc8618448c0c9d0e37927b8e6f50dc169343e536bdaae4bfce436cb39630,snip_independent,0.005626018525040963,0.46891364455223083,128,512,512,1024,1024,1000,1.5727931869914755
concentrated,1024,0.5,11,f343dc8618448c0c9d0e37927b8e6f50dc169343e536bdaae4bfce436cb39630,snip_same_half,0.009241580821469211,0.4476589262485504,128,512,512,512,1024,1000,1.5748396089766175
concentrated,1024,0.5,12,f343dc8618448c0c9d0e37927b8e6f50dc169343e536bdaae4bfce436cb39630,lora,0.0262729707223047,,1024,0,1024,1024,1024,1000,1.5187904210179113
concentrated,1024,0.5,12,f343dc8618448c0c9d0e37927b8e6f50dc169343e536bdaae4bfce436cb39630,compressed,0.0038820068439912167,,128,0,1024,1024,1024,1000,1.5753813709598035
concentrated,1024,0.5,12,f343dc8618448c0c9d0e37927b8e6f50dc169343e536bdaae4bfce436cb39630,random,0.0037090019829430975,2.965460589621216e-05,128,1024,1024,1024,1024,1000,1.5910773539799266
concentrated,1024,0.5,12,f343dc8618448c0c9d0e37927b8e6f50dc169343e536bdaae4bfce436cb39630,gradient,0.003736701982485729,0.5335569381713867,128,1024,1024,1024,1024,1000,1.591180086019449
concentrated,1024,0.5,12,f343dc8618448c0c9d0e37927b8e6f50dc169343e536bdaae4bfce436cb39630,snip,0.003427725053627334,0.45015624165534973,128,1024,1024,1024,1024,1000,1.5920713949599303
concentrated,1024,0.5,12,f343dc8618448c0c9d0e37927b8e6f50dc169343e536bdaae4bfce436cb39630,energy,0.001550657802590423,0.9920641779899597,128,1024,1024,1024,1024,1000,1.5928715949994512
concentrated,1024,0.5,12,f343dc8618448c0c9d0e37927b8e6f50dc169343e536bdaae4bfce436cb39630,snip_independent,0.0038305365007989802,0.4887044429779053,128,512,512,1024,1024,1000,1.5929978379863314
concentrated,1024,0.5,12,f343dc8618448c0c9d0e37927b8e6f50dc169343e536bdaae4bfce436cb39630,snip_same_half,0.0069106806852149375,0.0789400264620781,128,512,512,512,1024,1000,1.5923089159769006
concentrated,1024,0.5,13,f343dc8618448c0c9d0e37927b8e6f50dc169343e536bdaae4bfce436cb39630,lora,0.026380096083234585,,1024,0,1024,1024,1024,1000,1.5074999480275437
concentrated,1024,0.5,13,f343dc8618448c0c9d0e37927b8e6f50dc169343e536bdaae4bfce436cb39630,compressed,0.0038907746586012266,,128,0,1024,1024,1024,1000,1.5609200110193342
concentrated,1024,0.5,13,f343dc8618448c0c9d0e37927b8e6f50dc169343e536bdaae4bfce436cb39630,random,0.0038198231728236672,0.001959688263013959,128,1024,1024,1024,1024,1000,1.5763755409861915
concentrated,1024,0.5,13,f343dc8618448c0c9d0e37927b8e6f50dc169343e536bdaae4bfce436cb39630,gradient,0.0040475315931571875,0.5271125435829163,128,1024,1024,1024,1024,1000,1.5760614100145176
concentrated,1024,0.5,13,f343dc8618448c0c9d0e37927b8e6f50dc169343e536bdaae4bfce436cb39630,snip,0.0032883323901450453,0.4860111176967621,128,1024,1024,1024,1024,1000,1.5767422660137527
concentrated,1024,0.5,13,f343dc8618448c0c9d0e37927b8e6f50dc169343e536bdaae4bfce436cb39630,energy,0.0012453557805711137,0.9920641779899597,128,1024,1024,1024,1024,1000,1.5777549370541237
concentrated,1024,0.5,13,f343dc8618448c0c9d0e37927b8e6f50dc169343e536bdaae4bfce436cb39630,snip_independent,0.004296052237502828,0.4889448285102844,128,512,512,1024,1024,1000,1.5752597149694338
concentrated,1024,0.5,13,f343dc8618448c0c9d0e37927b8e6f50dc169343e536bdaae4bfce436cb39630,snip_same_half,0.009151691282410987,0.02414102666079998,128,512,512,512,1024,1000,1.5757786810281686
concentrated,1024,0.5,14,f343dc8618448c0c9d0e37927b8e6f50dc169343e536bdaae4bfce436cb39630,lora,0.028306409891717565,,1024,0,1024,1024,1024,1000,1.518754159042146
concentrated,1024,0.5,14,f343dc8618448c0c9d0e37927b8e6f50dc169343e536bdaae4bfce436cb39630,compressed,0.004164154007380625,,128,0,1024,1024,1024,1000,1.5774214289849624
concentrated,1024,0.5,14,f343dc8618448c0c9d0e37927b8e6f50dc169343e536bdaae4bfce436cb39630,random,0.003818701039655292,2.545707320678048e-05,128,1024,1024,1024,1024,1000,1.5925957660074346
concentrated,1024,0.5,14,f343dc8618448c0c9d0e37927b8e6f50dc169343e536bdaae4bfce436cb39630,gradient,0.0035398079338712675,0.5270925760269165,128,1024,1024,1024,1024,1000,1.5927612590021454
concentrated,1024,0.5,14,f343dc8618448c0c9d0e37927b8e6f50dc169343e536bdaae4bfce436cb39630,snip,0.004344234969457748,0.019265271723270416,128,1024,1024,1024,1024,1000,1.5922564499778673
concentrated,1024,0.5,14,f343dc8618448c0c9d0e37927b8e6f50dc169343e536bdaae4bfce436cb39630,energy,0.0014396933017851634,0.9920641779899597,128,1024,1024,1024,1024,1000,1.5935125069809146
concentrated,1024,0.5,14,f343dc8618448c0c9d0e37927b8e6f50dc169343e536bdaae4bfce436cb39630,snip_independent,0.005036778018114733,0.01929173804819584,128,512,512,1024,1024,1000,1.5933664749609306
concentrated,1024,0.5,14,f343dc8618448c0c9d0e37927b8e6f50dc169343e536bdaae4bfce436cb39630,snip_same_half,0.008104494115104994,3.0428103855228983e-05,128,512,512,512,1024,1000,1.5944621950038709
concentrated,1024,0.5,15,f343dc8618448c0c9d0e37927b8e6f50dc169343e536bdaae4bfce436cb39630,lora,0.02999342147691892,,1024,0,1024,1024,1024,1000,1.5065435720025562
concentrated,1024,0.5,15,f343dc8618448c0c9d0e37927b8e6f50dc169343e536bdaae4bfce436cb39630,compressed,0.004041762795623519,,128,0,1024,1024,1024,1000,1.5592094719759189
concentrated,1024,0.5,15,f343dc8618448c0c9d0e37927b8e6f50dc169343e536bdaae4bfce436cb39630,random,0.003700529974545647,0.00010257493704557419,128,1024,1024,1024,1024,1000,1.5750853060744703
concentrated,1024,0.5,15,f343dc8618448c0c9d0e37927b8e6f50dc169343e536bdaae4bfce436cb39630,gradient,0.004332738198832809,0.5050487518310547,128,1024,1024,1024,1024,1000,1.5751176040503196
concentrated,1024,0.5,15,f343dc8618448c0c9d0e37927b8e6f50dc169343e536bdaae4bfce436cb39630,snip,0.0039108165355302964,0.05761709064245224,128,1024,1024,1024,1024,1000,1.5744141360628419
concentrated,1024,0.5,15,f343dc8618448c0c9d0e37927b8e6f50dc169343e536bdaae4bfce436cb39630,energy,0.0014233886783688043,0.9920641779899597,128,1024,1024,1024,1024,1000,1.5728876810171641
concentrated,1024,0.5,15,f343dc8618448c0c9d0e37927b8e6f50dc169343e536bdaae4bfce436cb39630,snip_independent,0.005748270626924621,0.006005537696182728,128,512,512,1024,1024,1000,1.5700871989829466
concentrated,1024,0.5,15,f343dc8618448c0c9d0e37927b8e6f50dc169343e536bdaae4bfce436cb39630,snip_same_half,0.008155661562798663,1.4246312275645323e-05,128,512,512,512,1024,1000,1.5712425960227847
concentrated,1024,0.5,16,f343dc8618448c0c9d0e37927b8e6f50dc169343e536bdaae4bfce436cb39630,lora,0.025939001734162737,,1024,0,1024,1024,1024,1000,1.532497278007213
concentrated,1024,0.5,16,f343dc8618448c0c9d0e37927b8e6f50dc169343e536bdaae4bfce436cb39630,compressed,0.0038580284559124344,,128,0,1024,1024,1024,1000,1.575206738023553
concentrated,1024,0.5,16,f343dc8618448c0c9d0e37927b8e6f50dc169343e536bdaae4bfce436cb39630,random,0.003573866059674884,0.0010921164648607373,128,1024,1024,1024,1024,1000,1.5931746999267489
concentrated,1024,0.5,16,f343dc8618448c0c9d0e37927b8e6f50dc169343e536bdaae4bfce436cb39630,gradient,0.0042987211334203,0.48749157786369324,128,1024,1024,1024,1024,1000,1.5929797179996967
concentrated,1024,0.5,16,f343dc8618448c0c9d0e37927b8e6f50dc169343e536bdaae4bfce436cb39630,snip,0.003778523634017628,0.05761438608169556,128,1024,1024,1024,1024,1000,1.5930539379478432
concentrated,1024,0.5,16,f343dc8618448c0c9d0e37927b8e6f50dc169343e536bdaae4bfce436cb39630,energy,0.0011615276100609621,0.9920641779899597,128,1024,1024,1024,1024,1000,1.5932391450041905
concentrated,1024,0.5,16,f343dc8618448c0c9d0e37927b8e6f50dc169343e536bdaae4bfce436cb39630,snip_independent,0.005447015070610536,2.2879736206959933e-05,128,512,512,1024,1024,1000,1.5945971279870719
concentrated,1024,0.5,16,f343dc8618448c0c9d0e37927b8e6f50dc169343e536bdaae4bfce436cb39630,snip_same_half,0.008224296053267324,0.48594507575035095,128,512,512,512,1024,1000,1.5943926050094888
concentrated,1024,0.5,17,f343dc8618448c0c9d0e37927b8e6f50dc169343e536bdaae4bfce436cb39630,lora,0.026603894081988003,,1024,0,1024,1024,1024,1000,1.5033446489833295
concentrated,1024,0.5,17,f343dc8618448c0c9d0e37927b8e6f50dc169343e536bdaae4bfce436cb39630,compressed,0.00393197743612738,,128,0,1024,1024,1024,1000,1.5556093319901265
concentrated,1024,0.5,17,f343dc8618448c0c9d0e37927b8e6f50dc169343e536bdaae4bfce436cb39630,random,0.0037995606182927334,0.02496221847832203,128,1024,1024,1024,1024,1000,1.571345578006003
concentrated,1024,0.5,17,f343dc8618448c0c9d0e37927b8e6f50dc169343e536bdaae4bfce436cb39630,gradient,0.003680731666219991,0.5511886477470398,128,1024,1024,1024,1024,1000,1.5832902360125445
concentrated,1024,0.5,17,f343dc8618448c0c9d0e37927b8e6f50dc169343e536bdaae4bfce436cb39630,snip,0.004459863324296604,0.022313211113214493,128,1024,1024,1024,1024,1000,1.5709559350507334
concentrated,1024,0.5,17,f343dc8618448c0c9d0e37927b8e6f50dc169343e536bdaae4bfce436cb39630,energy,0.0013952221598396873,0.9920641779899597,128,1024,1024,1024,1024,1000,1.5660734300035983
concentrated,1024,0.5,17,f343dc8618448c0c9d0e37927b8e6f50dc169343e536bdaae4bfce436cb39630,snip_independent,0.00412246446940797,0.507173478603363,128,512,512,1024,1024,1000,1.5632670460036024
concentrated,1024,0.5,17,f343dc8618448c0c9d0e37927b8e6f50dc169343e536bdaae4bfce436cb39630,snip_same_half,0.006887879337391475,0.43155646324157715,128,512,512,512,1024,1000,1.562240014958661
concentrated,1024,0.5,18,f343dc8618448c0c9d0e37927b8e6f50dc169343e536bdaae4bfce436cb39630,lora,0.028445927266251392,,1024,0,1024,1024,1024,1000,1.5191137630026788
concentrated,1024,0.5,18,f343dc8618448c0c9d0e37927b8e6f50dc169343e536bdaae4bfce436cb39630,compressed,0.00420931663714336,,128,0,1024,1024,1024,1000,1.5763757859822363
concentrated,1024,0.5,18,f343dc8618448c0c9d0e37927b8e6f50dc169343e536bdaae4bfce436cb39630,random,0.0038725488632393766,7.858118624426425e-05,128,1024,1024,1024,1024,1000,1.5901041180477478
concentrated,1024,0.5,18,f343dc8618448c0c9d0e37927b8e6f50dc169343e536bdaae4bfce436cb39630,gradient,0.004770040090167986,0.5322273969650269,128,1024,1024,1024,1024,1000,1.5920823930064216
concentrated,1024,0.5,18,f343dc8618448c0c9d0e37927b8e6f50dc169343e536bdaae4bfce436cb39630,snip,0.003582441628010275,0.48600924015045166,128,1024,1024,1024,1024,1000,1.5919050630182028
concentrated,1024,0.5,18,f343dc8618448c0c9d0e37927b8e6f50dc169343e536bdaae4bfce436cb39630,energy,0.0018977743411545107,0.9920641779899597,128,1024,1024,1024,1024,1000,1.593412890972104
concentrated,1024,0.5,18,f343dc8618448c0c9d0e37927b8e6f50dc169343e536bdaae4bfce436cb39630,snip_independent,0.00511283185657721,0.05763501301407814,128,512,512,1024,1024,1000,1.593958706012927
concentrated,1024,0.5,18,f343dc8618448c0c9d0e37927b8e6f50dc169343e536bdaae4bfce436cb39630,snip_same_half,0.007000707276492475,0.5049865245819092,128,512,512,512,1024,1000,1.5955977109842934
concentrated,1024,0.5,19,f343dc8618448c0c9d0e37927b8e6f50dc169343e536bdaae4bfce436cb39630,lora,0.027602682261500304,,1024,0,1024,1024,1024,1000,1.4918692630017176
concentrated,1024,0.5,19,f343dc8618448c0c9d0e37927b8e6f50dc169343e536bdaae4bfce436cb39630,compressed,0.004260617839208043,,128,0,1024,1024,1024,1000,1.5439938580384478
concentrated,1024,0.5,19,f343dc8618448c0c9d0e37927b8e6f50dc169343e536bdaae4bfce436cb39630,random,0.003771910396626748,0.00011035759234800935,128,1024,1024,1024,1024,1000,1.5602413900196552
concentrated,1024,0.5,19,f343dc8618448c0c9d0e37927b8e6f50dc169343e536bdaae4bfce436cb39630,gradient,0.004435670273963251,0.5512287616729736,128,1024,1024,1024,1024,1000,1.5656870509847067
concentrated,1024,0.5,19,f343dc8618448c0c9d0e37927b8e6f50dc169343e536bdaae4bfce436cb39630,snip,0.0036716279161957497,0.5072089433670044,128,1024,1024,1024,1024,1000,1.5670809309813194
concentrated,1024,0.5,19,f343dc8618448c0c9d0e37927b8e6f50dc169343e536bdaae4bfce436cb39630,energy,0.0015021835612606472,0.9920641779899597,128,1024,1024,1024,1024,1000,1.5655980159644969
concentrated,1024,0.5,19,f343dc8618448c0c9d0e37927b8e6f50dc169343e536bdaae4bfce436cb39630,snip_independent,0.004987196005712151,0.4284028112888336,128,512,512,1024,1024,1000,1.5653283040155657
concentrated,1024,0.5,19,f343dc8618448c0c9d0e37927b8e6f50dc169343e536bdaae4bfce436cb39630,snip_same_half,0.008154416977968554,0.05762942135334015,128,512,512,512,1024,1000,1.5674085779464804
concentrated,1024,1.0,0,f343dc8618448c0c9d0e37927b8e6f50dc169343e536bdaae4bfce436cb39630,lora,0.07412963879695803,,1024,0,1024,1024,1024,1000,1.518776868993882
concentrated,1024,1.0,0,f343dc8618448c0c9d0e37927b8e6f50dc169343e536bdaae4bfce436cb39630,compressed,0.006698006199830131,,128,0,1024,1024,1024,1000,1.5744933639653027
concentrated,1024,1.0,0,f343dc8618448c0c9d0e37927b8e6f50dc169343e536bdaae4bfce436cb39630,random,0.005577228209424483,6.865135947009549e-05,128,1024,1024,1024,1024,1000,1.5926119959913194
concentrated,1024,1.0,0,f343dc8618448c0c9d0e37927b8e6f50dc169343e536bdaae4bfce436cb39630,gradient,0.012207587622540504,0.4291760325431824,128,1024,1024,1024,1024,1000,1.5961568349739537
concentrated,1024,1.0,0,f343dc8618448c0c9d0e37927b8e6f50dc169343e536bdaae4bfce436cb39630,snip,0.00889964647537717,0.01998962089419365,128,1024,1024,1024,1024,1000,1.5944610770093277
concentrated,1024,1.0,0,f343dc8618448c0c9d0e37927b8e6f50dc169343e536bdaae4bfce436cb39630,energy,0.0027706212639788657,0.9920641779899597,128,1024,1024,1024,1024,1000,1.5946106990450062
concentrated,1024,1.0,0,f343dc8618448c0c9d0e37927b8e6f50dc169343e536bdaae4bfce436cb39630,snip_independent,0.010629521070513022,1.4939718312234618e-05,128,512,512,1024,1024,1000,1.5942289339727722
concentrated,1024,1.0,0,f343dc8618448c0c9d0e37927b8e6f50dc169343e536bdaae4bfce436cb39630,snip_same_half,0.018715112955396178,0.019177649170160294,128,512,512,512,1024,1000,1.5933091180049814
concentrated,1024,1.0,1,f343dc8618448c0c9d0e37927b8e6f50dc169343e536bdaae4bfce436cb39630,lora,0.07924987007261086,,1024,0,1024,1024,1024,1000,1.4910746550303884
concentrated,1024,1.0,1,f343dc8618448c0c9d0e37927b8e6f50dc169343e536bdaae4bfce436cb39630,compressed,0.008152134223274383,,128,0,1024,1024,1024,1000,1.5455233170068823
concentrated,1024,1.0,1,f343dc8618448c0c9d0e37927b8e6f50dc169343e536bdaae4bfce436cb39630,random,0.0068636255668863095,5.459404565044679e-05,128,1024,1024,1024,1024,1000,1.5621459750109352
concentrated,1024,1.0,1,f343dc8618448c0c9d0e37927b8e6f50dc169343e536bdaae4bfce436cb39630,gradient,0.014003732081309478,6.659295468125492e-05,128,1024,1024,1024,1024,1000,1.5654010599828325
concentrated,1024,1.0,1,f343dc8618448c0c9d0e37927b8e6f50dc169343e536bdaae4bfce436cb39630,snip,0.009837174751984146,0.021357640624046326,128,1024,1024,1024,1024,1000,1.561089784023352
concentrated,1024,1.0,1,f343dc8618448c0c9d0e37927b8e6f50dc169343e536bdaae4bfce436cb39630,energy,0.0035781063331931065,0.9920641779899597,128,1024,1024,1024,1024,1000,1.5664791449671611
concentrated,1024,1.0,1,f343dc8618448c0c9d0e37927b8e6f50dc169343e536bdaae4bfce436cb39630,snip_independent,0.011224716429128291,0.05770175904035568,128,512,512,1024,1024,1000,1.561181852943264
concentrated,1024,1.0,1,f343dc8618448c0c9d0e37927b8e6f50dc169343e536bdaae4bfce436cb39630,snip_same_half,0.024965262718988874,7.53251151763834e-05,128,512,512,512,1024,1000,1.5629132500616834
concentrated,1024,1.0,2,f343dc8618448c0c9d0e37927b8e6f50dc169343e536bdaae4bfce436cb39630,lora,0.07645183248476514,,1024,0,1024,1024,1024,1000,1.519497737986967
concentrated,1024,1.0,2,f343dc8618448c0c9d0e37927b8e6f50dc169343e536bdaae4bfce436cb39630,compressed,0.007973151713216393,,128,0,1024,1024,1024,1000,1.5753905680030584
concentrated,1024,1.0,2,f343dc8618448c0c9d0e37927b8e6f50dc169343e536bdaae4bfce436cb39630,random,0.006997489786993626,0.0005540299462154508,128,1024,1024,1024,1024,1000,1.5929159360239282
concentrated,1024,1.0,2,f343dc8618448c0c9d0e37927b8e6f50dc169343e536bdaae4bfce436cb39630,gradient,0.01322751868697718,8.387326670344919e-05,128,1024,1024,1024,1024,1000,1.5914754690020345
concentrated,1024,1.0,2,f343dc8618448c0c9d0e37927b8e6f50dc169343e536bdaae4bfce436cb39630,snip,0.010918732479196724,0.05766097828745842,128,1024,1024,1024,1024,1000,1.5909216100699268
concentrated,1024,1.0,2,f343dc8618448c0c9d0e37927b8e6f50dc169343e536bdaae4bfce436cb39630,energy,0.004169800555775491,0.9920641779899597,128,1024,1024,1024,1024,1000,1.5919365630252287
concentrated,1024,1.0,2,f343dc8618448c0c9d0e37927b8e6f50dc169343e536bdaae4bfce436cb39630,snip_independent,0.01242007754665452,0.00031231000320985913,128,512,512,1024,1024,1000,1.5937371629988775
concentrated,1024,1.0,2,f343dc8618448c0c9d0e37927b8e6f50dc169343e536bdaae4bfce436cb39630,snip_same_half,0.020770991153982725,7.940050636534579e-06,128,512,512,512,1024,1000,1.5919023969909176
concentrated,1024,1.0,3,f343dc8618448c0c9d0e37927b8e6f50dc169343e536bdaae4bfce436cb39630,lora,0.07601876183397148,,1024,0,1024,1024,1024,1000,1.49467960401671
concentrated,1024,1.0,3,f343dc8618448c0c9d0e37927b8e6f50dc169343e536bdaae4bfce436cb39630,compressed,0.00788278002872071,,128,0,1024,1024,1024,1000,1.5381194450310431
concentrated,1024,1.0,3,f343dc8618448c0c9d0e37927b8e6f50dc169343e536bdaae4bfce436cb39630,random,0.0065732769631972835,6.188894622027874e-05,128,1024,1024,1024,1024,1000,1.5555765579338185
concentrated,1024,1.0,3,f343dc8618448c0c9d0e37927b8e6f50dc169343e536bdaae4bfce436cb39630,gradient,0.01441858997441535,0.42918163537979126,128,1024,1024,1024,1024,1000,1.5539066690253094
concentrated,1024,1.0,3,f343dc8618448c0c9d0e37927b8e6f50dc169343e536bdaae4bfce436cb39630,snip,0.00994871142858843,0.4283440411090851,128,1024,1024,1024,1024,1000,1.5537973759346642
concentrated,1024,1.0,3,f343dc8618448c0c9d0e37927b8e6f50dc169343e536bdaae4bfce436cb39630,energy,0.003734861437634526,0.9920641779899597,128,1024,1024,1024,1024,1000,1.5538399549550377
concentrated,1024,1.0,3,f343dc8618448c0c9d0e37927b8e6f50dc169343e536bdaae4bfce436cb39630,snip_independent,0.010508880667631818,2.6516816433286294e-05,128,512,512,1024,1024,1000,1.5527572159771807
concentrated,1024,1.0,3,f343dc8618448c0c9d0e37927b8e6f50dc169343e536bdaae4bfce436cb39630,snip_same_half,0.018423100962383678,0.44753867387771606,128,512,512,512,1024,1000,1.5528322129393928
concentrated,1024,1.0,4,f343dc8618448c0c9d0e37927b8e6f50dc169343e536bdaae4bfce436cb39630,lora,0.07087983276142461,,1024,0,1024,1024,1024,1000,1.518426544032991
concentrated,1024,1.0,4,f343dc8618448c0c9d0e37927b8e6f50dc169343e536bdaae4bfce436cb39630,compressed,0.008065481624706975,,128,0,1024,1024,1024,1000,1.5743549689650536
concentrated,1024,1.0,4,f343dc8618448c0c9d0e37927b8e6f50dc169343e536bdaae4bfce436cb39630,random,0.006548352951660921,5.043023338657804e-05,128,1024,1024,1024,1024,1000,1.5941093129804358
concentrated,1024,1.0,4,f343dc8618448c0c9d0e37927b8e6f50dc169343e536bdaae4bfce436cb39630,gradient,0.013598455789797716,0.4291670620441437,128,1024,1024,1024,1024,1000,1.5930520219844766
concentrated,1024,1.0,4,f343dc8618448c0c9d0e37927b8e6f50dc169343e536bdaae4bfce436cb39630,snip,0.01079551336779312,2.072790448437445e-05,128,1024,1024,1024,1024,1000,1.5922312599723227
concentrated,1024,1.0,4,f343dc8618448c0c9d0e37927b8e6f50dc169343e536bdaae4bfce436cb39630,energy,0.004069380472916537,0.9920641779899597,128,1024,1024,1024,1024,1000,1.5939991910126992
concentrated,1024,1.0,4,f343dc8618448c0c9d0e37927b8e6f50dc169343e536bdaae4bfce436cb39630,snip_independent,0.012469206347597671,0.019127124920487404,128,512,512,1024,1024,1000,1.5948031059815548
concentrated,1024,1.0,4,f343dc8618448c0c9d0e37927b8e6f50dc169343e536bdaae4bfce436cb39630,snip_same_half,0.022325245014559524,0.0032374917063862085,128,512,512,512,1024,1000,1.5926908290130086
concentrated,1024,1.0,5,f343dc8618448c0c9d0e37927b8e6f50dc169343e536bdaae4bfce436cb39630,lora,0.0749261474304544,,1024,0,1024,1024,1024,1000,1.4829804839682765
concentrated,1024,1.0,5,f343dc8618448c0c9d0e37927b8e6f50dc169343e536bdaae4bfce436cb39630,compressed,0.007698256776440831,,128,0,1024,1024,1024,1000,1.529368061979767
concentrated,1024,1.0,5,f343dc8618448c0c9d0e37927b8e6f50dc169343e536bdaae4bfce436cb39630,random,0.006045726276342889,7.635838119313121e-05,128,1024,1024,1024,1024,1000,1.5477488469914533
concentrated,1024,1.0,5,f343dc8618448c0c9d0e37927b8e6f50dc169343e536bdaae4bfce436cb39630,gradient,0.011891942860228339,0.002414360409602523,128,1024,1024,1024,1024,1000,1.5493327269214205
concentrated,1024,1.0,5,f343dc8618448c0c9d0e37927b8e6f50dc169343e536bdaae4bfce436cb39630,snip,0.011432053558638315,2.1649248083122075e-05,128,1024,1024,1024,1024,1000,1.5472135309246369
concentrated,1024,1.0,5,f343dc8618448c0c9d0e37927b8e6f50dc169343e536bdaae4bfce436cb39630,energy,0.0038460108655005345,0.9920641779899597,128,1024,1024,1024,1024,1000,1.5465020369156264
concentrated,1024,1.0,5,f343dc8618448c0c9d0e37927b8e6f50dc169343e536bdaae4bfce436cb39630,snip_independent,0.011818011494567203,1.680387867963873e-05,128,512,512,1024,1024,1000,1.546722257975489
concentrated,1024,1.0,5,f343dc8618448c0c9d0e37927b8e6f50dc169343e536bdaae4bfce436cb39630,snip_same_half,0.018867627706791255,7.110023580025882e-05,128,512,512,512,1024,1000,1.548119268962182
concentrated,1024,1.0,6,f343dc8618448c0c9d0e37927b8e6f50dc169343e536bdaae4bfce436cb39630,lora,0.08111410257252707,,1024,0,1024,1024,1024,1000,1.5188774010166526
concentrated,1024,1.0,6,f343dc8618448c0c9d0e37927b8e6f50dc169343e536bdaae4bfce436cb39630,compressed,0.008905205743750842,,128,0,1024,1024,1024,1000,1.5768242590129375
concentrated,1024,1.0,6,f343dc8618448c0c9d0e37927b8e6f50dc169343e536bdaae4bfce436cb39630,random,0.00709196859593866,3.308058512629941e-05,128,1024,1024,1024,1024,1000,1.5925392510253005
concentrated,1024,1.0,6,f343dc8618448c0c9d0e37927b8e6f50dc169343e536bdaae4bfce436cb39630,gradient,0.01546566719956458,0.0016047648387029767,128,1024,1024,1024,1024,1000,1.5917432510177605
concentrated,1024,1.0,6,f343dc8618448c0c9d0e37927b8e6f50dc169343e536bdaae4bfce436cb39630,snip,0.011575140576191781,0.0023675800766795874,128,1024,1024,1024,1024,1000,1.5896355180302635
concentrated,1024,1.0,6,f343dc8618448c0c9d0e37927b8e6f50dc169343e536bdaae4bfce436cb39630,energy,0.004479926573799604,0.9920641779899597,128,1024,1024,1024,1024,1000,1.5906672700075433
concentrated,1024,1.0,6,f343dc8618448c0c9d0e37927b8e6f50dc169343e536bdaae4bfce436cb39630,snip_independent,0.012762067227967362,0.0015747068682685494,128,512,512,1024,1024,1000,1.5928481459850445
concentrated,1024,1.0,6,f343dc8618448c0c9d0e37927b8e6f50dc169343e536bdaae4bfce436cb39630,snip_same_half,0.021457032677026394,0.004102831706404686,128,512,512,512,1024,1000,1.592542085039895
concentrated,1024,1.0,7,f343dc8618448c0c9d0e37927b8e6f50dc169343e536bdaae4bfce436cb39630,lora,0.08133673668958434,,1024,0,1024,1024,1024,1000,1.4747542149852961
concentrated,1024,1.0,7,f343dc8618448c0c9d0e37927b8e6f50dc169343e536bdaae4bfce436cb39630,compressed,0.008252284991486006,,128,0,1024,1024,1024,1000,1.5328952930285595
concentrated,1024,1.0,7,f343dc8618448c0c9d0e37927b8e6f50dc169343e536bdaae4bfce436cb39630,random,0.005916531779639396,5.749697447754443e-05,128,1024,1024,1024,1024,1000,1.5512291319901124
concentrated,1024,1.0,7,f343dc8618448c0c9d0e37927b8e6f50dc169343e536bdaae4bfce436cb39630,gradient,0.011741766511681701,0.46871936321258545,128,1024,1024,1024,1024,1000,1.546036870975513
concentrated,1024,1.0,7,f343dc8618448c0c9d0e37927b8e6f50dc169343e536bdaae4bfce436cb39630,snip,0.00895625977328746,0.42915961146354675,128,1024,1024,1024,1024,1000,1.542471771943383
concentrated,1024,1.0,7,f343dc8618448c0c9d0e37927b8e6f50dc169343e536bdaae4bfce436cb39630,energy,0.0034944905290603817,0.9920641779899597,128,1024,1024,1024,1024,1000,1.54353619099129
concentrated,1024,1.0,7,f343dc8618448c0c9d0e37927b8e6f50dc169343e536bdaae4bfce436cb39630,snip_independent,0.010699021094365248,0.022205321118235588,128,512,512,1024,1024,1000,1.5453865539748222
concentrated,1024,1.0,7,f343dc8618448c0c9d0e37927b8e6f50dc169343e536bdaae4bfce436cb39630,snip_same_half,0.01798264172660008,0.07683240622282028,128,512,512,512,1024,1000,1.5429410199867561
concentrated,1024,1.0,8,f343dc8618448c0c9d0e37927b8e6f50dc169343e536bdaae4bfce436cb39630,lora,0.0778912283769287,,1024,0,1024,1024,1024,1000,1.5181154309539124
concentrated,1024,1.0,8,f343dc8618448c0c9d0e37927b8e6f50dc169343e536bdaae4bfce436cb39630,compressed,0.006399919266824988,,128,0,1024,1024,1024,1000,1.5753177320002578
concentrated,1024,1.0,8,f343dc8618448c0c9d0e37927b8e6f50dc169343e536bdaae4bfce436cb39630,random,0.005689640845354475,0.018489105626940727,128,1024,1024,1024,1024,1000,1.5929285890306346
concentrated,1024,1.0,8,f343dc8618448c0c9d0e37927b8e6f50dc169343e536bdaae4bfce436cb39630,gradient,0.012106207750031447,0.44822996854782104,128,1024,1024,1024,1024,1000,1.5925619140616618
concentrated,1024,1.0,8,f343dc8618448c0c9d0e37927b8e6f50dc169343e536bdaae4bfce436cb39630,snip,0.009742659060561588,0.019264793023467064,128,1024,1024,1024,1024,1000,1.5928634140291251
concentrated,1024,1.0,8,f343dc8618448c0c9d0e37927b8e6f50dc169343e536bdaae4bfce436cb39630,energy,0.0031383621645757597,0.9920641779899597,128,1024,1024,1024,1024,1000,1.592161427019164
concentrated,1024,1.0,8,f343dc8618448c0c9d0e37927b8e6f50dc169343e536bdaae4bfce436cb39630,snip_independent,0.011877463820889809,0.07699297368526459,128,512,512,1024,1024,1000,1.5918164569302462
concentrated,1024,1.0,8,f343dc8618448c0c9d0e37927b8e6f50dc169343e536bdaae4bfce436cb39630,snip_same_half,0.023605470477984204,4.407928281580098e-05,128,512,512,512,1024,1000,1.5916213049786165
concentrated,1024,1.0,9,f343dc8618448c0c9d0e37927b8e6f50dc169343e536bdaae4bfce436cb39630,lora,0.086956529184705,,1024,0,1024,1024,1024,1000,1.474400372011587
concentrated,1024,1.0,9,f343dc8618448c0c9d0e37927b8e6f50dc169343e536bdaae4bfce436cb39630,compressed,0.008331687047853073,,128,0,1024,1024,1024,1000,1.5268849690328352
concentrated,1024,1.0,9,f343dc8618448c0c9d0e37927b8e6f50dc169343e536bdaae4bfce436cb39630,random,0.006608150088761526,0.003082582727074623,128,1024,1024,1024,1024,1000,1.542244260024745
concentrated,1024,1.0,9,f343dc8618448c0c9d0e37927b8e6f50dc169343e536bdaae4bfce436cb39630,gradient,0.017191032269222674,7.649035978829488e-05,128,1024,1024,1024,1024,1000,1.5426166559918784
concentrated,1024,1.0,9,f343dc8618448c0c9d0e37927b8e6f50dc169343e536bdaae4bfce436cb39630,snip,0.011472298619072771,0.0067654941231012344,128,1024,1024,1024,1024,1000,1.5419614409911446
concentrated,1024,1.0,9,f343dc8618448c0c9d0e37927b8e6f50dc169343e536bdaae4bfce436cb39630,energy,0.004399116341058962,0.9920641779899597,128,1024,1024,1024,1024,1000,1.5426657439675182
concentrated,1024,1.0,9,f343dc8618448c0c9d0e37927b8e6f50dc169343e536bdaae4bfce436cb39630,snip_independent,0.013374891457852613,0.0008905017166398466,128,512,512,1024,1024,1000,1.545988960948307
concentrated,1024,1.0,9,f343dc8618448c0c9d0e37927b8e6f50dc169343e536bdaae4bfce436cb39630,snip_same_half,0.021932426321816353,0.005976129323244095,128,512,512,512,1024,1000,1.5437303529470228
concentrated,1024,1.0,10,f343dc8618448c0c9d0e37927b8e6f50dc169343e536bdaae4bfce436cb39630,lora,0.0781389504075968,,1024,0,1024,1024,1024,1000,1.5204945600125939
concentrated,1024,1.0,10,f343dc8618448c0c9d0e37927b8e6f50dc169343e536bdaae4bfce436cb39630,compressed,0.008305597657337844,,128,0,1024,1024,1024,1000,1.5765200660098344
concentrated,1024,1.0,10,f343dc8618448c0c9d0e37927b8e6f50dc169343e536bdaae4bfce436cb39630,random,0.006309812140275773,0.0016264530131593347,128,1024,1024,1024,1024,1000,1.5926040619960986
concentrated,1024,1.0,10,f343dc8618448c0c9d0e37927b8e6f50dc169343e536bdaae4bfce436cb39630,gradient,0.01494381693759058,0.5072102546691895,128,1024,1024,1024,1024,1000,1.5923961299704388
concentrated,1024,1.0,10,f343dc8618448c0c9d0e37927b8e6f50dc169343e536bdaae4bfce436cb39630,snip,0.008765998969191939,1.9323004380567e-05,128,1024,1024,1024,1024,1000,1.5917315219994634
concentrated,1024,1.0,10,f343dc8618448c0c9d0e37927b8e6f50dc169343e536bdaae4bfce436cb39630,energy,0.00412632872259857,0.9920641779899597,128,1024,1024,1024,1024,1000,1.5908023089868948
concentrated,1024,1.0,10,f343dc8618448c0c9d0e37927b8e6f50dc169343e536bdaae4bfce436cb39630,snip_independent,0.010644376084086004,0.4291333854198456,128,512,512,1024,1024,1000,1.5928817430394702
concentrated,1024,1.0,10,f343dc8618448c0c9d0e37927b8e6f50dc169343e536bdaae4bfce436cb39630,snip_same_half,0.020266411133168953,1.3475816558639053e-05,128,512,512,512,1024,1000,1.5922224759706296
concentrated,1024,1.0,11,f343dc8618448c0c9d0e37927b8e6f50dc169343e536bdaae4bfce436cb39630,lora,0.07990155303844214,,1024,0,1024,1024,1024,1000,1.4832453440176323
concentrated,1024,1.0,11,f343dc8618448c0c9d0e37927b8e6f50dc169343e536bdaae4bfce436cb39630,compressed,0.009718815425200525,,128,0,1024,1024,1024,1000,1.538632744050119
concentrated,1024,1.0,11,f343dc8618448c0c9d0e37927b8e6f50dc169343e536bdaae4bfce436cb39630,random,0.007276952510610153,7.15193382347934e-05,128,1024,1024,1024,1024,1000,1.549903589009773
concentrated,1024,1.0,11,f343dc8618448c0c9d0e37927b8e6f50dc169343e536bdaae4bfce436cb39630,gradient,0.0156344839747467,0.021307311952114105,128,1024,1024,1024,1024,1000,1.5501479000085965
concentrated,1024,1.0,11,f343dc8618448c0c9d0e37927b8e6f50dc169343e536bdaae4bfce436cb39630,snip,0.011614274577446189,0.019569050520658493,128,1024,1024,1024,1024,1000,1.550689147959929
concentrated,1024,1.0,11,f343dc8618448c0c9d0e37927b8e6f50dc169343e536bdaae4bfce436cb39630,energy,0.004782893818614612,0.9920641779899597,128,1024,1024,1024,1024,1000,1.5472665699780919
concentrated,1024,1.0,11,f343dc8618448c0c9d0e37927b8e6f50dc169343e536bdaae4bfce436cb39630,snip_independent,0.014802434870748142,0.019358418881893158,128,512,512,1024,1024,1000,1.546744734980166
concentrated,1024,1.0,11,f343dc8618448c0c9d0e37927b8e6f50dc169343e536bdaae4bfce436cb39630,snip_same_half,0.026286340649297878,0.0002094520750688389,128,512,512,512,1024,1000,1.5444625549716875
concentrated,1024,1.0,12,f343dc8618448c0c9d0e37927b8e6f50dc169343e536bdaae4bfce436cb39630,lora,0.0752258930207462,,1024,0,1024,1024,1024,1000,1.519993103982415
concentrated,1024,1.0,12,f343dc8618448c0c9d0e37927b8e6f50dc169343e536bdaae4bfce436cb39630,compressed,0.006394338439424126,,128,0,1024,1024,1024,1000,1.5768754100427032
concentrated,1024,1.0,12,f343dc8618448c0c9d0e37927b8e6f50dc169343e536bdaae4bfce436cb39630,random,0.005472569266865891,2.965460589621216e-05,128,1024,1024,1024,1024,1000,1.5933334170258604
concentrated,1024,1.0,12,f343dc8618448c0c9d0e37927b8e6f50dc169343e536bdaae4bfce436cb39630,gradient,0.011636807662872794,0.5090375542640686,128,1024,1024,1024,1024,1000,1.592654453997966
concentrated,1024,1.0,12,f343dc8618448c0c9d0e37927b8e6f50dc169343e536bdaae4bfce436cb39630,snip,0.008569265863608611,0.0027747966814786196,128,1024,1024,1024,1024,1000,1.5921580590074882
concentrated,1024,1.0,12,f343dc8618448c0c9d0e37927b8e6f50dc169343e536bdaae4bfce436cb39630,energy,0.0033935415231419654,0.9920641779899597,128,1024,1024,1024,1024,1000,1.5932147720013745
concentrated,1024,1.0,12,f343dc8618448c0c9d0e37927b8e6f50dc169343e536bdaae4bfce436cb39630,snip_independent,0.01028549274281049,0.0009075246634893119,128,512,512,1024,1024,1000,1.5942147459718399
concentrated,1024,1.0,12,f343dc8618448c0c9d0e37927b8e6f50dc169343e536bdaae4bfce436cb39630,snip_same_half,0.01695592107573718,0.0031335358507931232,128,512,512,512,1024,1000,1.5939521339605562
concentrated,1024,1.0,13,f343dc8618448c0c9d0e37927b8e6f50dc169343e536bdaae4bfce436cb39630,lora,0.0758557601556687,,1024,0,1024,1024,1024,1000,1.4770689440192655
concentrated,1024,1.0,13,f343dc8618448c0c9d0e37927b8e6f50dc169343e536bdaae4bfce436cb39630,compressed,0.006415944857651831,,128,0,1024,1024,1024,1000,1.528519686020445
concentrated,1024,1.0,13,f343dc8618448c0c9d0e37927b8e6f50dc169343e536bdaae4bfce436cb39630,random,0.005992476725397763,0.001959688263013959,128,1024,1024,1024,1024,1000,1.546226739010308
concentrated,1024,1.0,13,f343dc8618448c0c9d0e37927b8e6f50dc169343e536bdaae4bfce436cb39630,gradient,0.013370046412844632,0.4867759943008423,128,1024,1024,1024,1024,1000,1.5465274820453487
concentrated,1024,1.0,13,f343dc8618448c0c9d0e37927b8e6f50dc169343e536bdaae4bfce436cb39630,snip,0.010368709852925912,0.058436617255210876,128,1024,1024,1024,1024,1000,1.545914498041384
concentrated,1024,1.0,13,f343dc8618448c0c9d0e37927b8e6f50dc169343e536bdaae4bfce436cb39630,energy,0.0029283971981553226,0.9920641779899597,128,1024,1024,1024,1024,1000,1.546511778025888
concentrated,1024,1.0,13,f343dc8618448c0c9d0e37927b8e6f50dc169343e536bdaae4bfce436cb39630,snip_independent,0.010417692211555953,0.48882773518562317,128,512,512,1024,1024,1000,1.5443026020657271
concentrated,1024,1.0,13,f343dc8618448c0c9d0e37927b8e6f50dc169343e536bdaae4bfce436cb39630,snip_same_half,0.02430727115481332,1.5673460438847542e-05,128,512,512,512,1024,1000,1.543386566976551
concentrated,1024,1.0,14,f343dc8618448c0c9d0e37927b8e6f50dc169343e536bdaae4bfce436cb39630,lora,0.07762846741196863,,1024,0,1024,1024,1024,1000,1.5189228839590214
concentrated,1024,1.0,14,f343dc8618448c0c9d0e37927b8e6f50dc169343e536bdaae4bfce436cb39630,compressed,0.007225477006425493,,128,0,1024,1024,1024,1000,1.5743074989877641
concentrated,1024,1.0,14,f343dc8618448c0c9d0e37927b8e6f50dc169343e536bdaae4bfce436cb39630,random,0.005913705976061529,2.545707320678048e-05,128,1024,1024,1024,1024,1000,1.5896460390649736
concentrated,1024,1.0,14,f343dc8618448c0c9d0e37927b8e6f50dc169343e536bdaae4bfce436cb39630,gradient,0.011566562427584982,0.4868078827857971,128,1024,1024,1024,1024,1000,1.5881314860307612
concentrated,1024,1.0,14,f343dc8618448c0c9d0e37927b8e6f50dc169343e536bdaae4bfce436cb39630,snip,0.010059525211265255,0.019171999767422676,128,1024,1024,1024,1024,1000,1.586465903033968
concentrated,1024,1.0,14,f343dc8618448c0c9d0e37927b8e6f50dc169343e536bdaae4bfce436cb39630,energy,0.003252372621032699,0.9920641779899597,128,1024,1024,1024,1024,1000,1.5874636710505001
concentrated,1024,1.0,14,f343dc8618448c0c9d0e37927b8e6f50dc169343e536bdaae4bfce436cb39630,snip_independent,0.010084920006636676,0.00014238941366784275,128,512,512,1024,1024,1000,1.5885372020420618
concentrated,1024,1.0,14,f343dc8618448c0c9d0e37927b8e6f50dc169343e536bdaae4bfce436cb39630,snip_same_half,0.020324358644734957,3.087145523750223e-05,128,512,512,512,1024,1000,1.5890868100104854
concentrated,1024,1.0,15,f343dc8618448c0c9d0e37927b8e6f50dc169343e536bdaae4bfce436cb39630,lora,0.08105375167761228,,1024,0,1024,1024,1024,1000,1.4751582139870152
concentrated,1024,1.0,15,f343dc8618448c0c9d0e37927b8e6f50dc169343e536bdaae4bfce436cb39630,compressed,0.007235592171325935,,128,0,1024,1024,1024,1000,1.5247457209625281
concentrated,1024,1.0,15,f343dc8618448c0c9d0e37927b8e6f50dc169343e536bdaae4bfce436cb39630,random,0.005593935263303408,0.00010257493704557419,128,1024,1024,1024,1024,1000,1.5415429989807308
concentrated,1024,1.0,15,f343dc8618448c0c9d0e37927b8e6f50dc169343e536bdaae4bfce436cb39630,gradient,0.013570284926611057,0.05768266320228577,128,1024,1024,1024,1024,1000,1.5429299549432471
concentrated,1024,1.0,15,f343dc8618448c0c9d0e37927b8e6f50dc169343e536bdaae4bfce436cb39630,snip,0.008948266647323747,1.1285061191301793e-05,128,1024,1024,1024,1024,1000,1.5421064120018855
concentrated,1024,1.0,15,f343dc8618448c0c9d0e37927b8e6f50dc169343e536bdaae4bfce436cb39630,energy,0.003627084181966324,0.9920641779899597,128,1024,1024,1024,1024,1000,1.5409180929418653
concentrated,1024,1.0,15,f343dc8618448c0c9d0e37927b8e6f50dc169343e536bdaae4bfce436cb39630,snip_independent,0.011207076056268233,0.0060174413956701756,128,512,512,1024,1024,1000,1.545610323024448
concentrated,1024,1.0,15,f343dc8618448c0c9d0e37927b8e6f50dc169343e536bdaae4bfce436cb39630,snip_same_half,0.021045332278340628,3.077350265812129e-05,128,512,512,512,1024,1000,1.548692764074076
concentrated,1024,1.0,16,f343dc8618448c0c9d0e37927b8e6f50dc169343e536bdaae4bfce436cb39630,lora,0.0771645038559105,,1024,0,1024,1024,1024,1000,1.515518489992246
concentrated,1024,1.0,16,f343dc8618448c0c9d0e37927b8e6f50dc169343e536bdaae4bfce436cb39630,compressed,0.006507096952034099,,128,0,1024,1024,1024,1000,1.5705928459647112
concentrated,1024,1.0,16,f343dc8618448c0c9d0e37927b8e6f50dc169343e536bdaae4bfce436cb39630,random,0.005364797319437761,0.0010921164648607373,128,1024,1024,1024,1024,1000,1.5856687639607117
concentrated,1024,1.0,16,f343dc8618448c0c9d0e37927b8e6f50dc169343e536bdaae4bfce436cb39630,gradient,0.012589728334080284,0.48750364780426025,128,1024,1024,1024,1024,1000,1.5870558500173502
concentrated,1024,1.0,16,f343dc8618448c0c9d0e37927b8e6f50dc169343e536bdaae4bfce436cb39630,snip,0.009164556699306823,1.531956877443008e-05,128,1024,1024,1024,1024,1000,1.5861739600077271
concentrated,1024,1.0,16,f343dc8618448c0c9d0e37927b8e6f50dc169343e536bdaae4bfce436cb39630,energy,0.002872280602925732,0.9920641779899597,128,1024,1024,1024,1024,1000,1.5870991949923337
concentrated,1024,1.0,16,f343dc8618448c0c9d0e37927b8e6f50dc169343e536bdaae4bfce436cb39630,snip_independent,0.012022093523869643,2.0093099010409787e-05,128,512,512,1024,1024,1000,1.589778168941848
concentrated,1024,1.0,16,f343dc8618448c0c9d0e37927b8e6f50dc169343e536bdaae4bfce436cb39630,snip_same_half,0.023498652374545397,3.336917143315077e-05,128,512,512,512,1024,1000,1.5897659320035018
concentrated,1024,1.0,17,f343dc8618448c0c9d0e37927b8e6f50dc169343e536bdaae4bfce436cb39630,lora,0.07542259856202033,,1024,0,1024,1024,1024,1000,1.484069641039241
concentrated,1024,1.0,17,f343dc8618448c0c9d0e37927b8e6f50dc169343e536bdaae4bfce436cb39630,compressed,0.006802065503715539,,128,0,1024,1024,1024,1000,1.535904655000195
concentrated,1024,1.0,17,f343dc8618448c0c9d0e37927b8e6f50dc169343e536bdaae4bfce436cb39630,random,0.006003879548168439,0.02496221847832203,128,1024,1024,1024,1024,1000,1.5521599320345558
concentrated,1024,1.0,17,f343dc8618448c0c9d0e37927b8e6f50dc169343e536bdaae4bfce436cb39630,gradient,0.011610186555723712,0.44823992252349854,128,1024,1024,1024,1024,1000,1.5534122150274925
concentrated,1024,1.0,17,f343dc8618448c0c9d0e37927b8e6f50dc169343e536bdaae4bfce436cb39630,snip,0.00953858072421666,0.0032374674919992685,128,1024,1024,1024,1024,1000,1.5521644310210831
concentrated,1024,1.0,17,f343dc8618448c0c9d0e37927b8e6f50dc169343e536bdaae4bfce436cb39630,energy,0.003174374202234626,0.9920641779899597,128,1024,1024,1024,1024,1000,1.5506969020352699
concentrated,1024,1.0,17,f343dc8618448c0c9d0e37927b8e6f50dc169343e536bdaae4bfce436cb39630,snip_independent,0.010289348617233315,0.021321985870599747,128,512,512,1024,1024,1000,1.542677086952608
concentrated,1024,1.0,17,f343dc8618448c0c9d0e37927b8e6f50dc169343e536bdaae4bfce436cb39630,snip_same_half,0.018312356964433164,0.0032475546468049288,128,512,512,512,1024,1000,1.5452132739592344
concentrated,1024,1.0,18,f343dc8618448c0c9d0e37927b8e6f50dc169343e536bdaae4bfce436cb39630,lora,0.07637676114079645,,1024,0,1024,1024,1024,1000,1.5145566430292092
concentrated,1024,1.0,18,f343dc8618448c0c9d0e37927b8e6f50dc169343e536bdaae4bfce436cb39630,compressed,0.0074720970635991976,,128,0,1024,1024,1024,1000,1.5727122850366868
concentrated,1024,1.0,18,f343dc8618448c0c9d0e37927b8e6f50dc169343e536bdaae4bfce436cb39630,random,0.005752895038144426,7.858117169234902e-05,128,1024,1024,1024,1024,1000,1.5878352270228788
concentrated,1024,1.0,18,f343dc8618448c0c9d0e37927b8e6f50dc169343e536bdaae4bfce436cb39630,gradient,0.015093323008496638,0.07889154553413391,128,1024,1024,1024,1024,1000,1.5924034210038371
concentrated,1024,1.0,18,f343dc8618448c0c9d0e37927b8e6f50dc169343e536bdaae4bfce436cb39630,snip,0.011046848956904502,9.977562149288133e-05,128,1024,1024,1024,1024,1000,1.58850930002518
concentrated,1024,1.0,18,f343dc8618448c0c9d0e37927b8e6f50dc169343e536bdaae4bfce436cb39630,energy,0.004688657059020761,0.9920641779899597,128,1024,1024,1024,1024,1000,1.5896955319913104
concentrated,1024,1.0,18,f343dc8618448c0c9d0e37927b8e6f50dc169343e536bdaae4bfce436cb39630,snip_independent,0.010603146345618037,2.6116173103218898e-05,128,512,512,1024,1024,1000,1.589450463943649
concentrated,1024,1.0,18,f343dc8618448c0c9d0e37927b8e6f50dc169343e536bdaae4bfce436cb39630,snip_same_half,0.019657006877826937,0.0001048813501256518,128,512,512,512,1024,1000,1.591644728963729
concentrated,1024,1.0,19,f343dc8618448c0c9d0e37927b8e6f50dc169343e536bdaae4bfce436cb39630,lora,0.0765056052226926,,1024,0,1024,1024,1024,1000,1.4848676859983243
concentrated,1024,1.0,19,f343dc8618448c0c9d0e37927b8e6f50dc169343e536bdaae4bfce436cb39630,compressed,0.007932849849719405,,128,0,1024,1024,1024,1000,1.5359836220159195
concentrated,1024,1.0,19,f343dc8618448c0c9d0e37927b8e6f50dc169343e536bdaae4bfce436cb39630,random,0.00588005358885268,0.0001103575705201365,128,1024,1024,1024,1024,1000,1.5506179750082083
concentrated,1024,1.0,19,f343dc8618448c0c9d0e37927b8e6f50dc169343e536bdaae4bfce436cb39630,gradient,0.013813073640333533,0.0008623874746263027,128,1024,1024,1024,1024,1000,1.5519150540349074
concentrated,1024,1.0,19,f343dc8618448c0c9d0e37927b8e6f50dc169343e536bdaae4bfce436cb39630,snip,0.010399275562191456,6.0101254348410293e-05,128,1024,1024,1024,1024,1000,1.5494956810143776
concentrated,1024,1.0,19,f343dc8618448c0c9d0e37927b8e6f50dc169343e536bdaae4bfce436cb39630,energy,0.003628794591891321,0.9920641779899597,128,1024,1024,1024,1024,1000,1.5512765210005455
concentrated,1024,1.0,19,f343dc8618448c0c9d0e37927b8e6f50dc169343e536bdaae4bfce436cb39630,snip_independent,0.011598549363231117,9.233759192284197e-05,128,512,512,1024,1024,1000,1.5472698560915887
concentrated,1024,1.0,19,f343dc8618448c0c9d0e37927b8e6f50dc169343e536bdaae4bfce436cb39630,snip_same_half,0.02048694840260448,2.170373591070529e-05,128,512,512,512,1024,1000,1.5526214640121907
concentrated,4096,0.25,0,f343dc8618448c0c9d0e37927b8e6f50dc169343e536bdaae4bfce436cb39630,lora,0.001427885127626722,,1024,0,4096,4096,4096,1000,1.5166761860018596
concentrated,4096,0.25,0,f343dc8618448c0c9d0e37927b8e6f50dc169343e536bdaae4bfce436cb39630,compressed,0.0025807016551977055,,128,0,4096,4096,4096,1000,1.570253607002087
concentrated,4096,0.25,0,f343dc8618448c0c9d0e37927b8e6f50dc169343e536bdaae4bfce436cb39630,random,0.0026848981492866037,6.865135947009549e-05,128,4096,4096,4096,4096,1000,1.5902466449770145
concentrated,4096,0.25,0,f343dc8618448c0c9d0e37927b8e6f50dc169343e536bdaae4bfce436cb39630,gradient,0.0005962855301866359,0.554472804069519,128,4096,4096,4096,4096,1000,1.5885388979222625
concentrated,4096,0.25,0,f343dc8618448c0c9d0e37927b8e6f50dc169343e536bdaae4bfce436cb39630,snip,0.0007552027860970142,0.5267130136489868,128,4096,4096,4096,4096,1000,1.5885299839428626
concentrated,4096,0.25,0,f343dc8618448c0c9d0e37927b8e6f50dc169343e536bdaae4bfce436cb39630,energy,0.000318549636790345,0.9920641779899597,128,4096,4096,4096,4096,1000,1.5878767649410293
concentrated,4096,0.25,0,f343dc8618448c0c9d0e37927b8e6f50dc169343e536bdaae4bfce436cb39630,snip_independent,0.0008919782105846384,0.5265862345695496,128,2048,2048,4096,4096,1000,1.5909969079657458
concentrated,4096,0.25,0,f343dc8618448c0c9d0e37927b8e6f50dc169343e536bdaae4bfce436cb39630,snip_same_half,0.0008508826700599418,0.5373026728630066,128,2048,2048,2048,4096,1000,1.5884550309274346
concentrated,4096,0.25,1,f343dc8618448c0c9d0e37927b8e6f50dc169343e536bdaae4bfce436cb39630,lora,0.0014805020914091232,,1024,0,4096,4096,4096,1000,1.4811828790116124
concentrated,4096,0.25,1,f343dc8618448c0c9d0e37927b8e6f50dc169343e536bdaae4bfce436cb39630,compressed,0.002583798454907578,,128,0,4096,4096,4096,1000,1.522272801026702
concentrated,4096,0.25,1,f343dc8618448c0c9d0e37927b8e6f50dc169343e536bdaae4bfce436cb39630,random,0.0027281635568319256,5.459404565044679e-05,128,4096,4096,4096,4096,1000,1.5445036529563367
concentrated,4096,0.25,1,f343dc8618448c0c9d0e37927b8e6f50dc169343e536bdaae4bfce436cb39630,gradient,0.0005251890182964537,0.5617647767066956,128,4096,4096,4096,4096,1000,1.542249041958712
concentrated,4096,0.25,1,f343dc8618448c0c9d0e37927b8e6f50dc169343e536bdaae4bfce436cb39630,snip,0.0008945946829533762,0.5146250128746033,128,4096,4096,4096,4096,1000,1.5494961559888907
concentrated,4096,0.25,1,f343dc8618448c0c9d0e37927b8e6f50dc169343e536bdaae4bfce436cb39630,energy,0.00034272339140697467,0.9920641779899597,128,4096,4096,4096,4096,1000,1.5509481689659879
concentrated,4096,0.25,1,f343dc8618448c0c9d0e37927b8e6f50dc169343e536bdaae4bfce436cb39630,snip_independent,0.0012507522059191875,0.08861025422811508,128,2048,2048,4096,4096,1000,1.552595111017581
concentrated,4096,0.25,1,f343dc8618448c0c9d0e37927b8e6f50dc169343e536bdaae4bfce436cb39630,snip_same_half,0.0010890550798038886,0.07677823305130005,128,2048,2048,2048,4096,1000,1.550056792970281
concentrated,4096,0.25,2,f343dc8618448c0c9d0e37927b8e6f50dc169343e536bdaae4bfce436cb39630,lora,0.0014335561335570245,,1024,0,4096,4096,4096,1000,1.5139988360460848
concentrated,4096,0.25,2,f343dc8618448c0c9d0e37927b8e6f50dc169343e536bdaae4bfce436cb39630,compressed,0.0026009531512489375,,128,0,4096,4096,4096,1000,1.5694114859797992
concentrated,4096,0.25,2,f343dc8618448c0c9d0e37927b8e6f50dc169343e536bdaae4bfce436cb39630,random,0.0026928485093885277,0.0005540299462154508,128,4096,4096,4096,4096,1000,1.5876756019424647
concentrated,4096,0.25,2,f343dc8618448c0c9d0e37927b8e6f50dc169343e536bdaae4bfce436cb39630,gradient,0.0005423220495694675,0.5619868040084839,128,4096,4096,4096,4096,1000,1.5871791759855114
concentrated,4096,0.25,2,f343dc8618448c0c9d0e37927b8e6f50dc169343e536bdaae4bfce436cb39630,snip,0.0009202593881414526,0.5114565491676331,128,4096,4096,4096,4096,1000,1.5867955179419369
concentrated,4096,0.25,2,f343dc8618448c0c9d0e37927b8e6f50dc169343e536bdaae4bfce436cb39630,energy,0.0002856926609043263,0.9920641779899597,128,4096,4096,4096,4096,1000,1.586107856943272
concentrated,4096,0.25,2,f343dc8618448c0c9d0e37927b8e6f50dc169343e536bdaae4bfce436cb39630,snip_independent,0.0009994661759294902,0.5132644176483154,128,2048,2048,4096,4096,1000,1.5886840890161693
concentrated,4096,0.25,2,f343dc8618448c0c9d0e37927b8e6f50dc169343e536bdaae4bfce436cb39630,snip_same_half,0.0014799528639553026,0.08781953155994415,128,2048,2048,2048,4096,1000,1.587339368998073
concentrated,4096,0.25,3,f343dc8618448c0c9d0e37927b8e6f50dc169343e536bdaae4bfce436cb39630,lora,0.0015305078533050273,,1024,0,4096,4096,4096,1000,1.4813080690219067
concentrated,4096,0.25,3,f343dc8618448c0c9d0e37927b8e6f50dc169343e536bdaae4bfce436cb39630,compressed,0.002586631640378408,,128,0,4096,4096,4096,1000,1.5311674689874053
concentrated,4096,0.25,3,f343dc8618448c0c9d0e37927b8e6f50dc169343e536bdaae4bfce436cb39630,random,0.002726532426472879,6.188896077219397e-05,128,4096,4096,4096,4096,1000,1.5514245179947466
concentrated,4096,0.25,3,f343dc8618448c0c9d0e37927b8e6f50dc169343e536bdaae4bfce436cb39630,gradient,0.0005162391598489011,0.5647112727165222,128,4096,4096,4096,4096,1000,1.5489303009817377
concentrated,4096,0.25,3,f343dc8618448c0c9d0e37927b8e6f50dc169343e536bdaae4bfce436cb39630,snip,0.0008753784699634796,0.5059499144554138,128,4096,4096,4096,4096,1000,1.5491637620143592
concentrated,4096,0.25,3,f343dc8618448c0c9d0e37927b8e6f50dc169343e536bdaae4bfce436cb39630,energy,0.0003338918892412821,0.9920641779899597,128,4096,4096,4096,4096,1000,1.551218600012362
concentrated,4096,0.25,3,f343dc8618448c0c9d0e37927b8e6f50dc169343e536bdaae4bfce436cb39630,snip_independent,0.0008895211003513789,0.5373316407203674,128,2048,2048,4096,4096,1000,1.5477894169744104
concentrated,4096,0.25,3,f343dc8618448c0c9d0e37927b8e6f50dc169343e536bdaae4bfce436cb39630,snip_same_half,0.0014506746763574031,0.07764299213886261,128,2048,2048,2048,4096,1000,1.5489768920233473
concentrated,4096,0.25,4,f343dc8618448c0c9d0e37927b8e6f50dc169343e536bdaae4bfce436cb39630,lora,0.0014343699249846852,,1024,0,4096,4096,4096,1000,1.5184765860321932
concentrated,4096,0.25,4,f343dc8618448c0c9d0e37927b8e6f50dc169343e536bdaae4bfce436cb39630,compressed,0.0025711329147179674,,128,0,4096,4096,4096,1000,1.573147337010596
concentrated,4096,0.25,4,f343dc8618448c0c9d0e37927b8e6f50dc169343e536bdaae4bfce436cb39630,random,0.0026534683127181794,5.0430237024556845e-05,128,4096,4096,4096,4096,1000,1.58942874497734
concentrated,4096,0.25,4,f343dc8618448c0c9d0e37927b8e6f50dc169343e536bdaae4bfce436cb39630,gradient,0.0005641663938732703,0.56468665599823,128,4096,4096,4096,4096,1000,1.586359130044002
concentrated,4096,0.25,4,f343dc8618448c0c9d0e37927b8e6f50dc169343e536bdaae4bfce436cb39630,snip,0.0007567593597021955,0.5459988713264465,128,4096,4096,4096,4096,1000,1.586357460997533
concentrated,4096,0.25,4,f343dc8618448c0c9d0e37927b8e6f50dc169343e536bdaae4bfce436cb39630,energy,0.00031516166504654333,0.9920641779899597,128,4096,4096,4096,4096,1000,1.5881002530222759
concentrated,4096,0.25,4,f343dc8618448c0c9d0e37927b8e6f50dc169343e536bdaae4bfce436cb39630,snip_independent,0.0009541406655162557,0.5246049165725708,128,2048,2048,4096,4096,1000,1.5906777489581145
concentrated,4096,0.25,4,f343dc8618448c0c9d0e37927b8e6f50dc169343e536bdaae4bfce436cb39630,snip_same_half,0.0009599420437236008,0.5350132584571838,128,2048,2048,2048,4096,1000,1.5879982309998013
concentrated,4096,0.25,5,f343dc8618448c0c9d0e37927b8e6f50dc169343e536bdaae4bfce436cb39630,lora,0.001388570160145972,,1024,0,4096,4096,4096,1000,1.480952411016915
concentrated,4096,0.25,5,f343dc8618448c0c9d0e37927b8e6f50dc169343e536bdaae4bfce436cb39630,compressed,0.0025546270312219715,,128,0,4096,4096,4096,1000,1.5311180879944004
concentrated,4096,0.25,5,f343dc8618448c0c9d0e37927b8e6f50dc169343e536bdaae4bfce436cb39630,random,0.0026532810385160146,7.635839574504644e-05,128,4096,4096,4096,4096,1000,1.5494766969932243
concentrated,4096,0.25,5,f343dc8618448c0c9d0e37927b8e6f50dc169343e536bdaae4bfce436cb39630,gradient,0.0004346186551852161,0.5796351432800293,128,4096,4096,4096,4096,1000,1.5488047449616715
concentrated,4096,0.25,5,f343dc8618448c0c9d0e37927b8e6f50dc169343e536bdaae4bfce436cb39630,snip,0.000798431212524218,0.5113073587417603,128,4096,4096,4096,4096,1000,1.5489328249823302
concentrated,4096,0.25,5,f343dc8618448c0c9d0e37927b8e6f50dc169343e536bdaae4bfce436cb39630,energy,0.0002901117552247363,0.9920641779899597,128,4096,4096,4096,4096,1000,1.5494975689798594
concentrated,4096,0.25,5,f343dc8618448c0c9d0e37927b8e6f50dc169343e536bdaae4bfce436cb39630,snip_independent,0.0009215396790668624,0.511368453502655,128,2048,2048,4096,4096,1000,1.5495683669578284
concentrated,4096,0.25,5,f343dc8618448c0c9d0e37927b8e6f50dc169343e536bdaae4bfce436cb39630,snip_same_half,0.0009142170709580807,0.5291650891304016,128,2048,2048,2048,4096,1000,1.5483408870059066
concentrated,4096,0.25,6,f343dc8618448c0c9d0e37927b8e6f50dc169343e536bdaae4bfce436cb39630,lora,0.0014410055011247255,,1024,0,4096,4096,4096,1000,1.516631543985568
concentrated,4096,0.25,6,f343dc8618448c0c9d0e37927b8e6f50dc169343e536bdaae4bfce436cb39630,compressed,0.0025463415688468894,,128,0,4096,4096,4096,1000,1.570344671024941
concentrated,4096,0.25,6,f343dc8618448c0c9d0e37927b8e6f50dc169343e536bdaae4bfce436cb39630,random,0.0025829467416655623,3.308058512629941e-05,128,4096,4096,4096,4096,1000,1.588007871992886
concentrated,4096,0.25,6,f343dc8618448c0c9d0e37927b8e6f50dc169343e536bdaae4bfce436cb39630,gradient,0.00047367592548255713,0.5670368671417236,128,4096,4096,4096,4096,1000,1.5881806089892052
concentrated,4096,0.25,6,f343dc8618448c0c9d0e37927b8e6f50dc169343e536bdaae4bfce436cb39630,snip,0.0010351884809279186,0.08721959590911865,128,4096,4096,4096,4096,1000,1.5868277060217224
concentrated,4096,0.25,6,f343dc8618448c0c9d0e37927b8e6f50dc169343e536bdaae4bfce436cb39630,energy,0.00027885228150068095,0.9920641779899597,128,4096,4096,4096,4096,1000,1.5870089379604906
concentrated,4096,0.25,6,f343dc8618448c0c9d0e37927b8e6f50dc169343e536bdaae4bfce436cb39630,snip_independent,0.001264442460295625,0.08545845001935959,128,2048,2048,4096,4096,1000,1.5897476160316728
concentrated,4096,0.25,6,f343dc8618448c0c9d0e37927b8e6f50dc169343e536bdaae4bfce436cb39630,snip_same_half,0.0009157617421717053,0.5282320380210876,128,2048,2048,2048,4096,1000,1.5883725589956157
concentrated,4096,0.25,7,f343dc8618448c0c9d0e37927b8e6f50dc169343e536bdaae4bfce436cb39630,lora,0.0014801998811753187,,1024,0,4096,4096,4096,1000,1.4829278989927843
concentrated,4096,0.25,7,f343dc8618448c0c9d0e37927b8e6f50dc169343e536bdaae4bfce436cb39630,compressed,0.0025862678922683098,,128,0,4096,4096,4096,1000,1.5310398729634471
concentrated,4096,0.25,7,f343dc8618448c0c9d0e37927b8e6f50dc169343e536bdaae4bfce436cb39630,random,0.002680437304382101,5.749698539148085e-05,128,4096,4096,4096,4096,1000,1.550987261987757
concentrated,4096,0.25,7,f343dc8618448c0c9d0e37927b8e6f50dc169343e536bdaae4bfce436cb39630,gradient,0.0005747170315237029,0.5647015571594238,128,4096,4096,4096,4096,1000,1.551168819947634
concentrated,4096,0.25,7,f343dc8618448c0c9d0e37927b8e6f50dc169343e536bdaae4bfce436cb39630,snip,0.0006932814537587305,0.545872688293457,128,4096,4096,4096,4096,1000,1.5504312929697335
concentrated,4096,0.25,7,f343dc8618448c0c9d0e37927b8e6f50dc169343e536bdaae4bfce436cb39630,energy,0.0003362914147858148,0.9920641779899597,128,4096,4096,4096,4096,1000,1.5524762229761109
concentrated,4096,0.25,7,f343dc8618448c0c9d0e37927b8e6f50dc169343e536bdaae4bfce436cb39630,snip_independent,0.0008031233504056637,0.5519200563430786,128,2048,2048,4096,4096,1000,1.5429915930144489
concentrated,4096,0.25,7,f343dc8618448c0c9d0e37927b8e6f50dc169343e536bdaae4bfce436cb39630,snip_same_half,0.000775151484145982,0.5498605966567993,128,2048,2048,2048,4096,1000,1.5430641300044954
concentrated,4096,0.25,8,f343dc8618448c0c9d0e37927b8e6f50dc169343e536bdaae4bfce436cb39630,lora,0.0014769421496539162,,1024,0,4096,4096,4096,1000,1.5177238790201955
concentrated,4096,0.25,8,f343dc8618448c0c9d0e37927b8e6f50dc169343e536bdaae4bfce436cb39630,compressed,0.0025683327444512736,,128,0,4096,4096,4096,1000,1.570982777979225
concentrated,4096,0.25,8,f343dc8618448c0c9d0e37927b8e6f50dc169343e536bdaae4bfce436cb39630,random,0.002585754453224254,0.018489105626940727,128,4096,4096,4096,4096,1000,1.590687345014885
concentrated,4096,0.25,8,f343dc8618448c0c9d0e37927b8e6f50dc169343e536bdaae4bfce436cb39630,gradient,0.00047154906025312436,0.5688648819923401,128,4096,4096,4096,4096,1000,1.5880549629800953
concentrated,4096,0.25,8,f343dc8618448c0c9d0e37927b8e6f50dc169343e536bdaae4bfce436cb39630,snip,0.0007441248852400684,0.5325923562049866,128,4096,4096,4096,4096,1000,1.5892683059792034
concentrated,4096,0.25,8,f343dc8618448c0c9d0e37927b8e6f50dc169343e536bdaae4bfce436cb39630,energy,0.00027270046344100775,0.9920641779899597,128,4096,4096,4096,4096,1000,1.5882591369445436
concentrated,4096,0.25,8,f343dc8618448c0c9d0e37927b8e6f50dc169343e536bdaae4bfce436cb39630,snip_independent,0.0008024048311382397,0.5328474640846252,128,2048,2048,4096,4096,1000,1.592296619026456
concentrated,4096,0.25,8,f343dc8618448c0c9d0e37927b8e6f50dc169343e536bdaae4bfce436cb39630,snip_same_half,0.0009144943553459199,0.5407037734985352,128,2048,2048,2048,4096,1000,1.589836738014128
concentrated,4096,0.25,9,f343dc8618448c0c9d0e37927b8e6f50dc169343e536bdaae4bfce436cb39630,lora,0.0014520208316957696,,1024,0,4096,4096,4096,1000,1.4706464690389112
concentrated,4096,0.25,9,f343dc8618448c0c9d0e37927b8e6f50dc169343e536bdaae4bfce436cb39630,compressed,0.0025618166035986227,,128,0,4096,4096,4096,1000,1.5202705400297418
concentrated,4096,0.25,9,f343dc8618448c0c9d0e37927b8e6f50dc169343e536bdaae4bfce436cb39630,random,0.002591802745013052,0.003082582727074623,128,4096,4096,4096,4096,1000,1.5427433919976465
concentrated,4096,0.25,9,f343dc8618448c0c9d0e37927b8e6f50dc169343e536bdaae4bfce436cb39630,gradient,0.0005458322846565871,0.5584618449211121,128,4096,4096,4096,4096,1000,1.541323878976982
concentrated,4096,0.25,9,f343dc8618448c0c9d0e37927b8e6f50dc169343e536bdaae4bfce436cb39630,snip,0.0008654505600537233,0.5163925886154175,128,4096,4096,4096,4096,1000,1.5418643590528518
concentrated,4096,0.25,9,f343dc8618448c0c9d0e37927b8e6f50dc169343e536bdaae4bfce436cb39630,energy,0.00031766515169982367,0.9920641779899597,128,4096,4096,4096,4096,1000,1.542064941022545
concentrated,4096,0.25,9,f343dc8618448c0c9d0e37927b8e6f50dc169343e536bdaae4bfce436cb39630,snip_independent,0.0008903587692292399,0.09007539600133896,128,2048,2048,4096,4096,1000,1.5444098659791052
concentrated,4096,0.25,9,f343dc8618448c0c9d0e37927b8e6f50dc169343e536bdaae4bfce436cb39630,snip_same_half,0.0008061981026116936,0.534934937953949,128,2048,2048,2048,4096,1000,1.545452586025931
concentrated,4096,0.25,10,f343dc8618448c0c9d0e37927b8e6f50dc169343e536bdaae4bfce436cb39630,lora,0.0013587002251078564,,1024,0,4096,4096,4096,1000,1.5178435379639268
concentrated,4096,0.25,10,f343dc8618448c0c9d0e37927b8e6f50dc169343e536bdaae4bfce436cb39630,compressed,0.002580384974059699,,128,0,4096,4096,4096,1000,1.570287962036673
concentrated,4096,0.25,10,f343dc8618448c0c9d0e37927b8e6f50dc169343e536bdaae4bfce436cb39630,random,0.002673647566466996,0.0016264530131593347,128,4096,4096,4096,4096,1000,1.589585893030744
concentrated,4096,0.25,10,f343dc8618448c0c9d0e37927b8e6f50dc169343e536bdaae4bfce436cb39630,gradient,0.000541978548579258,0.5655034780502319,128,4096,4096,4096,4096,1000,1.5879167960374616
concentrated,4096,0.25,10,f343dc8618448c0c9d0e37927b8e6f50dc169343e536bdaae4bfce436cb39630,snip,0.0008960016479518842,0.513207197189331,128,4096,4096,4096,4096,1000,1.5890213050297461
concentrated,4096,0.25,10,f343dc8618448c0c9d0e37927b8e6f50dc169343e536bdaae4bfce436cb39630,energy,0.00031764455802448183,0.9920641779899597,128,4096,4096,4096,4096,1000,1.588611381012015
concentrated,4096,0.25,10,f343dc8618448c0c9d0e37927b8e6f50dc169343e536bdaae4bfce436cb39630,snip_independent,0.001032998806064399,0.5113108158111572,128,2048,2048,4096,4096,1000,1.5905727500212379
concentrated,4096,0.25,10,f343dc8618448c0c9d0e37927b8e6f50dc169343e536bdaae4bfce436cb39630,snip_same_half,0.0011637466115558776,0.08592908084392548,128,2048,2048,2048,4096,1000,1.5892375779803842
concentrated,4096,0.25,11,f343dc8618448c0c9d0e37927b8e6f50dc169343e536bdaae4bfce436cb39630,lora,0.0013894673126126958,,1024,0,4096,4096,4096,1000,1.480543920013588
concentrated,4096,0.25,11,f343dc8618448c0c9d0e37927b8e6f50dc169343e536bdaae4bfce436cb39630,compressed,0.0025757639914637887,,128,0,4096,4096,4096,1000,1.5304252450005151
concentrated,4096,0.25,11,f343dc8618448c0c9d0e37927b8e6f50dc169343e536bdaae4bfce436cb39630,random,0.002671570155587731,7.15193382347934e-05,128,4096,4096,4096,4096,1000,1.5497656390070915
concentrated,4096,0.25,11,f343dc8618448c0c9d0e37927b8e6f50dc169343e536bdaae4bfce436cb39630,gradient,0.0005442412425360298,0.5683534145355225,128,4096,4096,4096,4096,1000,1.5446947339805774
concentrated,4096,0.25,11,f343dc8618448c0c9d0e37927b8e6f50dc169343e536bdaae4bfce436cb39630,snip,0.0012697463912609258,0.08534255623817444,128,4096,4096,4096,4096,1000,1.5412238289718516
concentrated,4096,0.25,11,f343dc8618448c0c9d0e37927b8e6f50dc169343e536bdaae4bfce436cb39630,energy,0.0003158829583892492,0.9920641779899597,128,4096,4096,4096,4096,1000,1.5419713179580867
concentrated,4096,0.25,11,f343dc8618448c0c9d0e37927b8e6f50dc169343e536bdaae4bfce436cb39630,snip_independent,0.001067356110838694,0.5059471130371094,128,2048,2048,4096,4096,1000,1.5414646349963732
concentrated,4096,0.25,11,f343dc8618448c0c9d0e37927b8e6f50dc169343e536bdaae4bfce436cb39630,snip_same_half,0.0011149740102511835,0.08532986044883728,128,2048,2048,2048,4096,1000,1.539491932024248
concentrated,4096,0.25,12,f343dc8618448c0c9d0e37927b8e6f50dc169343e536bdaae4bfce436cb39630,lora,0.0013352425982536987,,1024,0,4096,4096,4096,1000,1.5147183879744262
concentrated,4096,0.25,12,f343dc8618448c0c9d0e37927b8e6f50dc169343e536bdaae4bfce436cb39630,compressed,0.002590050002266337,,128,0,4096,4096,4096,1000,1.5673553780070506
concentrated,4096,0.25,12,f343dc8618448c0c9d0e37927b8e6f50dc169343e536bdaae4bfce436cb39630,random,0.0026484824281082352,2.965460589621216e-05,128,4096,4096,4096,4096,1000,1.586700545041822
concentrated,4096,0.25,12,f343dc8618448c0c9d0e37927b8e6f50dc169343e536bdaae4bfce436cb39630,gradient,0.0005523054398058659,0.5670173764228821,128,4096,4096,4096,4096,1000,1.5866553980158642
concentrated,4096,0.25,12,f343dc8618448c0c9d0e37927b8e6f50dc169343e536bdaae4bfce436cb39630,snip,0.0007199721440608378,0.5357424020767212,128,4096,4096,4096,4096,1000,1.5879426590399817
concentrated,4096,0.25,12,f343dc8618448c0c9d0e37927b8e6f50dc169343e536bdaae4bfce436cb39630,energy,0.0003072716058795136,0.9920641779899597,128,4096,4096,4096,4096,1000,1.5864982550265267
concentrated,4096,0.25,12,f343dc8618448c0c9d0e37927b8e6f50dc169343e536bdaae4bfce436cb39630,snip_independent,0.0009545090432843194,0.5113335251808167,128,2048,2048,4096,4096,1000,1.5901471640099771
concentrated,4096,0.25,12,f343dc8618448c0c9d0e37927b8e6f50dc169343e536bdaae4bfce436cb39630,snip_same_half,0.0008953384860111369,0.5351177453994751,128,2048,2048,2048,4096,1000,1.5884803559747525
concentrated,4096,0.25,13,f343dc8618448c0c9d0e37927b8e6f50dc169343e536bdaae4bfce436cb39630,lora,0.0013037785586626728,,1024,0,4096,4096,4096,1000,1.4706284260028042
concentrated,4096,0.25,13,f343dc8618448c0c9d0e37927b8e6f50dc169343e536bdaae4bfce436cb39630,compressed,0.0025316936641405986,,128,0,4096,4096,4096,1000,1.5192352200392634
concentrated,4096,0.25,13,f343dc8618448c0c9d0e37927b8e6f50dc169343e536bdaae4bfce436cb39630,random,0.002562103039976595,0.001959688263013959,128,4096,4096,4096,4096,1000,1.5377210670267232
concentrated,4096,0.25,13,f343dc8618448c0c9d0e37927b8e6f50dc169343e536bdaae4bfce436cb39630,gradient,0.0005231239297473311,0.5624659657478333,128,4096,4096,4096,4096,1000,1.5377177990158089
concentrated,4096,0.25,13,f343dc8618448c0c9d0e37927b8e6f50dc169343e536bdaae4bfce436cb39630,snip,0.0007609986643929209,0.5349647998809814,128,4096,4096,4096,4096,1000,1.5366049820440821
concentrated,4096,0.25,13,f343dc8618448c0c9d0e37927b8e6f50dc169343e536bdaae4bfce436cb39630,energy,0.0002731526427584473,0.9920641779899597,128,4096,4096,4096,4096,1000,1.5382072810316458
concentrated,4096,0.25,13,f343dc8618448c0c9d0e37927b8e6f50dc169343e536bdaae4bfce436cb39630,snip_independent,0.000882489485916101,0.5264069437980652,128,2048,2048,4096,4096,1000,1.5364527140627615
concentrated,4096,0.25,13,f343dc8618448c0c9d0e37927b8e6f50dc169343e536bdaae4bfce436cb39630,snip_same_half,0.0009137976722995561,0.5138232707977295,128,2048,2048,2048,4096,1000,1.5367271839641035
concentrated,4096,0.25,14,f343dc8618448c0c9d0e37927b8e6f50dc169343e536bdaae4bfce436cb39630,lora,0.0014360309363391323,,1024,0,4096,4096,4096,1000,1.5147903980105184
concentrated,4096,0.25,14,f343dc8618448c0c9d0e37927b8e6f50dc169343e536bdaae4bfce436cb39630,compressed,0.002572410235410459,,128,0,4096,4096,4096,1000,1.5670144580071792
concentrated,4096,0.25,14,f343dc8618448c0c9d0e37927b8e6f50dc169343e536bdaae4bfce436cb39630,random,0.0026353328593105114,2.545707320678048e-05,128,4096,4096,4096,4096,1000,1.5891099559958093
concentrated,4096,0.25,14,f343dc8618448c0c9d0e37927b8e6f50dc169343e536bdaae4bfce436cb39630,gradient,0.0005567267473232307,0.5601698756217957,128,4096,4096,4096,4096,1000,1.588140057050623
concentrated,4096,0.25,14,f343dc8618448c0c9d0e37927b8e6f50dc169343e536bdaae4bfce436cb39630,snip,0.0009183041028708756,0.0771181508898735,128,4096,4096,4096,4096,1000,1.5876951770624146
concentrated,4096,0.25,14,f343dc8618448c0c9d0e37927b8e6f50dc169343e536bdaae4bfce436cb39630,energy,0.00030156523249512765,0.9920641779899597,128,4096,4096,4096,4096,1000,1.5877613450284116
concentrated,4096,0.25,14,f343dc8618448c0c9d0e37927b8e6f50dc169343e536bdaae4bfce436cb39630,snip_independent,0.001026057909864216,0.5054861307144165,128,2048,2048,4096,4096,1000,1.5913859690190293
concentrated,4096,0.25,14,f343dc8618448c0c9d0e37927b8e6f50dc169343e536bdaae4bfce436cb39630,snip_same_half,0.0009323400098546898,0.5297656059265137,128,2048,2048,2048,4096,1000,1.5901644700206816
concentrated,4096,0.25,15,f343dc8618448c0c9d0e37927b8e6f50dc169343e536bdaae4bfce436cb39630,lora,0.0013688658510184126,,1024,0,4096,4096,4096,1000,1.469643275020644
concentrated,4096,0.25,15,f343dc8618448c0c9d0e37927b8e6f50dc169343e536bdaae4bfce436cb39630,compressed,0.002552147872523525,,128,0,4096,4096,4096,1000,1.5197360889869742
concentrated,4096,0.25,15,f343dc8618448c0c9d0e37927b8e6f50dc169343e536bdaae4bfce436cb39630,random,0.0026449770971370733,0.0001025749443215318,128,4096,4096,4096,4096,1000,1.5378442740184255
concentrated,4096,0.25,15,f343dc8618448c0c9d0e37927b8e6f50dc169343e536bdaae4bfce436cb39630,gradient,0.0005239804677173119,0.5617605447769165,128,4096,4096,4096,4096,1000,1.5371210320154205
concentrated,4096,0.25,15,f343dc8618448c0c9d0e37927b8e6f50dc169343e536bdaae4bfce436cb39630,snip,0.0007089061083529222,0.5325725674629211,128,4096,4096,4096,4096,1000,1.5379322699736804
concentrated,4096,0.25,15,f343dc8618448c0c9d0e37927b8e6f50dc169343e536bdaae4bfce436cb39630,energy,0.00028844838266723466,0.9920641779899597,128,4096,4096,4096,4096,1000,1.537156228965614
concentrated,4096,0.25,15,f343dc8618448c0c9d0e37927b8e6f50dc169343e536bdaae4bfce436cb39630,snip_independent,0.0008540174028478885,0.5263519883155823,128,2048,2048,4096,4096,1000,1.5364644840010442
concentrated,4096,0.25,15,f343dc8618448c0c9d0e37927b8e6f50dc169343e536bdaae4bfce436cb39630,snip_same_half,0.001002138186732258,0.5114504098892212,128,2048,2048,2048,4096,1000,1.5370398659724742
concentrated,4096,0.25,16,f343dc8618448c0c9d0e37927b8e6f50dc169343e536bdaae4bfce436cb39630,lora,0.00153263595847839,,1024,0,4096,4096,4096,1000,1.5153399559785612
concentrated,4096,0.25,16,f343dc8618448c0c9d0e37927b8e6f50dc169343e536bdaae4bfce436cb39630,compressed,0.0025297860604499038,,128,0,4096,4096,4096,1000,1.5672517700004391
concentrated,4096,0.25,16,f343dc8618448c0c9d0e37927b8e6f50dc169343e536bdaae4bfce436cb39630,random,0.002612700393656451,0.0010921164648607373,128,4096,4096,4096,4096,1000,1.5865411639679223
concentrated,4096,0.25,16,f343dc8618448c0c9d0e37927b8e6f50dc169343e536bdaae4bfce436cb39630,gradient,0.0004913827007737364,0.565112829208374,128,4096,4096,4096,4096,1000,1.5883830770035274
concentrated,4096,0.25,16,f343dc8618448c0c9d0e37927b8e6f50dc169343e536bdaae4bfce436cb39630,snip,0.0007735376958247907,0.5326615571975708,128,4096,4096,4096,4096,1000,1.5879463509772904
concentrated,4096,0.25,16,f343dc8618448c0c9d0e37927b8e6f50dc169343e536bdaae4bfce436cb39630,energy,0.00030104185516547873,0.9920641779899597,128,4096,4096,4096,4096,1000,1.5911766400095075
concentrated,4096,0.25,16,f343dc8618448c0c9d0e37927b8e6f50dc169343e536bdaae4bfce436cb39630,snip_independent,0.0008744771749419375,0.5264734625816345,128,2048,2048,4096,4096,1000,1.5918781089712866
concentrated,4096,0.25,16,f343dc8618448c0c9d0e37927b8e6f50dc169343e536bdaae4bfce436cb39630,snip_same_half,0.0010499415821337834,0.10712367296218872,128,2048,2048,2048,4096,1000,1.5923445930238813
concentrated,4096,0.25,17,f343dc8618448c0c9d0e37927b8e6f50dc169343e536bdaae4bfce436cb39630,lora,0.0016764592912646022,,1024,0,4096,4096,4096,1000,1.4686283220071346
concentrated,4096,0.25,17,f343dc8618448c0c9d0e37927b8e6f50dc169343e536bdaae4bfce436cb39630,compressed,0.0026173866914479794,,128,0,4096,4096,4096,1000,1.5178329049958847
concentrated,4096,0.25,17,f343dc8618448c0c9d0e37927b8e6f50dc169343e536bdaae4bfce436cb39630,random,0.0025995859889136955,0.02496221847832203,128,4096,4096,4096,4096,1000,1.5357763879583217
concentrated,4096,0.25,17,f343dc8618448c0c9d0e37927b8e6f50dc169343e536bdaae4bfce436cb39630,gradient,0.0005172778351759652,0.5689535737037659,128,4096,4096,4096,4096,1000,1.5391280179610476
concentrated,4096,0.25,17,f343dc8618448c0c9d0e37927b8e6f50dc169343e536bdaae4bfce436cb39630,snip,0.0008454284825785727,0.533099353313446,128,4096,4096,4096,4096,1000,1.5358518499997444
concentrated,4096,0.25,17,f343dc8618448c0c9d0e37927b8e6f50dc169343e536bdaae4bfce436cb39630,energy,0.0003340558368608082,0.9920641779899597,128,4096,4096,4096,4096,1000,1.5372398779727519
concentrated,4096,0.25,17,f343dc8618448c0c9d0e37927b8e6f50dc169343e536bdaae4bfce436cb39630,snip_independent,0.0009853194475667776,0.5351267457008362,128,2048,2048,4096,4096,1000,1.535149430972524
concentrated,4096,0.25,17,f343dc8618448c0c9d0e37927b8e6f50dc169343e536bdaae4bfce436cb39630,snip_same_half,0.0008730271335780407,0.5320390462875366,128,2048,2048,2048,4096,1000,1.5368793579982594
concentrated,4096,0.25,18,f343dc8618448c0c9d0e37927b8e6f50dc169343e536bdaae4bfce436cb39630,lora,0.0014005786051229738,,1024,0,4096,4096,4096,1000,1.5154702249565162
concentrated,4096,0.25,18,f343dc8618448c0c9d0e37927b8e6f50dc169343e536bdaae4bfce436cb39630,compressed,0.002563549045222189,,128,0,4096,4096,4096,1000,1.5703938719816506
concentrated,4096,0.25,18,f343dc8618448c0c9d0e37927b8e6f50dc169343e536bdaae4bfce436cb39630,random,0.0026509486634096013,7.858117169234902e-05,128,4096,4096,4096,4096,1000,1.5878689319943078
concentrated,4096,0.25,18,f343dc8618448c0c9d0e37927b8e6f50dc169343e536bdaae4bfce436cb39630,gradient,0.00045739512193466124,0.5662416815757751,128,4096,4096,4096,4096,1000,1.5880687630269676
concentrated,4096,0.25,18,f343dc8618448c0c9d0e37927b8e6f50dc169343e536bdaae4bfce436cb39630,snip,0.0007502994754991818,0.5381252765655518,128,4096,4096,4096,4096,1000,1.5876621310017072
concentrated,4096,0.25,18,f343dc8618448c0c9d0e37927b8e6f50dc169343e536bdaae4bfce436cb39630,energy,0.0002834036817689555,0.9920641779899597,128,4096,4096,4096,4096,1000,1.5877295199898072
concentrated,4096,0.25,18,f343dc8618448c0c9d0e37927b8e6f50dc169343e536bdaae4bfce436cb39630,snip_independent,0.0007860338305048201,0.5590337514877319,128,2048,2048,4096,4096,1000,1.5874321340234019
concentrated,4096,0.25,18,f343dc8618448c0c9d0e37927b8e6f50dc169343e536bdaae4bfce436cb39630,snip_same_half,0.0008039180399834922,0.538887619972229,128,2048,2048,2048,4096,1000,1.588393295998685
concentrated,4096,0.25,19,f343dc8618448c0c9d0e37927b8e6f50dc169343e536bdaae4bfce436cb39630,lora,0.0014485140164568534,,1024,0,4096,4096,4096,1000,1.4681593810091726
concentrated,4096,0.25,19,f343dc8618448c0c9d0e37927b8e6f50dc169343e536bdaae4bfce436cb39630,compressed,0.002567620090670138,,128,0,4096,4096,4096,1000,1.5159922930179164
concentrated,4096,0.25,19,f343dc8618448c0c9d0e37927b8e6f50dc169343e536bdaae4bfce436cb39630,random,0.002671993062041142,0.0001103575705201365,128,4096,4096,4096,4096,1000,1.5354413310415111
concentrated,4096,0.25,19,f343dc8618448c0c9d0e37927b8e6f50dc169343e536bdaae4bfce436cb39630,gradient,0.0004578431302905703,0.5792047381401062,128,4096,4096,4096,4096,1000,1.5348166520125233
concentrated,4096,0.25,19,f343dc8618448c0c9d0e37927b8e6f50dc169343e536bdaae4bfce436cb39630,snip,0.0007786448613126265,0.5350436568260193,128,4096,4096,4096,4096,1000,1.5334547400125302
concentrated,4096,0.25,19,f343dc8618448c0c9d0e37927b8e6f50dc169343e536bdaae4bfce436cb39630,energy,0.00030595910884848027,0.9920641779899597,128,4096,4096,4096,4096,1000,1.5341639120015316
concentrated,4096,0.25,19,f343dc8618448c0c9d0e37927b8e6f50dc169343e536bdaae4bfce436cb39630,snip_independent,0.0011504391134532607,0.08549313992261887,128,2048,2048,4096,4096,1000,1.5355596000445075
concentrated,4096,0.25,19,f343dc8618448c0c9d0e37927b8e6f50dc169343e536bdaae4bfce436cb39630,snip_same_half,0.0009725644524296944,0.5374936461448669,128,2048,2048,2048,4096,1000,1.534023917047307
concentrated,4096,0.5,0,f343dc8618448c0c9d0e37927b8e6f50dc169343e536bdaae4bfce436cb39630,lora,0.004895783720404834,,1024,0,4096,4096,4096,1000,1.5151007120148279
concentrated,4096,0.5,0,f343dc8618448c0c9d0e37927b8e6f50dc169343e536bdaae4bfce436cb39630,compressed,0.0029386329150065792,,128,0,4096,4096,4096,1000,1.569049273035489
concentrated,4096,0.5,0,f343dc8618448c0c9d0e37927b8e6f50dc169343e536bdaae4bfce436cb39630,random,0.0029488704057604167,6.865135947009549e-05,128,4096,4096,4096,4096,1000,1.5892565989634022
concentrated,4096,0.5,0,f343dc8618448c0c9d0e37927b8e6f50dc169343e536bdaae4bfce436cb39630,gradient,0.001082274302045691,0.5511777997016907,128,4096,4096,4096,4096,1000,1.5870030070072971
concentrated,4096,0.5,0,f343dc8618448c0c9d0e37927b8e6f50dc169343e536bdaae4bfce436cb39630,snip,0.0015878231800694645,0.46888554096221924,128,4096,4096,4096,4096,1000,1.587236414954532
concentrated,4096,0.5,0,f343dc8618448c0c9d0e37927b8e6f50dc169343e536bdaae4bfce436cb39630,energy,0.00064894209003726,0.9920641779899597,128,4096,4096,4096,4096,1000,1.5872660579625517
concentrated,4096,0.5,0,f343dc8618448c0c9d0e37927b8e6f50dc169343e536bdaae4bfce436cb39630,snip_independent,0.002974184749934647,0.019171709194779396,128,2048,2048,4096,4096,1000,1.5893756650038995
concentrated,4096,0.5,0,f343dc8618448c0c9d0e37927b8e6f50dc169343e536bdaae4bfce436cb39630,snip_same_half,0.0025612388912685732,0.44963255524635315,128,2048,2048,2048,4096,1000,1.587368897977285
concentrated,4096,0.5,1,f343dc8618448c0c9d0e37927b8e6f50dc169343e536bdaae4bfce436cb39630,lora,0.005361203253615356,,1024,0,4096,4096,4096,1000,1.467426547955256
concentrated,4096,0.5,1,f343dc8618448c0c9d0e37927b8e6f50dc169343e536bdaae4bfce436cb39630,compressed,0.002970682567432994,,128,0,4096,4096,4096,1000,1.5157714299857616
concentrated,4096,0.5,1,f343dc8618448c0c9d0e37927b8e6f50dc169343e536bdaae4bfce436cb39630,random,0.003015921837987859,5.459404565044679e-05,128,4096,4096,4096,4096,1000,1.5379948429763317
concentrated,4096,0.5,1,f343dc8618448c0c9d0e37927b8e6f50dc169343e536bdaae4bfce436cb39630,gradient,0.0012659586734314176,0.5299416184425354,128,4096,4096,4096,4096,1000,1.5432876500417478
concentrated,4096,0.5,1,f343dc8618448c0c9d0e37927b8e6f50dc169343e536bdaae4bfce436cb39630,snip,0.002214512682090307,0.05761134251952171,128,4096,4096,4096,4096,1000,1.5429609779966995
concentrated,4096,0.5,1,f343dc8618448c0c9d0e37927b8e6f50dc169343e536bdaae4bfce436cb39630,energy,0.0006868876669965268,0.9920641779899597,128,4096,4096,4096,4096,1000,1.5434790480067022
concentrated,4096,0.5,1,f343dc8618448c0c9d0e37927b8e6f50dc169343e536bdaae4bfce436cb39630,snip_independent,0.0025171283794107316,0.05768991634249687,128,2048,2048,4096,4096,1000,1.5349466900224797
concentrated,4096,0.5,1,f343dc8618448c0c9d0e37927b8e6f50dc169343e536bdaae4bfce436cb39630,snip_same_half,0.0029775305462611135,1.263752255908912e-05,128,2048,2048,2048,4096,1000,1.5359904970391653
concentrated,4096,0.5,2,f343dc8618448c0c9d0e37927b8e6f50dc169343e536bdaae4bfce436cb39630,lora,0.005013241338068519,,1024,0,4096,4096,4096,1000,1.5159798910026439
concentrated,4096,0.5,2,f343dc8618448c0c9d0e37927b8e6f50dc169343e536bdaae4bfce436cb39630,compressed,0.003027454456545235,,128,0,4096,4096,4096,1000,1.5715686390176415
concentrated,4096,0.5,2,f343dc8618448c0c9d0e37927b8e6f50dc169343e536bdaae4bfce436cb39630,random,0.0029735456313733522,0.0005540299462154508,128,4096,4096,4096,4096,1000,1.5894095199764706
concentrated,4096,0.5,2,f343dc8618448c0c9d0e37927b8e6f50dc169343e536bdaae4bfce436cb39630,gradient,0.0012557416592265482,0.5286135077476501,128,4096,4096,4096,4096,1000,1.589536502957344
concentrated,4096,0.5,2,f343dc8618448c0c9d0e37927b8e6f50dc169343e536bdaae4bfce436cb39630,snip,0.0020632279847882717,0.07678496092557907,128,4096,4096,4096,4096,1000,1.5861976059968583
concentrated,4096,0.5,2,f343dc8618448c0c9d0e37927b8e6f50dc169343e536bdaae4bfce436cb39630,energy,0.0005743885028702255,0.9920641779899597,128,4096,4096,4096,4096,1000,1.5890748560195789
concentrated,4096,0.5,2,f343dc8618448c0c9d0e37927b8e6f50dc169343e536bdaae4bfce436cb39630,snip_independent,0.0028407599791670495,0.07679099589586258,128,2048,2048,4096,4096,1000,1.5903959460556507
concentrated,4096,0.5,2,f343dc8618448c0c9d0e37927b8e6f50dc169343e536bdaae4bfce436cb39630,snip_same_half,0.0028317493315958737,0.05763832852244377,128,2048,2048,2048,4096,1000,1.5899988280143589
concentrated,4096,0.5,3,f343dc8618448c0c9d0e37927b8e6f50dc169343e536bdaae4bfce436cb39630,lora,0.005455372085170299,,1024,0,4096,4096,4096,1000,1.4681591949774884
concentrated,4096,0.5,3,f343dc8618448c0c9d0e37927b8e6f50dc169343e536bdaae4bfce436cb39630,compressed,0.002997266470813815,,128,0,4096,4096,4096,1000,1.518697626015637
concentrated,4096,0.5,3,f343dc8618448c0c9d0e37927b8e6f50dc169343e536bdaae4bfce436cb39630,random,0.0030384414728506603,6.188894622027874e-05,128,4096,4096,4096,4096,1000,1.537615673034452
concentrated,4096,0.5,3,f343dc8618448c0c9d0e37927b8e6f50dc169343e536bdaae4bfce436cb39630,gradient,0.0011252935691262124,0.526266872882843,128,4096,4096,4096,4096,1000,1.5362757159746252
concentrated,4096,0.5,3,f343dc8618448c0c9d0e37927b8e6f50dc169343e536bdaae4bfce436cb39630,snip,0.0021251277193143703,0.05841634422540665,128,4096,4096,4096,4096,1000,1.5366793060093187
concentrated,4096,0.5,3,f343dc8618448c0c9d0e37927b8e6f50dc169343e536bdaae4bfce436cb39630,energy,0.0006723801164938325,0.9920641779899597,128,4096,4096,4096,4096,1000,1.5435561639606021
concentrated,4096,0.5,3,f343dc8618448c0c9d0e37927b8e6f50dc169343e536bdaae4bfce436cb39630,snip_independent,0.001869548606745888,0.507422924041748,128,2048,2048,4096,4096,1000,1.5406512349145487
concentrated,4096,0.5,3,f343dc8618448c0c9d0e37927b8e6f50dc169343e536bdaae4bfce436cb39630,snip_same_half,0.0035051199115039584,0.0008185458718799055,128,2048,2048,2048,4096,1000,1.5371273940545507
concentrated,4096,0.5,4,f343dc8618448c0c9d0e37927b8e6f50dc169343e536bdaae4bfce436cb39630,lora,0.004876906992168756,,1024,0,4096,4096,4096,1000,1.5192644139751792
concentrated,4096,0.5,4,f343dc8618448c0c9d0e37927b8e6f50dc169343e536bdaae4bfce436cb39630,compressed,0.0029482758383158315,,128,0,4096,4096,4096,1000,1.5725742190261371
concentrated,4096,0.5,4,f343dc8618448c0c9d0e37927b8e6f50dc169343e536bdaae4bfce436cb39630,random,0.0030039108644310955,5.043023338657804e-05,128,4096,4096,4096,4096,1000,1.5915262749767862
concentrated,4096,0.5,4,f343dc8618448c0c9d0e37927b8e6f50dc169343e536bdaae4bfce436cb39630,gradient,0.0012572310477351094,0.526263952255249,128,4096,4096,4096,4096,1000,1.588961283036042
concentrated,4096,0.5,4,f343dc8618448c0c9d0e37927b8e6f50dc169343e536bdaae4bfce436cb39630,snip,0.0016955909965107132,0.5032931566238403,128,4096,4096,4096,4096,1000,1.588822364981752
concentrated,4096,0.5,4,f343dc8618448c0c9d0e37927b8e6f50dc169343e536bdaae4bfce436cb39630,energy,0.0006146178514641915,0.9920641779899597,128,4096,4096,4096,4096,1000,1.5892383609898388
concentrated,4096,0.5,4,f343dc8618448c0c9d0e37927b8e6f50dc169343e536bdaae4bfce436cb39630,snip_independent,0.002215226811821278,0.06867529451847076,128,2048,2048,4096,4096,1000,1.5893881799420342
concentrated,4096,0.5,4,f343dc8618448c0c9d0e37927b8e6f50dc169343e536bdaae4bfce436cb39630,snip_same_half,0.0020551271705469476,0.5327476859092712,128,2048,2048,2048,4096,1000,1.5909869180177338
concentrated,4096,0.5,5,f343dc8618448c0c9d0e37927b8e6f50dc169343e536bdaae4bfce436cb39630,lora,0.005251860976355738,,1024,0,4096,4096,4096,1000,1.476067035982851
concentrated,4096,0.5,5,f343dc8618448c0c9d0e37927b8e6f50dc169343e536bdaae4bfce436cb39630,compressed,0.0028606379247091826,,128,0,4096,4096,4096,1000,1.5236745619913563
concentrated,4096,0.5,5,f343dc8618448c0c9d0e37927b8e6f50dc169343e536bdaae4bfce436cb39630,random,0.0029071342562369635,7.635838119313121e-05,128,4096,4096,4096,4096,1000,1.5432342160493135
concentrated,4096,0.5,5,f343dc8618448c0c9d0e37927b8e6f50dc169343e536bdaae4bfce436cb39630,gradient,0.001329717507191111,0.5058323740959167,128,4096,4096,4096,4096,1000,1.5423243450350128
concentrated,4096,0.5,5,f343dc8618448c0c9d0e37927b8e6f50dc169343e536bdaae4bfce436cb39630,snip,0.0023958340334535658,1.0347102943342179e-05,128,4096,4096,4096,4096,1000,1.5431370200240053
concentrated,4096,0.5,5,f343dc8618448c0c9d0e37927b8e6f50dc169343e536bdaae4bfce436cb39630,energy,0.0005504518197145044,0.9920641779899597,128,4096,4096,4096,4096,1000,1.5435142920468934
concentrated,4096,0.5,5,f343dc8618448c0c9d0e37927b8e6f50dc169343e536bdaae4bfce436cb39630,snip_independent,0.0019374227772494554,0.05761212855577469,128,2048,2048,4096,4096,1000,1.5448133410536684
concentrated,4096,0.5,5,f343dc8618448c0c9d0e37927b8e6f50dc169343e536bdaae4bfce436cb39630,snip_same_half,0.0028362626029961287,0.020992014557123184,128,2048,2048,2048,4096,1000,1.5430883599910885
concentrated,4096,0.5,6,f343dc8618448c0c9d0e37927b8e6f50dc169343e536bdaae4bfce436cb39630,lora,0.0045814324626115305,,1024,0,4096,4096,4096,1000,1.5164548159809783
concentrated,4096,0.5,6,f343dc8618448c0c9d0e37927b8e6f50dc169343e536bdaae4bfce436cb39630,compressed,0.0028192741789613393,,128,0,4096,4096,4096,1000,1.5703635680256411
concentrated,4096,0.5,6,f343dc8618448c0c9d0e37927b8e6f50dc169343e536bdaae4bfce436cb39630,random,0.0028365141385680395,3.3080581488320604e-05,128,4096,4096,4096,4096,1000,1.589006052003242
concentrated,4096,0.5,6,f343dc8618448c0c9d0e37927b8e6f50dc169343e536bdaae4bfce436cb39630,gradient,0.0011764309979171474,0.5286278128623962,128,4096,4096,4096,4096,1000,1.5883152849855833
concentrated,4096,0.5,6,f343dc8618448c0c9d0e37927b8e6f50dc169343e536bdaae4bfce436cb39630,snip,0.0018266164687238432,0.05963411182165146,128,4096,4096,4096,4096,1000,1.587142803997267
concentrated,4096,0.5,6,f343dc8618448c0c9d0e37927b8e6f50dc169343e536bdaae4bfce436cb39630,energy,0.0005181922835196737,0.9920641779899597,128,4096,4096,4096,4096,1000,1.5884597559925169
concentrated,4096,0.5,6,f343dc8618448c0c9d0e37927b8e6f50dc169343e536bdaae4bfce436cb39630,snip_independent,0.0025651067942394027,0.060179539024829865,128,2048,2048,4096,4096,1000,1.5901438900036737
concentrated,4096,0.5,6,f343dc8618448c0c9d0e37927b8e6f50dc169343e536bdaae4bfce436cb39630,snip_same_half,0.002475495938978104,0.4474712610244751,128,2048,2048,2048,4096,1000,1.5890074239578098
concentrated,4096,0.5,7,f343dc8618448c0c9d0e37927b8e6f50dc169343e536bdaae4bfce436cb39630,lora,0.005233417011326639,,1024,0,4096,4096,4096,1000,1.477724502037745
concentrated,4096,0.5,7,f343dc8618448c0c9d0e37927b8e6f50dc169343e536bdaae4bfce436cb39630,compressed,0.0029769542733959443,,128,0,4096,4096,4096,1000,1.5255495689925738
concentrated,4096,0.5,7,f343dc8618448c0c9d0e37927b8e6f50dc169343e536bdaae4bfce436cb39630,random,0.002960269824911179,5.749698539148085e-05,128,4096,4096,4096,4096,1000,1.5455965549917892
concentrated,4096,0.5,7,f343dc8618448c0c9d0e37927b8e6f50dc169343e536bdaae4bfce436cb39630,gradient,0.0014397659620046495,0.5262672305107117,128,4096,4096,4096,4096,1000,1.545201150001958
concentrated,4096,0.5,7,f343dc8618448c0c9d0e37927b8e6f50dc169343e536bdaae4bfce436cb39630,snip,0.0015094353016466139,0.5157708525657654,128,4096,4096,4096,4096,1000,1.5412253940012306
concentrated,4096,0.5,7,f343dc8618448c0c9d0e37927b8e6f50dc169343e536bdaae4bfce436cb39630,energy,0.0007032378675788048,0.9920641779899597,128,4096,4096,4096,4096,1000,1.5383057039580308
concentrated,4096,0.5,7,f343dc8618448c0c9d0e37927b8e6f50dc169343e536bdaae4bfce436cb39630,snip_independent,0.0016423010978530235,0.534981369972229,128,2048,2048,4096,4096,1000,1.5368133370648138
concentrated,4096,0.5,7,f343dc8618448c0c9d0e37927b8e6f50dc169343e536bdaae4bfce436cb39630,snip_same_half,0.0022261194808575065,0.49003034830093384,128,2048,2048,2048,4096,1000,1.535294279048685
concentrated,4096,0.5,8,f343dc8618448c0c9d0e37927b8e6f50dc169343e536bdaae4bfce436cb39630,lora,0.004898926855630153,,1024,0,4096,4096,4096,1000,1.516697208979167
concentrated,4096,0.5,8,f343dc8618448c0c9d0e37927b8e6f50dc169343e536bdaae4bfce436cb39630,compressed,0.0029058615773900932,,128,0,4096,4096,4096,1000,1.5709917390486225
concentrated,4096,0.5,8,f343dc8618448c0c9d0e37927b8e6f50dc169343e536bdaae4bfce436cb39630,random,0.002772234462951795,0.018489105626940727,128,4096,4096,4096,4096,1000,1.590841003053356
concentrated,4096,0.5,8,f343dc8618448c0c9d0e37927b8e6f50dc169343e536bdaae4bfce436cb39630,gradient,0.0010075567991860057,0.5286148190498352,128,4096,4096,4096,4096,1000,1.5924551760545
concentrated,4096,0.5,8,f343dc8618448c0c9d0e37927b8e6f50dc169343e536bdaae4bfce436cb39630,snip,0.0013941476224819433,0.5074201226234436,128,4096,4096,4096,4096,1000,1.5931249710265547
concentrated,4096,0.5,8,f343dc8618448c0c9d0e37927b8e6f50dc169343e536bdaae4bfce436cb39630,energy,0.00048482441244772595,0.9920641779899597,128,4096,4096,4096,4096,1000,1.5911031209980138
concentrated,4096,0.5,8,f343dc8618448c0c9d0e37927b8e6f50dc169343e536bdaae4bfce436cb39630,snip_independent,0.0016829335214846647,0.5078594088554382,128,2048,2048,4096,4096,1000,1.5931383650167845
concentrated,4096,0.5,8,f343dc8618448c0c9d0e37927b8e6f50dc169343e536bdaae4bfce436cb39630,snip_same_half,0.0022283864336079,0.5115298628807068,128,2048,2048,2048,4096,1000,1.5922592320130207
concentrated,4096,0.5,9,f343dc8618448c0c9d0e37927b8e6f50dc169343e536bdaae4bfce436cb39630,lora,0.005207781288060401,,1024,0,4096,4096,4096,1000,1.4680804329691455
concentrated,4096,0.5,9,f343dc8618448c0c9d0e37927b8e6f50dc169343e536bdaae4bfce436cb39630,compressed,0.0028686395076412646,,128,0,4096,4096,4096,1000,1.5158719499595463
concentrated,4096,0.5,9,f343dc8618448c0c9d0e37927b8e6f50dc169343e536bdaae4bfce436cb39630,random,0.0028175529867365896,0.003082582727074623,128,4096,4096,4096,4096,1000,1.5355719799990766
concentrated,4096,0.5,9,f343dc8618448c0c9d0e37927b8e6f50dc169343e536bdaae4bfce436cb39630,gradient,0.0011431399381505744,0.5310419201850891,128,4096,4096,4096,4096,1000,1.5360669160145335
concentrated,4096,0.5,9,f343dc8618448c0c9d0e37927b8e6f50dc169343e536bdaae4bfce436cb39630,snip,0.002012803907105598,0.07692307978868484,128,4096,4096,4096,4096,1000,1.5407452599611133
concentrated,4096,0.5,9,f343dc8618448c0c9d0e37927b8e6f50dc169343e536bdaae4bfce436cb39630,energy,0.0006091155356219086,0.9920641779899597,128,4096,4096,4096,4096,1000,1.543690332036931
concentrated,4096,0.5,9,f343dc8618448c0c9d0e37927b8e6f50dc169343e536bdaae4bfce436cb39630,snip_independent,0.0019342354484596694,0.4494471549987793,128,2048,2048,4096,4096,1000,1.5432809830526821
concentrated,4096,0.5,9,f343dc8618448c0c9d0e37927b8e6f50dc169343e536bdaae4bfce436cb39630,snip_same_half,0.002059016310964037,0.07674432545900345,128,2048,2048,2048,4096,1000,1.542294550978113
concentrated,4096,0.5,10,f343dc8618448c0c9d0e37927b8e6f50dc169343e536bdaae4bfce436cb39630,lora,0.004815925249859921,,1024,0,4096,4096,4096,1000,1.5164040140225552
concentrated,4096,0.5,10,f343dc8618448c0c9d0e37927b8e6f50dc169343e536bdaae4bfce436cb39630,compressed,0.002947148266117996,,128,0,4096,4096,4096,1000,1.5703395570162684
concentrated,4096,0.5,10,f343dc8618448c0c9d0e37927b8e6f50dc169343e536bdaae4bfce436cb39630,random,0.002985735574549173,0.0016264530131593347,128,4096,4096,4096,4096,1000,1.5910989919793792
concentrated,4096,0.5,10,f343dc8618448c0c9d0e37927b8e6f50dc169343e536bdaae4bfce436cb39630,gradient,0.0012958315613046472,0.5091317296028137,128,4096,4096,4096,4096,1000,1.5907972099957988
concentrated,4096,0.5,10,f343dc8618448c0c9d0e37927b8e6f50dc169343e536bdaae4bfce436cb39630,snip,0.002222129913639153,0.05775259807705879,128,4096,4096,4096,4096,1000,1.5902314290287904
concentrated,4096,0.5,10,f343dc8618448c0c9d0e37927b8e6f50dc169343e536bdaae4bfce436cb39630,energy,0.0006098443264454647,0.9920641779899597,128,4096,4096,4096,4096,1000,1.5899600089760497
concentrated,4096,0.5,10,f343dc8618448c0c9d0e37927b8e6f50dc169343e536bdaae4bfce436cb39630,snip_independent,0.00265807755956383,0.05773679539561272,128,2048,2048,4096,4096,1000,1.591100295947399
concentrated,4096,0.5,10,f343dc8618448c0c9d0e37927b8e6f50dc169343e536bdaae4bfce436cb39630,snip_same_half,0.002951274139735029,0.06682514399290085,128,2048,2048,2048,4096,1000,1.591784713033121
concentrated,4096,0.5,11,f343dc8618448c0c9d0e37927b8e6f50dc169343e536bdaae4bfce436cb39630,lora,0.004853463136151483,,1024,0,4096,4096,4096,1000,1.4726038920343854
concentrated,4096,0.5,11,f343dc8618448c0c9d0e37927b8e6f50dc169343e536bdaae4bfce436cb39630,compressed,0.002940277871122002,,128,0,4096,4096,4096,1000,1.5184523229836486
concentrated,4096,0.5,11,f343dc8618448c0c9d0e37927b8e6f50dc169343e536bdaae4bfce436cb39630,random,0.0029951362636776706,7.15193382347934e-05,128,4096,4096,4096,4096,1000,1.5433060309733264
concentrated,4096,0.5,11,f343dc8618448c0c9d0e37927b8e6f50dc169343e536bdaae4bfce436cb39630,gradient,0.0013279761850471953,0.5345337986946106,128,4096,4096,4096,4096,1000,1.5429623640375212
concentrated,4096,0.5,11,f343dc8618448c0c9d0e37927b8e6f50dc169343e536bdaae4bfce436cb39630,snip,0.0019474721983570942,0.07827618718147278,128,4096,4096,4096,4096,1000,1.5417767620529048
concentrated,4096,0.5,11,f343dc8618448c0c9d0e37927b8e6f50dc169343e536bdaae4bfce436cb39630,energy,0.0006629484734646351,0.9920641779899597,128,4096,4096,4096,4096,1000,1.5425169079680927
concentrated,4096,0.5,11,f343dc8618448c0c9d0e37927b8e6f50dc169343e536bdaae4bfce436cb39630,snip_independent,0.0022364085764806827,0.07751626521348953,128,2048,2048,4096,4096,1000,1.542436719930265
concentrated,4096,0.5,11,f343dc8618448c0c9d0e37927b8e6f50dc169343e536bdaae4bfce436cb39630,snip_same_half,0.0025215977407234,0.07824069261550903,128,2048,2048,2048,4096,1000,1.541496096062474
concentrated,4096,0.5,12,f343dc8618448c0c9d0e37927b8e6f50dc169343e536bdaae4bfce436cb39630,lora,0.004555555971400365,,1024,0,4096,4096,4096,1000,1.518741192005109
concentrated,4096,0.5,12,f343dc8618448c0c9d0e37927b8e6f50dc169343e536bdaae4bfce436cb39630,compressed,0.0029616420617727514,,128,0,4096,4096,4096,1000,1.5708969029947184
concentrated,4096,0.5,12,f343dc8618448c0c9d0e37927b8e6f50dc169343e536bdaae4bfce436cb39630,random,0.002921017341826861,2.9654602258233353e-05,128,4096,4096,4096,4096,1000,1.5920564720290713
concentrated,4096,0.5,12,f343dc8618448c0c9d0e37927b8e6f50dc169343e536bdaae4bfce436cb39630,gradient,0.0011779930938558701,0.5511674880981445,128,4096,4096,4096,4096,1000,1.5904199970536865
concentrated,4096,0.5,12,f343dc8618448c0c9d0e37927b8e6f50dc169343e536bdaae4bfce436cb39630,snip,0.001533614166550767,0.08307147026062012,128,4096,4096,4096,4096,1000,1.5911072070593946
concentrated,4096,0.5,12,f343dc8618448c0c9d0e37927b8e6f50dc169343e536bdaae4bfce436cb39630,energy,0.0006215490794800818,0.9920641779899597,128,4096,4096,4096,4096,1000,1.591912403004244
concentrated,4096,0.5,12,f343dc8618448c0c9d0e37927b8e6f50dc169343e536bdaae4bfce436cb39630,snip_independent,0.00195161321419273,0.05764452740550041,128,2048,2048,4096,4096,1000,1.5935235570068471
concentrated,4096,0.5,12,f343dc8618448c0c9d0e37927b8e6f50dc169343e536bdaae4bfce436cb39630,snip_same_half,0.0021054488189614106,0.5265451669692993,128,2048,2048,2048,4096,1000,1.5922796610393561
concentrated,4096,0.5,13,f343dc8618448c0c9d0e37927b8e6f50dc169343e536bdaae4bfce436cb39630,lora,0.0047680627774751875,,1024,0,4096,4096,4096,1000,1.4747944709961303
concentrated,4096,0.5,13,f343dc8618448c0c9d0e37927b8e6f50dc169343e536bdaae4bfce436cb39630,compressed,0.0028099695398313596,,128,0,4096,4096,4096,1000,1.521932405012194
concentrated,4096,0.5,13,f343dc8618448c0c9d0e37927b8e6f50dc169343e536bdaae4bfce436cb39630,random,0.002770042609401062,0.001959688263013959,128,4096,4096,4096,4096,1000,1.5425533940433525
concentrated,4096,0.5,13,f343dc8618448c0c9d0e37927b8e6f50dc169343e536bdaae4bfce436cb39630,gradient,0.000990007694475525,0.5286116600036621,128,4096,4096,4096,4096,1000,1.5426137679605745
concentrated,4096,0.5,13,f343dc8618448c0c9d0e37927b8e6f50dc169343e536bdaae4bfce436cb39630,snip,0.0013268905512863337,0.5050318241119385,128,4096,4096,4096,4096,1000,1.54163597302977
concentrated,4096,0.5,13,f343dc8618448c0c9d0e37927b8e6f50dc169343e536bdaae4bfce436cb39630,energy,0.0005100533425790254,0.9920641779899597,128,4096,4096,4096,4096,1000,1.5423999589984305
concentrated,4096,0.5,13,f343dc8618448c0c9d0e37927b8e6f50dc169343e536bdaae4bfce436cb39630,snip_independent,0.0017035424497759647,0.4499116837978363,128,2048,2048,4096,4096,1000,1.5408965660026297
concentrated,4096,0.5,13,f343dc8618448c0c9d0e37927b8e6f50dc169343e536bdaae4bfce436cb39630,snip_same_half,0.00208256210164717,0.0768517404794693,128,2048,2048,2048,4096,1000,1.5401645420351997
concentrated,4096,0.5,14,f343dc8618448c0c9d0e37927b8e6f50dc169343e536bdaae4bfce436cb39630,lora,0.005472973362620735,,1024,0,4096,4096,4096,1000,1.5184143680380657
concentrated,4096,0.5,14,f343dc8618448c0c9d0e37927b8e6f50dc169343e536bdaae4bfce436cb39630,compressed,0.0029168011600212663,,128,0,4096,4096,4096,1000,1.5719017930096015
concentrated,4096,0.5,14,f343dc8618448c0c9d0e37927b8e6f50dc169343e536bdaae4bfce436cb39630,random,0.002849015790846289,2.545707320678048e-05,128,4096,4096,4096,4096,1000,1.5916759219835512
concentrated,4096,0.5,14,f343dc8618448c0c9d0e37927b8e6f50dc169343e536bdaae4bfce436cb39630,gradient,0.0012553216473104158,0.5262783169746399,128,4096,4096,4096,4096,1000,1.593112445960287
concentrated,4096,0.5,14,f343dc8618448c0c9d0e37927b8e6f50dc169343e536bdaae4bfce436cb39630,snip,0.0023196931660390318,0.01933126151561737,128,4096,4096,4096,4096,1000,1.5913582649664022
concentrated,4096,0.5,14,f343dc8618448c0c9d0e37927b8e6f50dc169343e536bdaae4bfce436cb39630,energy,0.0005687773594045789,0.9920641779899597,128,4096,4096,4096,4096,1000,1.5939149769837968
concentrated,4096,0.5,14,f343dc8618448c0c9d0e37927b8e6f50dc169343e536bdaae4bfce436cb39630,snip_independent,0.002081435890451156,0.44787946343421936,128,2048,2048,4096,4096,1000,1.5946083100279793
concentrated,4096,0.5,14,f343dc8618448c0c9d0e37927b8e6f50dc169343e536bdaae4bfce436cb39630,snip_same_half,0.0023721456049295734,0.42838355898857117,128,2048,2048,2048,4096,1000,1.5929234770592302
concentrated,4096,0.5,15,f343dc8618448c0c9d0e37927b8e6f50dc169343e536bdaae4bfce436cb39630,lora,0.005185494557094128,,1024,0,4096,4096,4096,1000,1.4738165239687078
concentrated,4096,0.5,15,f343dc8618448c0c9d0e37927b8e6f50dc169343e536bdaae4bfce436cb39630,compressed,0.002883699183068189,,128,0,4096,4096,4096,1000,1.5150873939855956
concentrated,4096,0.5,15,f343dc8618448c0c9d0e37927b8e6f50dc169343e536bdaae4bfce436cb39630,random,0.0028548230641407086,0.00010257493704557419,128,4096,4096,4096,4096,1000,1.5343299660016783
concentrated,4096,0.5,15,f343dc8618448c0c9d0e37927b8e6f50dc169343e536bdaae4bfce436cb39630,gradient,0.0011432468181250257,0.5262804627418518,128,4096,4096,4096,4096,1000,1.537023896991741
concentrated,4096,0.5,15,f343dc8618448c0c9d0e37927b8e6f50dc169343e536bdaae4bfce436cb39630,snip,0.0018569754715629695,0.057729460299015045,128,4096,4096,4096,4096,1000,1.53384728502715
concentrated,4096,0.5,15,f343dc8618448c0c9d0e37927b8e6f50dc169343e536bdaae4bfce436cb39630,energy,0.0005391328093707394,0.9920641779899597,128,4096,4096,4096,4096,1000,1.5356765079777688
concentrated,4096,0.5,15,f343dc8618448c0c9d0e37927b8e6f50dc169343e536bdaae4bfce436cb39630,snip_independent,0.0018303433449810293,0.485931396484375,128,2048,2048,4096,4096,1000,1.5386524739442393
concentrated,4096,0.5,15,f343dc8618448c0c9d0e37927b8e6f50dc169343e536bdaae4bfce436cb39630,snip_same_half,0.0025115298789824686,0.08308141678571701,128,2048,2048,2048,4096,1000,1.5431446159491315
concentrated,4096,0.5,16,f343dc8618448c0c9d0e37927b8e6f50dc169343e536bdaae4bfce436cb39630,lora,0.005251139477835036,,1024,0,4096,4096,4096,1000,1.5168594480492175
concentrated,4096,0.5,16,f343dc8618448c0c9d0e37927b8e6f50dc169343e536bdaae4bfce436cb39630,compressed,0.002802130893929072,,128,0,4096,4096,4096,1000,1.5721657870453782
concentrated,4096,0.5,16,f343dc8618448c0c9d0e37927b8e6f50dc169343e536bdaae4bfce436cb39630,random,0.0028091396055776718,0.0010921164648607373,128,4096,4096,4096,4096,1000,1.5913753769127652
concentrated,4096,0.5,16,f343dc8618448c0c9d0e37927b8e6f50dc169343e536bdaae4bfce436cb39630,gradient,0.0010425446203475568,0.5286175608634949,128,4096,4096,4096,4096,1000,1.5892170199658722
concentrated,4096,0.5,16,f343dc8618448c0c9d0e37927b8e6f50dc169343e536bdaae4bfce436cb39630,snip,0.0020426207173228727,0.07695271074771881,128,4096,4096,4096,4096,1000,1.5892244879505597
concentrated,4096,0.5,16,f343dc8618448c0c9d0e37927b8e6f50dc169343e536bdaae4bfce436cb39630,energy,0.0005824627349547778,0.9920641779899597,128,4096,4096,4096,4096,1000,1.5891832129564136
concentrated,4096,0.5,16,f343dc8618448c0c9d0e37927b8e6f50dc169343e536bdaae4bfce436cb39630,snip_independent,0.00248763478710559,0.07696454972028732,128,2048,2048,4096,4096,1000,1.589578275976237
concentrated,4096,0.5,16,f343dc8618448c0c9d0e37927b8e6f50dc169343e536bdaae4bfce436cb39630,snip_same_half,0.002407932738922958,0.05767262727022171,128,2048,2048,2048,4096,1000,1.5892829889780842
concentrated,4096,0.5,17,f343dc8618448c0c9d0e37927b8e6f50dc169343e536bdaae4bfce436cb39630,lora,0.005565059058507439,,1024,0,4096,4096,4096,1000,1.47299026401015
concentrated,4096,0.5,17,f343dc8618448c0c9d0e37927b8e6f50dc169343e536bdaae4bfce436cb39630,compressed,0.0030993787478032758,,128,0,4096,4096,4096,1000,1.519962802005466
concentrated,4096,0.5,17,f343dc8618448c0c9d0e37927b8e6f50dc169343e536bdaae4bfce436cb39630,random,0.0029895055914264303,0.02496221847832203,128,4096,4096,4096,4096,1000,1.541422309994232
concentrated,4096,0.5,17,f343dc8618448c0c9d0e37927b8e6f50dc169343e536bdaae4bfce436cb39630,gradient,0.0013281217767675607,0.5305635333061218,128,4096,4096,4096,4096,1000,1.5400162920122966
concentrated,4096,0.5,17,f343dc8618448c0c9d0e37927b8e6f50dc169343e536bdaae4bfce436cb39630,snip,0.0013246324955603886,0.5271801948547363,128,4096,4096,4096,4096,1000,1.5404054030077532
concentrated,4096,0.5,17,f343dc8618448c0c9d0e37927b8e6f50dc169343e536bdaae4bfce436cb39630,energy,0.0006829600999343281,0.9920641779899597,128,4096,4096,4096,4096,1000,1.540216492023319
concentrated,4096,0.5,17,f343dc8618448c0c9d0e37927b8e6f50dc169343e536bdaae4bfce436cb39630,snip_independent,0.0019748788418277406,0.5101256370544434,128,2048,2048,4096,4096,1000,1.538477162946947
concentrated,4096,0.5,17,f343dc8618448c0c9d0e37927b8e6f50dc169343e536bdaae4bfce436cb39630,snip_same_half,0.002323236610270256,0.46933311223983765,128,2048,2048,2048,4096,1000,1.5386192729929462
concentrated,4096,0.5,18,f343dc8618448c0c9d0e37927b8e6f50dc169343e536bdaae4bfce436cb39630,lora,0.005041325717584569,,1024,0,4096,4096,4096,1000,1.5195124779711477
concentrated,4096,0.5,18,f343dc8618448c0c9d0e37927b8e6f50dc169343e536bdaae4bfce436cb39630,compressed,0.002873299407130259,,128,0,4096,4096,4096,1000,1.5726693529868498
concentrated,4096,0.5,18,f343dc8618448c0c9d0e37927b8e6f50dc169343e536bdaae4bfce436cb39630,random,0.002852346843073462,7.858117896830663e-05,128,4096,4096,4096,4096,1000,1.5922008180059493
concentrated,4096,0.5,18,f343dc8618448c0c9d0e37927b8e6f50dc169343e536bdaae4bfce436cb39630,gradient,0.0009602239292767165,0.5285966992378235,128,4096,4096,4096,4096,1000,1.591599892009981
concentrated,4096,0.5,18,f343dc8618448c0c9d0e37927b8e6f50dc169343e536bdaae4bfce436cb39630,snip,0.001574921853421934,0.4860168993473053,128,4096,4096,4096,4096,1000,1.5910491809481755
concentrated,4096,0.5,18,f343dc8618448c0c9d0e37927b8e6f50dc169343e536bdaae4bfce436cb39630,energy,0.0005293036948039163,0.9920641779899597,128,4096,4096,4096,4096,1000,1.5922483429894783
concentrated,4096,0.5,18,f343dc8618448c0c9d0e37927b8e6f50dc169343e536bdaae4bfce436cb39630,snip_independent,0.0019517896827057346,0.5102213025093079,128,2048,2048,4096,4096,1000,1.593522044015117
concentrated,4096,0.5,18,f343dc8618448c0c9d0e37927b8e6f50dc169343e536bdaae4bfce436cb39630,snip_same_half,0.002031890809990524,0.48760485649108887,128,2048,2048,2048,4096,1000,1.592381894995924
concentrated,4096,0.5,19,f343dc8618448c0c9d0e37927b8e6f50dc169343e536bdaae4bfce436cb39630,lora,0.005126920007080375,,1024,0,4096,4096,4096,1000,1.4724645430105738
concentrated,4096,0.5,19,f343dc8618448c0c9d0e37927b8e6f50dc169343e536bdaae4bfce436cb39630,compressed,0.0028903370183221582,,128,0,4096,4096,4096,1000,1.5220339489751495
concentrated,4096,0.5,19,f343dc8618448c0c9d0e37927b8e6f50dc169343e536bdaae4bfce436cb39630,random,0.002894870981761319,0.00011035757779609412,128,4096,4096,4096,4096,1000,1.5373188489465974
concentrated,4096,0.5,19,f343dc8618448c0c9d0e37927b8e6f50dc169343e536bdaae4bfce436cb39630,gradient,0.0011959523472098326,0.5332634449005127,128,4096,4096,4096,4096,1000,1.5372264079633169
concentrated,4096,0.5,19,f343dc8618448c0c9d0e37927b8e6f50dc169343e536bdaae4bfce436cb39630,snip,0.0012598294089966233,0.532828152179718,128,4096,4096,4096,4096,1000,1.5322952199494466
concentrated,4096,0.5,19,f343dc8618448c0c9d0e37927b8e6f50dc169343e536bdaae4bfce436cb39630,energy,0.0005920442199248692,0.9920641779899597,128,4096,4096,4096,4096,1000,1.5303068589419127
concentrated,4096,0.5,19,f343dc8618448c0c9d0e37927b8e6f50dc169343e536bdaae4bfce436cb39630,snip_independent,0.0025134588522851904,0.08301122486591339,128,2048,2048,4096,4096,1000,1.5294752930058166
concentrated,4096,0.5,19,f343dc8618448c0c9d0e37927b8e6f50dc169343e536bdaae4bfce436cb39630,snip_same_half,0.002309249680531633,0.4705215096473694,128,2048,2048,2048,4096,1000,1.5307620870298706
concentrated,4096,1.0,0,f343dc8618448c0c9d0e37927b8e6f50dc169343e536bdaae4bfce436cb39630,lora,0.02105921991925535,,1024,0,4096,4096,4096,1000,1.5186031999764964
concentrated,4096,1.0,0,f343dc8618448c0c9d0e37927b8e6f50dc169343e536bdaae4bfce436cb39630,compressed,0.0038976953053106865,,128,0,4096,4096,4096,1000,1.571586332982406
concentrated,4096,1.0,0,f343dc8618448c0c9d0e37927b8e6f50dc169343e536bdaae4bfce436cb39630,random,0.003596390187478246,6.865135947009549e-05,128,4096,4096,4096,4096,1000,1.5926515109604225
concentrated,4096,1.0,0,f343dc8618448c0c9d0e37927b8e6f50dc169343e536bdaae4bfce436cb39630,gradient,0.003323559082647721,0.4503900110721588,128,4096,4096,4096,4096,1000,1.5911629429319873
concentrated,4096,1.0,0,f343dc8618448c0c9d0e37927b8e6f50dc169343e536bdaae4bfce436cb39630,snip,0.002837571630011261,0.44955703616142273,128,4096,4096,4096,4096,1000,1.5907419080031104
concentrated,4096,1.0,0,f343dc8618448c0c9d0e37927b8e6f50dc169343e536bdaae4bfce436cb39630,energy,0.0014814438073369196,0.9920641779899597,128,4096,4096,4096,4096,1000,1.5917656759847887
concentrated,4096,1.0,0,f343dc8618448c0c9d0e37927b8e6f50dc169343e536bdaae4bfce436cb39630,snip_independent,0.005150124751939823,3.458197897998616e-05,128,2048,2048,4096,4096,1000,1.594240611011628
concentrated,4096,1.0,0,f343dc8618448c0c9d0e37927b8e6f50dc169343e536bdaae4bfce436cb39630,snip_same_half,0.005205506429128768,0.44963207840919495,128,2048,2048,2048,4096,1000,1.5924280660110526
concentrated,4096,1.0,1,f343dc8618448c0c9d0e37927b8e6f50dc169343e536bdaae4bfce436cb39630,lora,0.020242781754134652,,1024,0,4096,4096,4096,1000,1.461675123020541
concentrated,4096,1.0,1,f343dc8618448c0c9d0e37927b8e6f50dc169343e536bdaae4bfce436cb39630,compressed,0.00404210387095644,,128,0,4096,4096,4096,1000,1.5104962430195883
concentrated,4096,1.0,1,f343dc8618448c0c9d0e37927b8e6f50dc169343e536bdaae4bfce436cb39630,random,0.003705514127230829,5.459404565044679e-05,128,4096,4096,4096,4096,1000,1.5296224050107412
concentrated,4096,1.0,1,f343dc8618448c0c9d0e37927b8e6f50dc169343e536bdaae4bfce436cb39630,gradient,0.003957420997783999,0.0008516489760950208,128,4096,4096,4096,4096,1000,1.5284458239912055
concentrated,4096,1.0,1,f343dc8618448c0c9d0e37927b8e6f50dc169343e536bdaae4bfce436cb39630,snip,0.00375308940628893,7.5808843575941864e-06,128,4096,4096,4096,4096,1000,1.5282344199949875
concentrated,4096,1.0,1,f343dc8618448c0c9d0e37927b8e6f50dc169343e536bdaae4bfce436cb39630,energy,0.0014947530689469212,0.9920641779899597,128,4096,4096,4096,4096,1000,1.5271018709754571
concentrated,4096,1.0,1,f343dc8618448c0c9d0e37927b8e6f50dc169343e536bdaae4bfce436cb39630,snip_independent,0.004530380710411613,0.05764397978782654,128,2048,2048,4096,4096,1000,1.5283587590092793
concentrated,4096,1.0,1,f343dc8618448c0c9d0e37927b8e6f50dc169343e536bdaae4bfce436cb39630,snip_same_half,0.005127304713279759,1.719140709610656e-05,128,2048,2048,2048,4096,1000,1.528580983984284
concentrated,4096,1.0,2,f343dc8618448c0c9d0e37927b8e6f50dc169343e536bdaae4bfce436cb39630,lora,0.020880183132788513,,1024,0,4096,4096,4096,1000,1.520797043980565
concentrated,4096,1.0,2,f343dc8618448c0c9d0e37927b8e6f50dc169343e536bdaae4bfce436cb39630,compressed,0.004157017672790634,,128,0,4096,4096,4096,1000,1.5759512259974144
concentrated,4096,1.0,2,f343dc8618448c0c9d0e37927b8e6f50dc169343e536bdaae4bfce436cb39630,random,0.0036381857382568376,0.0005540299462154508,128,4096,4096,4096,4096,1000,1.5926773860119283
concentrated,4096,1.0,2,f343dc8618448c0c9d0e37927b8e6f50dc169343e536bdaae4bfce436cb39630,gradient,0.002830495243430973,0.5073713064193726,128,4096,4096,4096,4096,1000,1.5906147860223427
concentrated,4096,1.0,2,f343dc8618448c0c9d0e37927b8e6f50dc169343e536bdaae4bfce436cb39630,snip,0.00423282681684198,1.626392077014316e-05,128,4096,4096,4096,4096,1000,1.590282767021563
concentrated,4096,1.0,2,f343dc8618448c0c9d0e37927b8e6f50dc169343e536bdaae4bfce436cb39630,energy,0.0012791713898759817,0.9920641779899597,128,4096,4096,4096,4096,1000,1.591252957994584
concentrated,4096,1.0,2,f343dc8618448c0c9d0e37927b8e6f50dc169343e536bdaae4bfce436cb39630,snip_independent,0.005157295324491337,3.6546236515278e-05,128,2048,2048,4096,4096,1000,1.5921254970598966
concentrated,4096,1.0,2,f343dc8618448c0c9d0e37927b8e6f50dc169343e536bdaae4bfce436cb39630,snip_same_half,0.006007831354180362,3.3511289075249806e-05,128,2048,2048,2048,4096,1000,1.5925417159451172
concentrated,4096,1.0,3,f343dc8618448c0c9d0e37927b8e6f50dc169343e536bdaae4bfce436cb39630,lora,0.019704645311004458,,1024,0,4096,4096,4096,1000,1.4718226870172657
concentrated,4096,1.0,3,f343dc8618448c0c9d0e37927b8e6f50dc169343e536bdaae4bfce436cb39630,compressed,0.004137003140273321,,128,0,4096,4096,4096,1000,1.521417874027975
concentrated,4096,1.0,3,f343dc8618448c0c9d0e37927b8e6f50dc169343e536bdaae4bfce436cb39630,random,0.003805271754224293,6.188894622027874e-05,128,4096,4096,4096,4096,1000,1.5404579329770058
concentrated,4096,1.0,3,f343dc8618448c0c9d0e37927b8e6f50dc169343e536bdaae4bfce436cb39630,gradient,0.003645647616139793,0.4283568859100342,128,4096,4096,4096,4096,1000,1.5409014080069028
concentrated,4096,1.0,3,f343dc8618448c0c9d0e37927b8e6f50dc169343e536bdaae4bfce436cb39630,snip,0.004405621429448348,0.0009946018690243363,128,4096,4096,4096,4096,1000,1.5396689280169085
concentrated,4096,1.0,3,f343dc8618448c0c9d0e37927b8e6f50dc169343e536bdaae4bfce436cb39630,energy,0.001510912702773487,0.9920641779899597,128,4096,4096,4096,4096,1000,1.5408792300149798
concentrated,4096,1.0,3,f343dc8618448c0c9d0e37927b8e6f50dc169343e536bdaae4bfce436cb39630,snip_independent,0.005907035311104321,0.0024982739705592394,128,2048,2048,4096,4096,1000,1.540409951005131
concentrated,4096,1.0,3,f343dc8618448c0c9d0e37927b8e6f50dc169343e536bdaae4bfce436cb39630,snip_same_half,0.006649325119126595,0.0008199202129617333,128,2048,2048,2048,4096,1000,1.5401020149583928
concentrated,4096,1.0,4,f343dc8618448c0c9d0e37927b8e6f50dc169343e536bdaae4bfce436cb39630,lora,0.02015137271013174,,1024,0,4096,4096,4096,1000,1.5182821939815767
concentrated,4096,1.0,4,f343dc8618448c0c9d0e37927b8e6f50dc169343e536bdaae4bfce436cb39630,compressed,0.003978372186881569,,128,0,4096,4096,4096,1000,1.5647223310079426
concentrated,4096,1.0,4,f343dc8618448c0c9d0e37927b8e6f50dc169343e536bdaae4bfce436cb39630,random,0.00388463474910657,5.0430237024556845e-05,128,4096,4096,4096,4096,1000,1.5855792069924064
concentrated,4096,1.0,4,f343dc8618448c0c9d0e37927b8e6f50dc169343e536bdaae4bfce436cb39630,gradient,0.0035587059678405357,0.42838871479034424,128,4096,4096,4096,4096,1000,1.5856247679912485
concentrated,4096,1.0,4,f343dc8618448c0c9d0e37927b8e6f50dc169343e536bdaae4bfce436cb39630,snip,0.0037786224978022644,0.06871649622917175,128,4096,4096,4096,4096,1000,1.5861597519833595
concentrated,4096,1.0,4,f343dc8618448c0c9d0e37927b8e6f50dc169343e536bdaae4bfce436cb39630,energy,0.0012692363533253308,0.9920641779899597,128,4096,4096,4096,4096,1000,1.5863058609538712
concentrated,4096,1.0,4,f343dc8618448c0c9d0e37927b8e6f50dc169343e536bdaae4bfce436cb39630,snip_independent,0.004309172535950348,0.011064816266298294,128,2048,2048,4096,4096,1000,1.5858977410243824
concentrated,4096,1.0,4,f343dc8618448c0c9d0e37927b8e6f50dc169343e536bdaae4bfce436cb39630,snip_same_half,0.005111568315715244,0.48620688915252686,128,2048,2048,2048,4096,1000,1.5869885639403947
concentrated,4096,1.0,5,f343dc8618448c0c9d0e37927b8e6f50dc169343e536bdaae4bfce436cb39630,lora,0.019580227352441838,,1024,0,4096,4096,4096,1000,1.4741894379840232
concentrated,4096,1.0,5,f343dc8618448c0c9d0e37927b8e6f50dc169343e536bdaae4bfce436cb39630,compressed,0.0036881191288359715,,128,0,4096,4096,4096,1000,1.523306796036195
concentrated,4096,1.0,5,f343dc8618448c0c9d0e37927b8e6f50dc169343e536bdaae4bfce436cb39630,random,0.003547689675014981,7.635839574504644e-05,128,4096,4096,4096,4096,1000,1.5411634080228396
concentrated,4096,1.0,5,f343dc8618448c0c9d0e37927b8e6f50dc169343e536bdaae4bfce436cb39630,gradient,0.0031374048774750166,0.42916062474250793,128,4096,4096,4096,4096,1000,1.5397029970190488
concentrated,4096,1.0,5,f343dc8618448c0c9d0e37927b8e6f50dc169343e536bdaae4bfce436cb39630,snip,0.0038563683646063132,1.0671898962755222e-05,128,4096,4096,4096,4096,1000,1.5402572330785915
concentrated,4096,1.0,5,f343dc8618448c0c9d0e37927b8e6f50dc169343e536bdaae4bfce436cb39630,energy,0.0011918455827563796,0.9920641779899597,128,4096,4096,4096,4096,1000,1.5402669650502503
concentrated,4096,1.0,5,f343dc8618448c0c9d0e37927b8e6f50dc169343e536bdaae4bfce436cb39630,snip_independent,0.005202593664008024,1.829098073358182e-05,128,2048,2048,4096,4096,1000,1.5406799599295482
concentrated,4096,1.0,5,f343dc8618448c0c9d0e37927b8e6f50dc169343e536bdaae4bfce436cb39630,snip_same_half,0.005872279153325544,0.0019334072712808847,128,2048,2048,2048,4096,1000,1.5404639449552633
concentrated,4096,1.0,6,f343dc8618448c0c9d0e37927b8e6f50dc169343e536bdaae4bfce436cb39630,lora,0.02098988126393295,,1024,0,4096,4096,4096,1000,1.5195907630259171
concentrated,4096,1.0,6,f343dc8618448c0c9d0e37927b8e6f50dc169343e536bdaae4bfce436cb39630,compressed,0.0035753960799675,,128,0,4096,4096,4096,1000,1.5748895080178045
concentrated,4096,1.0,6,f343dc8618448c0c9d0e37927b8e6f50dc169343e536bdaae4bfce436cb39630,random,0.003460962723456619,3.308058512629941e-05,128,4096,4096,4096,4096,1000,1.5915429189917631
concentrated,4096,1.0,6,f343dc8618448c0c9d0e37927b8e6f50dc169343e536bdaae4bfce436cb39630,gradient,0.003300106420517894,0.429151713848114,128,4096,4096,4096,4096,1000,1.5903491479693912
concentrated,4096,1.0,6,f343dc8618448c0c9d0e37927b8e6f50dc169343e536bdaae4bfce436cb39630,snip,0.0032633328305289814,0.05952874943614006,128,4096,4096,4096,4096,1000,1.589877090009395
concentrated,4096,1.0,6,f343dc8618448c0c9d0e37927b8e6f50dc169343e536bdaae4bfce436cb39630,energy,0.0011299335794249512,0.9920641779899597,128,4096,4096,4096,4096,1000,1.5921968820039183
concentrated,4096,1.0,6,f343dc8618448c0c9d0e37927b8e6f50dc169343e536bdaae4bfce436cb39630,snip_independent,0.004613468652060318,0.06016014143824577,128,2048,2048,4096,4096,1000,1.5908168940222822
concentrated,4096,1.0,6,f343dc8618448c0c9d0e37927b8e6f50dc169343e536bdaae4bfce436cb39630,snip_same_half,0.006108736130842937,9.12613031687215e-05,128,2048,2048,2048,4096,1000,1.591179313021712
concentrated,4096,1.0,7,f343dc8618448c0c9d0e37927b8e6f50dc169343e536bdaae4bfce436cb39630,lora,0.02034466465435448,,1024,0,4096,4096,4096,1000,1.4732397429761477
concentrated,4096,1.0,7,f343dc8618448c0c9d0e37927b8e6f50dc169343e536bdaae4bfce436cb39630,compressed,0.003997879406392675,,128,0,4096,4096,4096,1000,1.5213254760019481
concentrated,4096,1.0,7,f343dc8618448c0c9d0e37927b8e6f50dc169343e536bdaae4bfce436cb39630,random,0.0036086235838742892,5.749698539148085e-05,128,4096,4096,4096,4096,1000,1.5417002660105936
concentrated,4096,1.0,7,f343dc8618448c0c9d0e37927b8e6f50dc169343e536bdaae4bfce436cb39630,gradient,0.004135364713770326,0.057635869830846786,128,4096,4096,4096,4096,1000,1.5414155860780738
concentrated,4096,1.0,7,f343dc8618448c0c9d0e37927b8e6f50dc169343e536bdaae4bfce436cb39630,snip,0.0036459643097279167,0.0609489306807518,128,4096,4096,4096,4096,1000,1.5424947190331295
concentrated,4096,1.0,7,f343dc8618448c0c9d0e37927b8e6f50dc169343e536bdaae4bfce436cb39630,energy,0.0015501254877830389,0.9920641779899597,128,4096,4096,4096,4096,1000,1.5427316470304504
concentrated,4096,1.0,7,f343dc8618448c0c9d0e37927b8e6f50dc169343e536bdaae4bfce436cb39630,snip_independent,0.0044782306760778046,0.0600760281085968,128,2048,2048,4096,4096,1000,1.541282592981588
concentrated,4096,1.0,7,f343dc8618448c0c9d0e37927b8e6f50dc169343e536bdaae4bfce436cb39630,snip_same_half,0.006195541160631488,0.0033077995758503675,128,2048,2048,2048,4096,1000,1.5332195329247043
concentrated,4096,1.0,8,f343dc8618448c0c9d0e37927b8e6f50dc169343e536bdaae4bfce436cb39630,lora,0.020489674457656204,,1024,0,4096,4096,4096,1000,1.5189892329508439
concentrated,4096,1.0,8,f343dc8618448c0c9d0e37927b8e6f50dc169343e536bdaae4bfce436cb39630,compressed,0.003761038003829812,,128,0,4096,4096,4096,1000,1.5723608660046011
concentrated,4096,1.0,8,f343dc8618448c0c9d0e37927b8e6f50dc169343e536bdaae4bfce436cb39630,random,0.0032063663575843306,0.018489105626940727,128,4096,4096,4096,4096,1000,1.5927287189406343
concentrated,4096,1.0,8,f343dc8618448c0c9d0e37927b8e6f50dc169343e536bdaae4bfce436cb39630,gradient,0.0023754959108528402,0.5073696374893188,128,4096,4096,4096,4096,1000,1.5907363959704526
concentrated,4096,1.0,8,f343dc8618448c0c9d0e37927b8e6f50dc169343e536bdaae4bfce436cb39630,snip,0.002926385960369175,0.4498528242111206,128,4096,4096,4096,4096,1000,1.5916806899476796
concentrated,4096,1.0,8,f343dc8618448c0c9d0e37927b8e6f50dc169343e536bdaae4bfce436cb39630,energy,0.0009811422831310064,0.9920641779899597,128,4096,4096,4096,4096,1000,1.5932724180165678
concentrated,4096,1.0,8,f343dc8618448c0c9d0e37927b8e6f50dc169343e536bdaae4bfce436cb39630,snip_independent,0.003897987386605621,0.45028066635131836,128,2048,2048,4096,4096,1000,1.5888648980180733
concentrated,4096,1.0,8,f343dc8618448c0c9d0e37927b8e6f50dc169343e536bdaae4bfce436cb39630,snip_same_half,0.006058026243556782,0.006431421730667353,128,2048,2048,2048,4096,1000,1.5893033819738775
concentrated,4096,1.0,9,f343dc8618448c0c9d0e37927b8e6f50dc169343e536bdaae4bfce436cb39630,lora,0.021270527102196218,,1024,0,4096,4096,4096,1000,1.462799308996182
concentrated,4096,1.0,9,f343dc8618448c0c9d0e37927b8e6f50dc169343e536bdaae4bfce436cb39630,compressed,0.0037230813375743006,,128,0,4096,4096,4096,1000,1.5119761250098236
concentrated,4096,1.0,9,f343dc8618448c0c9d0e37927b8e6f50dc169343e536bdaae4bfce436cb39630,random,0.0034044511914903927,0.003082582727074623,128,4096,4096,4096,4096,1000,1.5306555059505627
concentrated,4096,1.0,9,f343dc8618448c0c9d0e37927b8e6f50dc169343e536bdaae4bfce436cb39630,gradient,0.0034477700937188853,0.43157222867012024,128,4096,4096,4096,4096,1000,1.5306048030033708
concentrated,4096,1.0,9,f343dc8618448c0c9d0e37927b8e6f50dc169343e536bdaae4bfce436cb39630,snip,0.003964984152449118,2.549347118474543e-05,128,4096,4096,4096,4096,1000,1.5313013559789397
concentrated,4096,1.0,9,f343dc8618448c0c9d0e37927b8e6f50dc169343e536bdaae4bfce436cb39630,energy,0.0013259669713789409,0.9920641779899597,128,4096,4096,4096,4096,1000,1.5308251349488273
concentrated,4096,1.0,9,f343dc8618448c0c9d0e37927b8e6f50dc169343e536bdaae4bfce436cb39630,snip_independent,0.004090540422674047,0.42835575342178345,128,2048,2048,4096,4096,1000,1.5290282050264068
concentrated,4096,1.0,9,f343dc8618448c0c9d0e37927b8e6f50dc169343e536bdaae4bfce436cb39630,snip_same_half,0.004740175923738714,0.05762040615081787,128,2048,2048,2048,4096,1000,1.528753933031112
concentrated,4096,1.0,10,f343dc8618448c0c9d0e37927b8e6f50dc169343e536bdaae4bfce436cb39630,lora,0.02015583313797775,,1024,0,4096,4096,4096,1000,1.5146249800454825
concentrated,4096,1.0,10,f343dc8618448c0c9d0e37927b8e6f50dc169343e536bdaae4bfce436cb39630,compressed,0.003938854545534581,,128,0,4096,4096,4096,1000,1.567874023981858
concentrated,4096,1.0,10,f343dc8618448c0c9d0e37927b8e6f50dc169343e536bdaae4bfce436cb39630,random,0.0037510685768050722,0.0016264530131593347,128,4096,4096,4096,4096,1000,1.587766211014241
concentrated,4096,1.0,10,f343dc8618448c0c9d0e37927b8e6f50dc169343e536bdaae4bfce436cb39630,gradient,0.002731433101015047,0.5058509707450867,128,4096,4096,4096,4096,1000,1.5873000340070575
concentrated,4096,1.0,10,f343dc8618448c0c9d0e37927b8e6f50dc169343e536bdaae4bfce436cb39630,snip,0.0036837494677461682,7.959712820593268e-05,128,4096,4096,4096,4096,1000,1.5866970630013384
concentrated,4096,1.0,10,f343dc8618448c0c9d0e37927b8e6f50dc169343e536bdaae4bfce436cb39630,energy,0.0012597308020674874,0.9920641779899597,128,4096,4096,4096,4096,1000,1.5899773869896308
concentrated,4096,1.0,10,f343dc8618448c0c9d0e37927b8e6f50dc169343e536bdaae4bfce436cb39630,snip_independent,0.004443355018257639,0.05770134553313255,128,2048,2048,4096,4096,1000,1.5876033349777572
concentrated,4096,1.0,10,f343dc8618448c0c9d0e37927b8e6f50dc169343e536bdaae4bfce436cb39630,snip_same_half,0.005439265600713259,0.0073215835727751255,128,2048,2048,2048,4096,1000,1.5885314979823306
concentrated,4096,1.0,11,f343dc8618448c0c9d0e37927b8e6f50dc169343e536bdaae4bfce436cb39630,lora,0.018134444221903842,,1024,0,4096,4096,4096,1000,1.4616507170139812
concentrated,4096,1.0,11,f343dc8618448c0c9d0e37927b8e6f50dc169343e536bdaae4bfce436cb39630,compressed,0.0039964775466258436,,128,0,4096,4096,4096,1000,1.517171660962049
concentrated,4096,1.0,11,f343dc8618448c0c9d0e37927b8e6f50dc169343e536bdaae4bfce436cb39630,random,0.003816331885707094,7.151933095883578e-05,128,4096,4096,4096,4096,1000,1.5363639269489795
concentrated,4096,1.0,11,f343dc8618448c0c9d0e37927b8e6f50dc169343e536bdaae4bfce436cb39630,gradient,0.003824917962288199,0.4291527271270752,128,4096,4096,4096,4096,1000,1.537478806974832
concentrated,4096,1.0,11,f343dc8618448c0c9d0e37927b8e6f50dc169343e536bdaae4bfce436cb39630,snip,0.004357262349098983,0.0015719797229394317,128,4096,4096,4096,4096,1000,1.5367149449884892
concentrated,4096,1.0,11,f343dc8618448c0c9d0e37927b8e6f50dc169343e536bdaae4bfce436cb39630,energy,0.0015604972700326114,0.9920641779899597,128,4096,4096,4096,4096,1000,1.5362759529962204
concentrated,4096,1.0,11,f343dc8618448c0c9d0e37927b8e6f50dc169343e536bdaae4bfce436cb39630,snip_independent,0.005263064602240733,0.0008253984269686043,128,2048,2048,4096,4096,1000,1.5376471440540627
concentrated,4096,1.0,11,f343dc8618448c0c9d0e37927b8e6f50dc169343e536bdaae4bfce436cb39630,snip_same_half,0.006199229577305135,0.0015670915599912405,128,2048,2048,2048,4096,1000,1.5362947219982743
concentrated,4096,1.0,12,f343dc8618448c0c9d0e37927b8e6f50dc169343e536bdaae4bfce436cb39630,lora,0.019480908200715935,,1024,0,4096,4096,4096,1000,1.5159229720011353
concentrated,4096,1.0,12,f343dc8618448c0c9d0e37927b8e6f50dc169343e536bdaae4bfce436cb39630,compressed,0.004008897863926765,,128,0,4096,4096,4096,1000,1.5707508450141177
concentrated,4096,1.0,12,f343dc8618448c0c9d0e37927b8e6f50dc169343e536bdaae4bfce436cb39630,random,0.003616704669325823,2.965460589621216e-05,128,4096,4096,4096,4096,1000,1.5891976960119791
concentrated,4096,1.0,12,f343dc8618448c0c9d0e37927b8e6f50dc169343e536bdaae4bfce436cb39630,gradient,0.004098763731088701,0.019911309704184532,128,4096,4096,4096,4096,1000,1.5901352260261774
concentrated,4096,1.0,12,f343dc8618448c0c9d0e37927b8e6f50dc169343e536bdaae4bfce436cb39630,snip,0.0037161933156445175,0.05766963213682175,128,4096,4096,4096,4096,1000,1.5880079730413854
concentrated,4096,1.0,12,f343dc8618448c0c9d0e37927b8e6f50dc169343e536bdaae4bfce436cb39630,energy,0.0015063153474700118,0.9920641779899597,128,4096,4096,4096,4096,1000,1.589505160052795
concentrated,4096,1.0,12,f343dc8618448c0c9d0e37927b8e6f50dc169343e536bdaae4bfce436cb39630,snip_independent,0.005176763121702567,2.3287562726181932e-05,128,2048,2048,4096,4096,1000,1.5875547600444406
concentrated,4096,1.0,12,f343dc8618448c0c9d0e37927b8e6f50dc169343e536bdaae4bfce436cb39630,snip_same_half,0.005845017498059448,0.020028235390782356,128,2048,2048,2048,4096,1000,1.5882669730344787
concentrated,4096,1.0,13,f343dc8618448c0c9d0e37927b8e6f50dc169343e536bdaae4bfce436cb39630,lora,0.01960320092063446,,1024,0,4096,4096,4096,1000,1.4734017759910785
concentrated,4096,1.0,13,f343dc8618448c0c9d0e37927b8e6f50dc169343e536bdaae4bfce436cb39630,compressed,0.00362406332922069,,128,0,4096,4096,4096,1000,1.5227068539825268
concentrated,4096,1.0,13,f343dc8618448c0c9d0e37927b8e6f50dc169343e536bdaae4bfce436cb39630,random,0.0032513621321801807,0.001959688263013959,128,4096,4096,4096,4096,1000,1.5421505109989084
concentrated,4096,1.0,13,f343dc8618448c0c9d0e37927b8e6f50dc169343e536bdaae4bfce436cb39630,gradient,0.0024526025720013043,0.5073726773262024,128,4096,4096,4096,4096,1000,1.5426743619609624
concentrated,4096,1.0,13,f343dc8618448c0c9d0e37927b8e6f50dc169343e536bdaae4bfce436cb39630,snip,0.003553964863771383,0.00019068011897616088,128,4096,4096,4096,4096,1000,1.540170471998863
concentrated,4096,1.0,13,f343dc8618448c0c9d0e37927b8e6f50dc169343e536bdaae4bfce436cb39630,energy,0.0010908944192971727,0.9920641779899597,128,4096,4096,4096,4096,1000,1.5419442169368267
concentrated,4096,1.0,13,f343dc8618448c0c9d0e37927b8e6f50dc169343e536bdaae4bfce436cb39630,snip_independent,0.003957516142505599,0.0003442446468397975,128,2048,2048,4096,4096,1000,1.5383233840111643
concentrated,4096,1.0,13,f343dc8618448c0c9d0e37927b8e6f50dc169343e536bdaae4bfce436cb39630,snip_same_half,0.004208313815766708,0.05768977478146553,128,2048,2048,2048,4096,1000,1.541319435054902
concentrated,4096,1.0,14,f343dc8618448c0c9d0e37927b8e6f50dc169343e536bdaae4bfce436cb39630,lora,0.021248186688575893,,1024,0,4096,4096,4096,1000,1.5146488460013643
concentrated,4096,1.0,14,f343dc8618448c0c9d0e37927b8e6f50dc169343e536bdaae4bfce436cb39630,compressed,0.0038540926563729763,,128,0,4096,4096,4096,1000,1.570143093005754
concentrated,4096,1.0,14,f343dc8618448c0c9d0e37927b8e6f50dc169343e536bdaae4bfce436cb39630,random,0.003388689230798525,2.545707320678048e-05,128,4096,4096,4096,4096,1000,1.5874029090045951
concentrated,4096,1.0,14,f343dc8618448c0c9d0e37927b8e6f50dc169343e536bdaae4bfce436cb39630,gradient,0.004037371242457614,7.235822704387829e-05,128,4096,4096,4096,4096,1000,1.587418659008108
concentrated,4096,1.0,14,f343dc8618448c0c9d0e37927b8e6f50dc169343e536bdaae4bfce436cb39630,snip,0.0037005190485543595,0.00018917833222076297,128,4096,4096,4096,4096,1000,1.5860864180140197
concentrated,4096,1.0,14,f343dc8618448c0c9d0e37927b8e6f50dc169343e536bdaae4bfce436cb39630,energy,0.00123058605280905,0.9920641779899597,128,4096,4096,4096,4096,1000,1.5853819329640828
concentrated,4096,1.0,14,f343dc8618448c0c9d0e37927b8e6f50dc169343e536bdaae4bfce436cb39630,snip_independent,0.0034355002117720324,0.44792041182518005,128,2048,2048,4096,4096,1000,1.5878554710070603
concentrated,4096,1.0,14,f343dc8618448c0c9d0e37927b8e6f50dc169343e536bdaae4bfce436cb39630,snip_same_half,0.005407616264016396,4.8731562856119126e-05,128,2048,2048,2048,4096,1000,1.5888559040613472
concentrated,4096,1.0,15,f343dc8618448c0c9d0e37927b8e6f50dc169343e536bdaae4bfce436cb39630,lora,0.01900003035571151,,1024,0,4096,4096,4096,1000,1.472363128035795
concentrated,4096,1.0,15,f343dc8618448c0c9d0e37927b8e6f50dc169343e536bdaae4bfce436cb39630,compressed,0.003766495523569014,,128,0,4096,4096,4096,1000,1.5218624219996855
concentrated,4096,1.0,15,f343dc8618448c0c9d0e37927b8e6f50dc169343e536bdaae4bfce436cb39630,random,0.0033684854115511864,0.00010257493704557419,128,4096,4096,4096,4096,1000,1.5409807549440302
concentrated,4096,1.0,15,f343dc8618448c0c9d0e37927b8e6f50dc169343e536bdaae4bfce436cb39630,gradient,0.0027143918125528323,0.5050420165061951,128,4096,4096,4096,4096,1000,1.5398579069878906
concentrated,4096,1.0,15,f343dc8618448c0c9d0e37927b8e6f50dc169343e536bdaae4bfce436cb39630,snip,0.0036558749899572073,1.7103626305470243e-05,128,4096,4096,4096,4096,1000,1.5394713119603693
concentrated,4096,1.0,15,f343dc8618448c0c9d0e37927b8e6f50dc169343e536bdaae4bfce436cb39630,energy,0.0011193299771601755,0.9920641779899597,128,4096,4096,4096,4096,1000,1.5409918379154988
concentrated,4096,1.0,15,f343dc8618448c0c9d0e37927b8e6f50dc169343e536bdaae4bfce436cb39630,snip_independent,0.00479151974233549,1.805968895496335e-05,128,2048,2048,4096,4096,1000,1.5391071339836344
concentrated,4096,1.0,15,f343dc8618448c0c9d0e37927b8e6f50dc169343e536bdaae4bfce436cb39630,snip_same_half,0.005430533785622802,0.057735998183488846,128,2048,2048,2048,4096,1000,1.5381073199678212
concentrated,4096,1.0,16,f343dc8618448c0c9d0e37927b8e6f50dc169343e536bdaae4bfce436cb39630,lora,0.020288799558529864,,1024,0,4096,4096,4096,1000,1.5147088119992986
concentrated,4096,1.0,16,f343dc8618448c0c9d0e37927b8e6f50dc169343e536bdaae4bfce436cb39630,compressed,0.0035528291509133573,,128,0,4096,4096,4096,1000,1.568968917010352
concentrated,4096,1.0,16,f343dc8618448c0c9d0e37927b8e6f50dc169343e536bdaae4bfce436cb39630,random,0.003301988476265276,0.0010921164648607373,128,4096,4096,4096,4096,1000,1.5893981609260663
concentrated,4096,1.0,16,f343dc8618448c0c9d0e37927b8e6f50dc169343e536bdaae4bfce436cb39630,gradient,0.0031815614812065133,0.05844468995928764,128,4096,4096,4096,4096,1000,1.5901169469580054
concentrated,4096,1.0,16,f343dc8618448c0c9d0e37927b8e6f50dc169343e536bdaae4bfce436cb39630,snip,0.002845686386094227,0.0768703818321228,128,4096,4096,4096,4096,1000,1.5876624299562536
concentrated,4096,1.0,16,f343dc8618448c0c9d0e37927b8e6f50dc169343e536bdaae4bfce436cb39630,energy,0.0012695149500889578,0.9920641779899597,128,4096,4096,4096,4096,1000,1.5863106979522854
concentrated,4096,1.0,16,f343dc8618448c0c9d0e37927b8e6f50dc169343e536bdaae4bfce436cb39630,snip_independent,0.004990359082462941,0.019230127334594727,128,2048,2048,4096,4096,1000,1.58515684196027
concentrated,4096,1.0,16,f343dc8618448c0c9d0e37927b8e6f50dc169343e536bdaae4bfce436cb39630,snip_same_half,0.0048198569300177355,3.056296918657608e-05,128,2048,2048,2048,4096,1000,1.5859041800140403
concentrated,4096,1.0,17,f343dc8618448c0c9d0e37927b8e6f50dc169343e536bdaae4bfce436cb39630,lora,0.020375187611090702,,1024,0,4096,4096,4096,1000,1.4722328229690902
concentrated,4096,1.0,17,f343dc8618448c0c9d0e37927b8e6f50dc169343e536bdaae4bfce436cb39630,compressed,0.0044850883750363595,,128,0,4096,4096,4096,1000,1.5214914649841376
concentrated,4096,1.0,17,f343dc8618448c0c9d0e37927b8e6f50dc169343e536bdaae4bfce436cb39630,random,0.003955116792618361,0.02496221847832203,128,4096,4096,4096,4096,1000,1.5404273609747179
concentrated,4096,1.0,17,f343dc8618448c0c9d0e37927b8e6f50dc169343e536bdaae4bfce436cb39630,gradient,0.004552179032026143,0.0008930483018048108,128,4096,4096,4096,4096,1000,1.539145088987425
concentrated,4096,1.0,17,f343dc8618448c0c9d0e37927b8e6f50dc169343e536bdaae4bfce436cb39630,snip,0.0030504677540194513,0.45053690671920776,128,4096,4096,4096,4096,1000,1.5395738919614814
concentrated,4096,1.0,17,f343dc8618448c0c9d0e37927b8e6f50dc169343e536bdaae4bfce436cb39630,energy,0.0014727508640549611,0.9920641779899597,128,4096,4096,4096,4096,1000,1.5391873070038855
concentrated,4096,1.0,17,f343dc8618448c0c9d0e37927b8e6f50dc169343e536bdaae4bfce436cb39630,snip_independent,0.003878720076993209,0.5078963041305542,128,2048,2048,4096,4096,1000,1.5403194789541885
concentrated,4096,1.0,17,f343dc8618448c0c9d0e37927b8e6f50dc169343e536bdaae4bfce436cb39630,snip_same_half,0.005055746936488373,0.46952468156814575,128,2048,2048,2048,4096,1000,1.539473945973441
concentrated,4096,1.0,18,f343dc8618448c0c9d0e37927b8e6f50dc169343e536bdaae4bfce436cb39630,lora,0.01981661063115432,,1024,0,4096,4096,4096,1000,1.5147649919963442
concentrated,4096,1.0,18,f343dc8618448c0c9d0e37927b8e6f50dc169343e536bdaae4bfce436cb39630,compressed,0.0036757558210869777,,128,0,4096,4096,4096,1000,1.5701865419978276
concentrated,4096,1.0,18,f343dc8618448c0c9d0e37927b8e6f50dc169343e536bdaae4bfce436cb39630,random,0.0033233117295955066,7.858117169234902e-05,128,4096,4096,4096,4096,1000,1.5876468020142056
concentrated,4096,1.0,18,f343dc8618448c0c9d0e37927b8e6f50dc169343e536bdaae4bfce436cb39630,gradient,0.0026798265846162345,0.486746609210968,128,4096,4096,4096,4096,1000,1.5866150890360586
concentrated,4096,1.0,18,f343dc8618448c0c9d0e37927b8e6f50dc169343e536bdaae4bfce436cb39630,snip,0.0032611719853691203,0.060920149087905884,128,4096,4096,4096,4096,1000,1.5860743040102534
concentrated,4096,1.0,18,f343dc8618448c0c9d0e37927b8e6f50dc169343e536bdaae4bfce436cb39630,energy,0.0010764874804006872,0.9920641779899597,128,4096,4096,4096,4096,1000,1.5866633890545927
concentrated,4096,1.0,18,f343dc8618448c0c9d0e37927b8e6f50dc169343e536bdaae4bfce436cb39630,snip_independent,0.004319073941546282,0.08181748539209366,128,2048,2048,4096,4096,1000,1.5874030680861324
concentrated,4096,1.0,18,f343dc8618448c0c9d0e37927b8e6f50dc169343e536bdaae4bfce436cb39630,snip_same_half,0.005250285650431846,0.0016792647074908018,128,2048,2048,2048,4096,1000,1.586638189968653
concentrated,4096,1.0,19,f343dc8618448c0c9d0e37927b8e6f50dc169343e536bdaae4bfce436cb39630,lora,0.020864719654988116,,1024,0,4096,4096,4096,1000,1.4716499809874222
concentrated,4096,1.0,19,f343dc8618448c0c9d0e37927b8e6f50dc169343e536bdaae4bfce436cb39630,compressed,0.0037280687872363215,,128,0,4096,4096,4096,1000,1.520864914986305
concentrated,4096,1.0,19,f343dc8618448c0c9d0e37927b8e6f50dc169343e536bdaae4bfce436cb39630,random,0.003425808917818499,0.00011035757779609412,128,4096,4096,4096,4096,1000,1.5392341769766062
concentrated,4096,1.0,19,f343dc8618448c0c9d0e37927b8e6f50dc169343e536bdaae4bfce436cb39630,gradient,0.003091086775954089,0.48676517605781555,128,4096,4096,4096,4096,1000,1.5341233040671796
concentrated,4096,1.0,19,f343dc8618448c0c9d0e37927b8e6f50dc169343e536bdaae4bfce436cb39630,snip,0.002589753057254256,0.5269734859466553,128,4096,4096,4096,4096,1000,1.5315895510138944
concentrated,4096,1.0,19,f343dc8618448c0c9d0e37927b8e6f50dc169343e536bdaae4bfce436cb39630,energy,0.0012891206106312903,0.9920641779899597,128,4096,4096,4096,4096,1000,1.5311520670657046
concentrated,4096,1.0,19,f343dc8618448c0c9d0e37927b8e6f50dc169343e536bdaae4bfce436cb39630,snip_independent,0.005023622495148939,0.057616639882326126,128,2048,2048,4096,4096,1000,1.530958992021624
concentrated,4096,1.0,19,f343dc8618448c0c9d0e37927b8e6f50dc169343e536bdaae4bfce436cb39630,snip_same_half,0.0052563477768459085,0.45149359107017517,128,2048,2048,2048,4096,1000,1.5305396899930201
diffuse,64,0.25,0,82a8db1d1a8818d5c70195f5dd662c8928cafd785f34afc6223fdd840b5afa83,lora,0.09269689296467012,,1024,0,64,64,64,1000,1.512021832051687
diffuse,64,0.25,0,82a8db1d1a8818d5c70195f5dd662c8928cafd785f34afc6223fdd840b5afa83,compressed,0.010580093233895062,,128,0,64,64,64,1000,1.5674169239937328
diffuse,64,0.25,0,82a8db1d1a8818d5c70195f5dd662c8928cafd785f34afc6223fdd840b5afa83,random,0.00963682376753157,0.008456990122795105,128,64,64,64,64,1000,1.583895951975137
diffuse,64,0.25,0,82a8db1d1a8818d5c70195f5dd662c8928cafd785f34afc6223fdd840b5afa83,gradient,0.016211464937249905,0.008472802117466927,128,64,64,64,64,1000,1.5835397510090843
diffuse,64,0.25,0,82a8db1d1a8818d5c70195f5dd662c8928cafd785f34afc6223fdd840b5afa83,snip,0.01623306095241552,0.009518182836472988,128,64,64,64,64,1000,1.5824109489913099
diffuse,64,0.25,0,82a8db1d1a8818d5c70195f5dd662c8928cafd785f34afc6223fdd840b5afa83,energy,0.00955250449298117,0.06854168325662613,128,64,64,64,64,1000,1.582415759039577
diffuse,64,0.25,0,82a8db1d1a8818d5c70195f5dd662c8928cafd785f34afc6223fdd840b5afa83,snip_independent,0.015097607355127357,0.009992950595915318,128,32,32,64,64,1000,1.5832962170243263
diffuse,64,0.25,0,82a8db1d1a8818d5c70195f5dd662c8928cafd785f34afc6223fdd840b5afa83,snip_same_half,0.019975452706487817,0.005628893151879311,128,32,32,32,64,1000,1.5839128569932655
diffuse,64,0.25,1,82a8db1d1a8818d5c70195f5dd662c8928cafd785f34afc6223fdd840b5afa83,lora,0.084757310811166,,1024,0,64,64,64,1000,1.460892322997097
diffuse,64,0.25,1,82a8db1d1a8818d5c70195f5dd662c8928cafd785f34afc6223fdd840b5afa83,compressed,0.011710889478361478,,128,0,64,64,64,1000,1.5089562989887781
diffuse,64,0.25,1,82a8db1d1a8818d5c70195f5dd662c8928cafd785f34afc6223fdd840b5afa83,random,0.00993898326389221,0.00818221177905798,128,64,64,64,64,1000,1.5259696680004708
diffuse,64,0.25,1,82a8db1d1a8818d5c70195f5dd662c8928cafd785f34afc6223fdd840b5afa83,gradient,0.01893463451508546,0.008085227571427822,128,64,64,64,64,1000,1.5326795909786597
diffuse,64,0.25,1,82a8db1d1a8818d5c70195f5dd662c8928cafd785f34afc6223fdd840b5afa83,snip,0.01641832246321246,0.00786988902837038,128,64,64,64,64,1000,1.5327425290015526
diffuse,64,0.25,1,82a8db1d1a8818d5c70195f5dd662c8928cafd785f34afc6223fdd840b5afa83,energy,0.011041871707010386,0.06854168325662613,128,64,64,64,64,1000,1.53023601899622
diffuse,64,0.25,1,82a8db1d1a8818d5c70195f5dd662c8928cafd785f34afc6223fdd840b5afa83,snip_independent,0.020037323425219272,0.006736157462000847,128,32,32,64,64,1000,1.530273285054136
diffuse,64,0.25,1,82a8db1d1a8818d5c70195f5dd662c8928cafd785f34afc6223fdd840b5afa83,snip_same_half,0.0235905724281662,0.007542842999100685,128,32,32,32,64,1000,1.529543473967351
diffuse,64,0.25,2,82a8db1d1a8818d5c70195f5dd662c8928cafd785f34afc6223fdd840b5afa83,lora,0.09017649322713857,,1024,0,64,64,64,1000,1.513520170992706
diffuse,64,0.25,2,82a8db1d1a8818d5c70195f5dd662c8928cafd785f34afc6223fdd840b5afa83,compressed,0.010265528510812968,,128,0,64,64,64,1000,1.5743700949824415
diffuse,64,0.25,2,82a8db1d1a8818d5c70195f5dd662c8928cafd785f34afc6223fdd840b5afa83,random,0.009930851117742726,0.011130019091069698,128,64,64,64,64,1000,1.5857069820049219
diffuse,64,0.25,2,82a8db1d1a8818d5c70195f5dd662c8928cafd785f34afc6223fdd840b5afa83,gradient,0.017354893502503285,0.009045175276696682,128,64,64,64,64,1000,1.5842370399623178
diffuse,64,0.25,2,82a8db1d1a8818d5c70195f5dd662c8928cafd785f34afc6223fdd840b5afa83,snip,0.01610386365435685,0.007328328210860491,128,64,64,64,64,1000,1.583741154987365
diffuse,64,0.25,2,82a8db1d1a8818d5c70195f5dd662c8928cafd785f34afc6223fdd840b5afa83,energy,0.009891144031628102,0.06854168325662613,128,64,64,64,64,1000,1.5841206509503536
diffuse,64,0.25,2,82a8db1d1a8818d5c70195f5dd662c8928cafd785f34afc6223fdd840b5afa83,snip_independent,0.01871251102444238,0.006373261101543903,128,32,32,64,64,1000,1.585000154969748
diffuse,64,0.25,2,82a8db1d1a8818d5c70195f5dd662c8928cafd785f34afc6223fdd840b5afa83,snip_same_half,0.020659821401539685,0.007986105978488922,128,32,32,32,64,1000,1.5824002410518005
diffuse,64,0.25,3,82a8db1d1a8818d5c70195f5dd662c8928cafd785f34afc6223fdd840b5afa83,lora,0.09104654613516336,,1024,0,64,64,64,1000,1.4688732629874721
diffuse,64,0.25,3,82a8db1d1a8818d5c70195f5dd662c8928cafd785f34afc6223fdd840b5afa83,compressed,0.011007212963973636,,128,0,64,64,64,1000,1.5201520300470293
diffuse,64,0.25,3,82a8db1d1a8818d5c70195f5dd662c8928cafd785f34afc6223fdd840b5afa83,random,0.009771926760900164,0.011102141812443733,128,64,64,64,64,1000,1.5363759190076962
diffuse,64,0.25,3,82a8db1d1a8818d5c70195f5dd662c8928cafd785f34afc6223fdd840b5afa83,gradient,0.019004399363464076,0.006822898052632809,128,64,64,64,64,1000,1.5346907940111123
diffuse,64,0.25,3,82a8db1d1a8818d5c70195f5dd662c8928cafd785f34afc6223fdd840b5afa83,snip,0.018258384464365417,0.005738274194300175,128,64,64,64,64,1000,1.5341213939827867
diffuse,64,0.25,3,82a8db1d1a8818d5c70195f5dd662c8928cafd785f34afc6223fdd840b5afa83,energy,0.010426683406442615,0.06854168325662613,128,64,64,64,64,1000,1.53414501901716
diffuse,64,0.25,3,82a8db1d1a8818d5c70195f5dd662c8928cafd785f34afc6223fdd840b5afa83,snip_independent,0.013164370156540857,0.006741701625287533,128,32,32,64,64,1000,1.5340414110105485
diffuse,64,0.25,3,82a8db1d1a8818d5c70195f5dd662c8928cafd785f34afc6223fdd840b5afa83,snip_same_half,0.026840557953895526,0.009375502355396748,128,32,32,32,64,1000,1.5338381370529532
diffuse,64,0.25,4,82a8db1d1a8818d5c70195f5dd662c8928cafd785f34afc6223fdd840b5afa83,lora,0.09768926882707156,,1024,0,64,64,64,1000,1.5110167830134742
diffuse,64,0.25,4,82a8db1d1a8818d5c70195f5dd662c8928cafd785f34afc6223fdd840b5afa83,compressed,0.012675610238120267,,128,0,64,64,64,1000,1.5678008939721622
diffuse,64,0.25,4,82a8db1d1a8818d5c70195f5dd662c8928cafd785f34afc6223fdd840b5afa83,random,0.010612636823130704,0.006785748526453972,128,64,64,64,64,1000,1.584693409036845
diffuse,64,0.25,4,82a8db1d1a8818d5c70195f5dd662c8928cafd785f34afc6223fdd840b5afa83,gradient,0.01860452521319859,0.010019772686064243,128,64,64,64,64,1000,1.5838499210076407
diffuse,64,0.25,4,82a8db1d1a8818d5c70195f5dd662c8928cafd785f34afc6223fdd840b5afa83,snip,0.01958451989842639,0.009024352766573429,128,64,64,64,64,1000,1.5817434270284139
diffuse,64,0.25,4,82a8db1d1a8818d5c70195f5dd662c8928cafd785f34afc6223fdd840b5afa83,energy,0.011416863474412602,0.06854168325662613,128,64,64,64,64,1000,1.5814385680132546
diffuse,64,0.25,4,82a8db1d1a8818d5c70195f5dd662c8928cafd785f34afc6223fdd840b5afa83,snip_independent,0.016309975240864666,0.006560198962688446,128,32,32,64,64,1000,1.5833653620211408
diffuse,64,0.25,4,82a8db1d1a8818d5c70195f5dd662c8928cafd785f34afc6223fdd840b5afa83,snip_same_half,0.022752346574285896,0.008236333727836609,128,32,32,32,64,1000,1.5831385460332967
diffuse,64,0.25,5,82a8db1d1a8818d5c70195f5dd662c8928cafd785f34afc6223fdd840b5afa83,lora,0.08661367821889462,,1024,0,64,64,64,1000,1.4693152089603245
diffuse,64,0.25,5,82a8db1d1a8818d5c70195f5dd662c8928cafd785f34afc6223fdd840b5afa83,compressed,0.009342910938094697,,128,0,64,64,64,1000,1.5186992719536647
diffuse,64,0.25,5,82a8db1d1a8818d5c70195f5dd662c8928cafd785f34afc6223fdd840b5afa83,random,0.00947630896648996,0.009861418046057224,128,64,64,64,64,1000,1.5369529870222323
diffuse,64,0.25,5,82a8db1d1a8818d5c70195f5dd662c8928cafd785f34afc6223fdd840b5afa83,gradient,0.017904668027927517,0.010543632321059704,128,64,64,64,64,1000,1.5354961560224183
diffuse,64,0.25,5,82a8db1d1a8818d5c70195f5dd662c8928cafd785f34afc6223fdd840b5afa83,snip,0.017657702664800448,0.007604069076478481,128,64,64,64,64,1000,1.5347727480111644
diffuse,64,0.25,5,82a8db1d1a8818d5c70195f5dd662c8928cafd785f34afc6223fdd840b5afa83,energy,0.009936525083603246,0.06854168325662613,128,64,64,64,64,1000,1.5309816870139912
diffuse,64,0.25,5,82a8db1d1a8818d5c70195f5dd662c8928cafd785f34afc6223fdd840b5afa83,snip_independent,0.01671921582506035,0.009425356052815914,128,32,32,64,64,1000,1.5290014820056967
diffuse,64,0.25,5,82a8db1d1a8818d5c70195f5dd662c8928cafd785f34afc6223fdd840b5afa83,snip_same_half,0.021069002934129194,0.008952171541750431,128,32,32,32,64,1000,1.5358240379719064
diffuse,64,0.25,6,82a8db1d1a8818d5c70195f5dd662c8928cafd785f34afc6223fdd840b5afa83,lora,0.07664025547560824,,1024,0,64,64,64,1000,1.510726066015195
diffuse,64,0.25,6,82a8db1d1a8818d5c70195f5dd662c8928cafd785f34afc6223fdd840b5afa83,compressed,0.010155978756730605,,128,0,64,64,64,1000,1.5670998460263945
diffuse,64,0.25,6,82a8db1d1a8818d5c70195f5dd662c8928cafd785f34afc6223fdd840b5afa83,random,0.008259727195691445,0.009286529384553432,128,64,64,64,64,1000,1.5832513880450279
diffuse,64,0.25,6,82a8db1d1a8818d5c70195f5dd662c8928cafd785f34afc6223fdd840b5afa83,gradient,0.017615462433946648,0.006768908351659775,128,64,64,64,64,1000,1.583196080988273
diffuse,64,0.25,6,82a8db1d1a8818d5c70195f5dd662c8928cafd785f34afc6223fdd840b5afa83,snip,0.015847745659292027,0.008214746601879597,128,64,64,64,64,1000,1.5817684690700844
diffuse,64,0.25,6,82a8db1d1a8818d5c70195f5dd662c8928cafd785f34afc6223fdd840b5afa83,energy,0.008934493478949842,0.06854168325662613,128,64,64,64,64,1000,1.5810660650022328
diffuse,64,0.25,6,82a8db1d1a8818d5c70195f5dd662c8928cafd785f34afc6223fdd840b5afa83,snip_independent,0.015464783532228375,0.008857397362589836,128,32,32,64,64,1000,1.5821229399880394
diffuse,64,0.25,6,82a8db1d1a8818d5c70195f5dd662c8928cafd785f34afc6223fdd840b5afa83,snip_same_half,0.02385804683805648,0.006933663040399551,128,32,32,32,64,1000,1.5821296169888228
diffuse,64,0.25,7,82a8db1d1a8818d5c70195f5dd662c8928cafd785f34afc6223fdd840b5afa83,lora,0.08671704363038159,,1024,0,64,64,64,1000,1.467812499962747
diffuse,64,0.25,7,82a8db1d1a8818d5c70195f5dd662c8928cafd785f34afc6223fdd840b5afa83,compressed,0.011504000756626406,,128,0,64,64,64,1000,1.517367993015796
diffuse,64,0.25,7,82a8db1d1a8818d5c70195f5dd662c8928cafd785f34afc6223fdd840b5afa83,random,0.009944075135137282,0.008920916356146336,128,64,64,64,64,1000,1.5356699849944562
diffuse,64,0.25,7,82a8db1d1a8818d5c70195f5dd662c8928cafd785f34afc6223fdd840b5afa83,gradient,0.016434265537817017,0.006843119394034147,128,64,64,64,64,1000,1.5350643519777805
diffuse,64,0.25,7,82a8db1d1a8818d5c70195f5dd662c8928cafd785f34afc6223fdd840b5afa83,snip,0.016202779296083297,0.007234352175146341,128,64,64,64,64,1000,1.533311272971332
diffuse,64,0.25,7,82a8db1d1a8818d5c70195f5dd662c8928cafd785f34afc6223fdd840b5afa83,energy,0.009004386324303781,0.06854168325662613,128,64,64,64,64,1000,1.5340465679764748
diffuse,64,0.25,7,82a8db1d1a8818d5c70195f5dd662c8928cafd785f34afc6223fdd840b5afa83,snip_independent,0.016552790916178037,0.0072566550225019455,128,32,32,64,64,1000,1.5338873650180176
diffuse,64,0.25,7,82a8db1d1a8818d5c70195f5dd662c8928cafd785f34afc6223fdd840b5afa83,snip_same_half,0.021057840773900258,0.007224990986287594,128,32,32,32,64,1000,1.5344808750669472
diffuse,64,0.25,8,82a8db1d1a8818d5c70195f5dd662c8928cafd785f34afc6223fdd840b5afa83,lora,0.08474482253528276,,1024,0,64,64,64,1000,1.5149564730236307
diffuse,64,0.25,8,82a8db1d1a8818d5c70195f5dd662c8928cafd785f34afc6223fdd840b5afa83,compressed,0.010976123501878723,,128,0,64,64,64,1000,1.5682273079873994
diffuse,64,0.25,8,82a8db1d1a8818d5c70195f5dd662c8928cafd785f34afc6223fdd840b5afa83,random,0.009024120918559857,0.006998611614108086,128,64,64,64,64,1000,1.5822957339696586
diffuse,64,0.25,8,82a8db1d1a8818d5c70195f5dd662c8928cafd785f34afc6223fdd840b5afa83,gradient,0.016742724022091794,0.008722541853785515,128,64,64,64,64,1000,1.5802104269969277
diffuse,64,0.25,8,82a8db1d1a8818d5c70195f5dd662c8928cafd785f34afc6223fdd840b5afa83,snip,0.01624284955549514,0.008462975732982159,128,64,64,64,64,1000,1.5816520329681225
diffuse,64,0.25,8,82a8db1d1a8818d5c70195f5dd662c8928cafd785f34afc6223fdd840b5afa83,energy,0.009493404319475176,0.06854168325662613,128,64,64,64,64,1000,1.5808790319715627
diffuse,64,0.25,8,82a8db1d1a8818d5c70195f5dd662c8928cafd785f34afc6223fdd840b5afa83,snip_independent,0.01493156080014271,0.00784777756780386,128,32,32,64,64,1000,1.5829034100170247
diffuse,64,0.25,8,82a8db1d1a8818d5c70195f5dd662c8928cafd785f34afc6223fdd840b5afa83,snip_same_half,0.021496618470984594,0.008668635040521622,128,32,32,32,64,1000,1.5833731949678622
diffuse,64,0.25,9,82a8db1d1a8818d5c70195f5dd662c8928cafd785f34afc6223fdd840b5afa83,lora,0.07472055053782231,,1024,0,64,64,64,1000,1.4665072109783068
diffuse,64,0.25,9,82a8db1d1a8818d5c70195f5dd662c8928cafd785f34afc6223fdd840b5afa83,compressed,0.010514473106056308,,128,0,64,64,64,1000,1.5165745310368948
diffuse,64,0.25,9,82a8db1d1a8818d5c70195f5dd662c8928cafd785f34afc6223fdd840b5afa83,random,0.009488485269138303,0.008659077808260918,128,64,64,64,64,1000,1.5361785289715044
diffuse,64,0.25,9,82a8db1d1a8818d5c70195f5dd662c8928cafd785f34afc6223fdd840b5afa83,gradient,0.015306704507262257,0.00794164463877678,128,64,64,64,64,1000,1.5348924479912966
diffuse,64,0.25,9,82a8db1d1a8818d5c70195f5dd662c8928cafd785f34afc6223fdd840b5afa83,snip,0.015716166395685127,0.011349935084581375,128,64,64,64,64,1000,1.5342784769600257
diffuse,64,0.25,9,82a8db1d1a8818d5c70195f5dd662c8928cafd785f34afc6223fdd840b5afa83,energy,0.007979318185567269,0.06854168325662613,128,64,64,64,64,1000,1.5355392499477603
diffuse,64,0.25,9,82a8db1d1a8818d5c70195f5dd662c8928cafd785f34afc6223fdd840b5afa83,snip_independent,0.016103631778539906,0.008237931877374649,128,32,32,64,64,1000,1.5343457870185375
diffuse,64,0.25,9,82a8db1d1a8818d5c70195f5dd662c8928cafd785f34afc6223fdd840b5afa83,snip_same_half,0.020656994450440537,0.007088194601237774,128,32,32,32,64,1000,1.5333614430273883
diffuse,64,0.25,10,82a8db1d1a8818d5c70195f5dd662c8928cafd785f34afc6223fdd840b5afa83,lora,0.08772714151440177,,1024,0,64,64,64,1000,1.5108884000219405
diffuse,64,0.25,10,82a8db1d1a8818d5c70195f5dd662c8928cafd785f34afc6223fdd840b5afa83,compressed,0.010964660112018413,,128,0,64,64,64,1000,1.5672059999778867
diffuse,64,0.25,10,82a8db1d1a8818d5c70195f5dd662c8928cafd785f34afc6223fdd840b5afa83,random,0.00926899133719922,0.007531636394560337,128,64,64,64,64,1000,1.5836645200033672
diffuse,64,0.25,10,82a8db1d1a8818d5c70195f5dd662c8928cafd785f34afc6223fdd840b5afa83,gradient,0.0165584519391333,0.00811825506389141,128,64,64,64,64,1000,1.5865924849640578
diffuse,64,0.25,10,82a8db1d1a8818d5c70195f5dd662c8928cafd785f34afc6223fdd840b5afa83,snip,0.018009815208962054,0.008953132666647434,128,64,64,64,64,1000,1.58224199997494
diffuse,64,0.25,10,82a8db1d1a8818d5c70195f5dd662c8928cafd785f34afc6223fdd840b5afa83,energy,0.009378472251205075,0.06854168325662613,128,64,64,64,64,1000,1.5843679360114038
diffuse,64,0.25,10,82a8db1d1a8818d5c70195f5dd662c8928cafd785f34afc6223fdd840b5afa83,snip_independent,0.017363098299092553,0.008352711796760559,128,32,32,64,64,1000,1.5851156699936837
diffuse,64,0.25,10,82a8db1d1a8818d5c70195f5dd662c8928cafd785f34afc6223fdd840b5afa83,snip_same_half,0.02257079939651207,0.007126937620341778,128,32,32,32,64,1000,1.5846822989406064
diffuse,64,0.25,11,82a8db1d1a8818d5c70195f5dd662c8928cafd785f34afc6223fdd840b5afa83,lora,0.08145963539339654,,1024,0,64,64,64,1000,1.4643148929462768
diffuse,64,0.25,11,82a8db1d1a8818d5c70195f5dd662c8928cafd785f34afc6223fdd840b5afa83,compressed,0.01041916925128824,,128,0,64,64,64,1000,1.5180124869802967
diffuse,64,0.25,11,82a8db1d1a8818d5c70195f5dd662c8928cafd785f34afc6223fdd840b5afa83,random,0.00851811746274783,0.005783206317573786,128,64,64,64,64,1000,1.535774155985564
diffuse,64,0.25,11,82a8db1d1a8818d5c70195f5dd662c8928cafd785f34afc6223fdd840b5afa83,gradient,0.01510479525243406,0.007159827742725611,128,64,64,64,64,1000,1.5377035120036453
diffuse,64,0.25,11,82a8db1d1a8818d5c70195f5dd662c8928cafd785f34afc6223fdd840b5afa83,snip,0.01429538616266232,0.0073997862637043,128,64,64,64,64,1000,1.5325670559541322
diffuse,64,0.25,11,82a8db1d1a8818d5c70195f5dd662c8928cafd785f34afc6223fdd840b5afa83,energy,0.007792825347669884,0.06854168325662613,128,64,64,64,64,1000,1.536678051983472
diffuse,64,0.25,11,82a8db1d1a8818d5c70195f5dd662c8928cafd785f34afc6223fdd840b5afa83,snip_independent,0.013273642050825254,0.00726890517398715,128,32,32,64,64,1000,1.5349564080243
diffuse,64,0.25,11,82a8db1d1a8818d5c70195f5dd662c8928cafd785f34afc6223fdd840b5afa83,snip_same_half,0.01975897942570536,0.0059968517161905766,128,32,32,32,64,1000,1.536332250921987
diffuse,64,0.25,12,82a8db1d1a8818d5c70195f5dd662c8928cafd785f34afc6223fdd840b5afa83,lora,0.08573205814771677,,1024,0,64,64,64,1000,1.514022255956661
diffuse,64,0.25,12,82a8db1d1a8818d5c70195f5dd662c8928cafd785f34afc6223fdd840b5afa83,compressed,0.009061117266963174,,128,0,64,64,64,1000,1.568945890001487
diffuse,64,0.25,12,82a8db1d1a8818d5c70195f5dd662c8928cafd785f34afc6223fdd840b5afa83,random,0.00796059444427452,0.007643258199095726,128,64,64,64,64,1000,1.5854266679962166
diffuse,64,0.25,12,82a8db1d1a8818d5c70195f5dd662c8928cafd785f34afc6223fdd840b5afa83,gradient,0.016338772756092607,0.005668541416525841,128,64,64,64,64,1000,1.584635660983622
diffuse,64,0.25,12,82a8db1d1a8818d5c70195f5dd662c8928cafd785f34afc6223fdd840b5afa83,snip,0.015440908389842314,0.008331140503287315,128,64,64,64,64,1000,1.5848073909874074
diffuse,64,0.25,12,82a8db1d1a8818d5c70195f5dd662c8928cafd785f34afc6223fdd840b5afa83,energy,0.008810892019411386,0.06854168325662613,128,64,64,64,64,1000,1.5841901019448414
diffuse,64,0.25,12,82a8db1d1a8818d5c70195f5dd662c8928cafd785f34afc6223fdd840b5afa83,snip_independent,0.017661278804596076,0.009801565669476986,128,32,32,64,64,1000,1.584271679050289
diffuse,64,0.25,12,82a8db1d1a8818d5c70195f5dd662c8928cafd785f34afc6223fdd840b5afa83,snip_same_half,0.023610054693475893,0.007699217647314072,128,32,32,32,64,1000,1.583971296029631
diffuse,64,0.25,13,82a8db1d1a8818d5c70195f5dd662c8928cafd785f34afc6223fdd840b5afa83,lora,0.09147625045563466,,1024,0,64,64,64,1000,1.4679953210288659
diffuse,64,0.25,13,82a8db1d1a8818d5c70195f5dd662c8928cafd785f34afc6223fdd840b5afa83,compressed,0.010890962178183236,,128,0,64,64,64,1000,1.5186158180003986
diffuse,64,0.25,13,82a8db1d1a8818d5c70195f5dd662c8928cafd785f34afc6223fdd840b5afa83,random,0.010044987334957477,0.00596801470965147,128,64,64,64,64,1000,1.53598604304716
diffuse,64,0.25,13,82a8db1d1a8818d5c70195f5dd662c8928cafd785f34afc6223fdd840b5afa83,gradient,0.015903239017150822,0.009431387297809124,128,64,64,64,64,1000,1.529213484027423
diffuse,64,0.25,13,82a8db1d1a8818d5c70195f5dd662c8928cafd785f34afc6223fdd840b5afa83,snip,0.01599183526112129,0.008559423498809338,128,64,64,64,64,1000,1.5279887800570577
diffuse,64,0.25,13,82a8db1d1a8818d5c70195f5dd662c8928cafd785f34afc6223fdd840b5afa83,energy,0.009708310595896462,0.06854168325662613,128,64,64,64,64,1000,1.527780499018263
diffuse,64,0.25,13,82a8db1d1a8818d5c70195f5dd662c8928cafd785f34afc6223fdd840b5afa83,snip_independent,0.017164244387234948,0.007881521247327328,128,32,32,64,64,1000,1.5283335820422508
diffuse,64,0.25,13,82a8db1d1a8818d5c70195f5dd662c8928cafd785f34afc6223fdd840b5afa83,snip_same_half,0.0211711550798607,0.007865821942687035,128,32,32,32,64,1000,1.5263949270010926
diffuse,64,0.25,14,82a8db1d1a8818d5c70195f5dd662c8928cafd785f34afc6223fdd840b5afa83,lora,0.08363794224098939,,1024,0,64,64,64,1000,1.514394699013792
diffuse,64,0.25,14,82a8db1d1a8818d5c70195f5dd662c8928cafd785f34afc6223fdd840b5afa83,compressed,0.011992937497771073,,128,0,64,64,64,1000,1.569996283040382
diffuse,64,0.25,14,82a8db1d1a8818d5c70195f5dd662c8928cafd785f34afc6223fdd840b5afa83,random,0.009947294997557572,0.00689336471259594,128,64,64,64,64,1000,1.5847175359958783
diffuse,64,0.25,14,82a8db1d1a8818d5c70195f5dd662c8928cafd785f34afc6223fdd840b5afa83,gradient,0.01735449064915437,0.007213912438601255,128,64,64,64,64,1000,1.5852152280276641
diffuse,64,0.25,14,82a8db1d1a8818d5c70195f5dd662c8928cafd785f34afc6223fdd840b5afa83,snip,0.016016901214374372,0.006667646579444408,128,64,64,64,64,1000,1.5828393999836408
diffuse,64,0.25,14,82a8db1d1a8818d5c70195f5dd662c8928cafd785f34afc6223fdd840b5afa83,energy,0.009448390359552172,0.06854168325662613,128,64,64,64,64,1000,1.5839557769941166
diffuse,64,0.25,14,82a8db1d1a8818d5c70195f5dd662c8928cafd785f34afc6223fdd840b5afa83,snip_independent,0.016361135424248503,0.00707281893119216,128,32,32,64,64,1000,1.590817379008513
diffuse,64,0.25,14,82a8db1d1a8818d5c70195f5dd662c8928cafd785f34afc6223fdd840b5afa83,snip_same_half,0.024447910932601555,0.010928388684988022,128,32,32,32,64,1000,1.583855085016694
diffuse,64,0.25,15,82a8db1d1a8818d5c70195f5dd662c8928cafd785f34afc6223fdd840b5afa83,lora,0.085619232469329,,1024,0,64,64,64,1000,1.4538161450182088
diffuse,64,0.25,15,82a8db1d1a8818d5c70195f5dd662c8928cafd785f34afc6223fdd840b5afa83,compressed,0.012430997291811288,,128,0,64,64,64,1000,1.5093832749989815
diffuse,64,0.25,15,82a8db1d1a8818d5c70195f5dd662c8928cafd785f34afc6223fdd840b5afa83,random,0.00974390626298102,0.006458991672843695,128,64,64,64,64,1000,1.5253630840452388
diffuse,64,0.25,15,82a8db1d1a8818d5c70195f5dd662c8928cafd785f34afc6223fdd840b5afa83,gradient,0.016763771776272966,0.00855223461985588,128,64,64,64,64,1000,1.5259513549972326
diffuse,64,0.25,15,82a8db1d1a8818d5c70195f5dd662c8928cafd785f34afc6223fdd840b5afa83,snip,0.019127953933044867,0.00740035530179739,128,64,64,64,64,1000,1.5230852310196497
diffuse,64,0.25,15,82a8db1d1a8818d5c70195f5dd662c8928cafd785f34afc6223fdd840b5afa83,energy,0.00981988209446752,0.06854168325662613,128,64,64,64,64,1000,1.524186967057176
diffuse,64,0.25,15,82a8db1d1a8818d5c70195f5dd662c8928cafd785f34afc6223fdd840b5afa83,snip_independent,0.015488308725229312,0.007595517206937075,128,32,32,64,64,1000,1.5240551179740578
diffuse,64,0.25,15,82a8db1d1a8818d5c70195f5dd662c8928cafd785f34afc6223fdd840b5afa83,snip_same_half,0.021491242986370732,0.008706060238182545,128,32,32,32,64,1000,1.5237077919882722
diffuse,64,0.25,16,82a8db1d1a8818d5c70195f5dd662c8928cafd785f34afc6223fdd840b5afa83,lora,0.0914737342354664,,1024,0,64,64,64,1000,1.514162767038215
diffuse,64,0.25,16,82a8db1d1a8818d5c70195f5dd662c8928cafd785f34afc6223fdd840b5afa83,compressed,0.009900624008380241,,128,0,64,64,64,1000,1.5693361060111783
diffuse,64,0.25,16,82a8db1d1a8818d5c70195f5dd662c8928cafd785f34afc6223fdd840b5afa83,random,0.008946060334705453,0.0074033490382134914,128,64,64,64,64,1000,1.5841048750444315
diffuse,64,0.25,16,82a8db1d1a8818d5c70195f5dd662c8928cafd785f34afc6223fdd840b5afa83,gradient,0.018173826737458248,0.008857708424329758,128,64,64,64,64,1000,1.5844391789869405
diffuse,64,0.25,16,82a8db1d1a8818d5c70195f5dd662c8928cafd785f34afc6223fdd840b5afa83,snip,0.018490228099964253,0.009724341332912445,128,64,64,64,64,1000,1.5832322170608677
diffuse,64,0.25,16,82a8db1d1a8818d5c70195f5dd662c8928cafd785f34afc6223fdd840b5afa83,energy,0.009800976422163338,0.06854168325662613,128,64,64,64,64,1000,1.5851888179895468
diffuse,64,0.25,16,82a8db1d1a8818d5c70195f5dd662c8928cafd785f34afc6223fdd840b5afa83,snip_independent,0.016152099713577,0.008869162760674953,128,32,32,64,64,1000,1.585134583991021
diffuse,64,0.25,16,82a8db1d1a8818d5c70195f5dd662c8928cafd785f34afc6223fdd840b5afa83,snip_same_half,0.025922894117748375,0.00977160781621933,128,32,32,32,64,1000,1.5839783770497888
diffuse,64,0.25,17,82a8db1d1a8818d5c70195f5dd662c8928cafd785f34afc6223fdd840b5afa83,lora,0.08492936449539457,,1024,0,64,64,64,1000,1.4578132380265743
diffuse,64,0.25,17,82a8db1d1a8818d5c70195f5dd662c8928cafd785f34afc6223fdd840b5afa83,compressed,0.010528109414956358,,128,0,64,64,64,1000,1.5112018309882842
diffuse,64,0.25,17,82a8db1d1a8818d5c70195f5dd662c8928cafd785f34afc6223fdd840b5afa83,random,0.010092672049731822,0.0052443197928369045,128,64,64,64,64,1000,1.526169340009801
diffuse,64,0.25,17,82a8db1d1a8818d5c70195f5dd662c8928cafd785f34afc6223fdd840b5afa83,gradient,0.015599679490232832,0.010507422499358654,128,64,64,64,64,1000,1.5274987060111016
diffuse,64,0.25,17,82a8db1d1a8818d5c70195f5dd662c8928cafd785f34afc6223fdd840b5afa83,snip,0.01401923433757677,0.009196201339364052,128,64,64,64,64,1000,1.525281352980528
diffuse,64,0.25,17,82a8db1d1a8818d5c70195f5dd662c8928cafd785f34afc6223fdd840b5afa83,energy,0.00947691718122231,0.06854168325662613,128,64,64,64,64,1000,1.5251648389967158
diffuse,64,0.25,17,82a8db1d1a8818d5c70195f5dd662c8928cafd785f34afc6223fdd840b5afa83,snip_independent,0.01446314271433583,0.006649980787187815,128,32,32,64,64,1000,1.5238500939449295
diffuse,64,0.25,17,82a8db1d1a8818d5c70195f5dd662c8928cafd785f34afc6223fdd840b5afa83,snip_same_half,0.023421203803030213,0.008168134838342667,128,32,32,32,64,1000,1.5275102009181865
diffuse,64,0.25,18,82a8db1d1a8818d5c70195f5dd662c8928cafd785f34afc6223fdd840b5afa83,lora,0.08541573048199028,,1024,0,64,64,64,1000,1.5121877230121754
diffuse,64,0.25,18,82a8db1d1a8818d5c70195f5dd662c8928cafd785f34afc6223fdd840b5afa83,compressed,0.012494556213940305,,128,0,64,64,64,1000,1.5686491300002672
diffuse,64,0.25,18,82a8db1d1a8818d5c70195f5dd662c8928cafd785f34afc6223fdd840b5afa83,random,0.009931431577002443,0.010075457394123077,128,64,64,64,64,1000,1.5842318100039847
diffuse,64,0.25,18,82a8db1d1a8818d5c70195f5dd662c8928cafd785f34afc6223fdd840b5afa83,gradient,0.018961455885021558,0.007758577354252338,128,64,64,64,64,1000,1.583164472016506
diffuse,64,0.25,18,82a8db1d1a8818d5c70195f5dd662c8928cafd785f34afc6223fdd840b5afa83,snip,0.019671480972256433,0.00913021806627512,128,64,64,64,64,1000,1.5820951709756628
diffuse,64,0.25,18,82a8db1d1a8818d5c70195f5dd662c8928cafd785f34afc6223fdd840b5afa83,energy,0.011231668800437682,0.06854168325662613,128,64,64,64,64,1000,1.5824729300220497
diffuse,64,0.25,18,82a8db1d1a8818d5c70195f5dd662c8928cafd785f34afc6223fdd840b5afa83,snip_independent,0.01826782022199405,0.007933259010314941,128,32,32,64,64,1000,1.5851750489673577
diffuse,64,0.25,18,82a8db1d1a8818d5c70195f5dd662c8928cafd785f34afc6223fdd840b5afa83,snip_same_half,0.02201152437308238,0.006729034706950188,128,32,32,32,64,1000,1.5834339139983058
diffuse,64,0.25,19,82a8db1d1a8818d5c70195f5dd662c8928cafd785f34afc6223fdd840b5afa83,lora,0.08724462198254102,,1024,0,64,64,64,1000,1.4565932539990172
diffuse,64,0.25,19,82a8db1d1a8818d5c70195f5dd662c8928cafd785f34afc6223fdd840b5afa83,compressed,0.013194581525583522,,128,0,64,64,64,1000,1.5075431459699757
diffuse,64,0.25,19,82a8db1d1a8818d5c70195f5dd662c8928cafd785f34afc6223fdd840b5afa83,random,0.01026991416572762,0.005230120848864317,128,64,64,64,64,1000,1.5263465219759382
diffuse,64,0.25,19,82a8db1d1a8818d5c70195f5dd662c8928cafd785f34afc6223fdd840b5afa83,gradient,0.015879438042898333,0.007759452797472477,128,64,64,64,64,1000,1.525984632957261
diffuse,64,0.25,19,82a8db1d1a8818d5c70195f5dd662c8928cafd785f34afc6223fdd840b5afa83,snip,0.016344059220870084,0.008324388414621353,128,64,64,64,64,1000,1.5243474809685722
diffuse,64,0.25,19,82a8db1d1a8818d5c70195f5dd662c8928cafd785f34afc6223fdd840b5afa83,energy,0.009765709706260433,0.06854168325662613,128,64,64,64,64,1000,1.5248457280104049
diffuse,64,0.25,19,82a8db1d1a8818d5c70195f5dd662c8928cafd785f34afc6223fdd840b5afa83,snip_independent,0.01624593980114075,0.010782578960061073,128,32,32,64,64,1000,1.5296072929631919
diffuse,64,0.25,19,82a8db1d1a8818d5c70195f5dd662c8928cafd785f34afc6223fdd840b5afa83,snip_same_half,0.022873638644772425,0.0074355932883918285,128,32,32,32,64,1000,1.5321063559968024
diffuse,64,0.5,0,82a8db1d1a8818d5c70195f5dd662c8928cafd785f34afc6223fdd840b5afa83,lora,0.1400440369880251,,1024,0,64,64,64,1000,1.5133545100106858
diffuse,64,0.5,0,82a8db1d1a8818d5c70195f5dd662c8928cafd785f34afc6223fdd840b5afa83,compressed,0.023556883117941838,,128,0,64,64,64,1000,1.567969447991345
diffuse,64,0.5,0,82a8db1d1a8818d5c70195f5dd662c8928cafd785f34afc6223fdd840b5afa83,random,0.018325804236600234,0.008456990122795105,128,64,64,64,64,1000,1.5839992910041474
diffuse,64,0.5,0,82a8db1d1a8818d5c70195f5dd662c8928cafd785f34afc6223fdd840b5afa83,gradient,0.041958745317999785,0.007829333655536175,128,64,64,64,64,1000,1.583299197955057
diffuse,64,0.5,0,82a8db1d1a8818d5c70195f5dd662c8928cafd785f34afc6223fdd840b5afa83,snip,0.04013632693987648,0.00851734634488821,128,64,64,64,64,1000,1.5825536850024946
diffuse,64,0.5,0,82a8db1d1a8818d5c70195f5dd662c8928cafd785f34afc6223fdd840b5afa83,energy,0.01994949534387863,0.06854168325662613,128,64,64,64,64,1000,1.5824001859873533
diffuse,64,0.5,0,82a8db1d1a8818d5c70195f5dd662c8928cafd785f34afc6223fdd840b5afa83,snip_independent,0.024705639724501804,0.009844399988651276,128,32,32,64,64,1000,1.5852277500089258
diffuse,64,0.5,0,82a8db1d1a8818d5c70195f5dd662c8928cafd785f34afc6223fdd840b5afa83,snip_same_half,0.04422769480700518,0.0058827269822359085,128,32,32,32,64,1000,1.5831511399592273
diffuse,64,0.5,1,82a8db1d1a8818d5c70195f5dd662c8928cafd785f34afc6223fdd840b5afa83,lora,0.1356732652084831,,1024,0,64,64,64,1000,1.4667285759933293
diffuse,64,0.5,1,82a8db1d1a8818d5c70195f5dd662c8928cafd785f34afc6223fdd840b5afa83,compressed,0.024769202103967568,,128,0,64,64,64,1000,1.5166896029841155
diffuse,64,0.5,1,82a8db1d1a8818d5c70195f5dd662c8928cafd785f34afc6223fdd840b5afa83,random,0.019394378501997035,0.008182212710380554,128,64,64,64,64,1000,1.5359740830026567
diffuse,64,0.5,1,82a8db1d1a8818d5c70195f5dd662c8928cafd785f34afc6223fdd840b5afa83,gradient,0.04750041526377845,0.007958547212183475,128,64,64,64,64,1000,1.5353642720729113
diffuse,64,0.5,1,82a8db1d1a8818d5c70195f5dd662c8928cafd785f34afc6223fdd840b5afa83,snip,0.04268486482608929,0.007613945286720991,128,64,64,64,64,1000,1.5351117090322077
diffuse,64,0.5,1,82a8db1d1a8818d5c70195f5dd662c8928cafd785f34afc6223fdd840b5afa83,energy,0.022302299286031925,0.06854169070720673,128,64,64,64,64,1000,1.5346353790373541
diffuse,64,0.5,1,82a8db1d1a8818d5c70195f5dd662c8928cafd785f34afc6223fdd840b5afa83,snip_independent,0.03317607722443025,0.006979669444262981,128,32,32,64,64,1000,1.5299986399477348
diffuse,64,0.5,1,82a8db1d1a8818d5c70195f5dd662c8928cafd785f34afc6223fdd840b5afa83,snip_same_half,0.051774600145924415,0.006722646299749613,128,32,32,32,64,1000,1.5270994720049202
diffuse,64,0.5,2,82a8db1d1a8818d5c70195f5dd662c8928cafd785f34afc6223fdd840b5afa83,lora,0.1413341700349774,,1024,0,64,64,64,1000,1.512666378985159
diffuse,64,0.5,2,82a8db1d1a8818d5c70195f5dd662c8928cafd785f34afc6223fdd840b5afa83,compressed,0.02264823465896837,,128,0,64,64,64,1000,1.5699710360495374
diffuse,64,0.5,2,82a8db1d1a8818d5c70195f5dd662c8928cafd785f34afc6223fdd840b5afa83,random,0.019084243832190245,0.011130019091069698,128,64,64,64,64,1000,1.5871682210126892
diffuse,64,0.5,2,82a8db1d1a8818d5c70195f5dd662c8928cafd785f34afc6223fdd840b5afa83,gradient,0.039785765370245765,0.008776990696787834,128,64,64,64,64,1000,1.5860438529634848
diffuse,64,0.5,2,82a8db1d1a8818d5c70195f5dd662c8928cafd785f34afc6223fdd840b5afa83,snip,0.03897532247111206,0.007374702021479607,128,64,64,64,64,1000,1.5841390999848954
diffuse,64,0.5,2,82a8db1d1a8818d5c70195f5dd662c8928cafd785f34afc6223fdd840b5afa83,energy,0.020136585032988305,0.06854168325662613,128,64,64,64,64,1000,1.5844769109971821
diffuse,64,0.5,2,82a8db1d1a8818d5c70195f5dd662c8928cafd785f34afc6223fdd840b5afa83,snip_independent,0.033240241709106735,0.0076857665553689,128,32,32,64,64,1000,1.5850414719316177
diffuse,64,0.5,2,82a8db1d1a8818d5c70195f5dd662c8928cafd785f34afc6223fdd840b5afa83,snip_same_half,0.04523777078389069,0.0074921599589288235,128,32,32,32,64,1000,1.5853880120557733
diffuse,64,0.5,3,82a8db1d1a8818d5c70195f5dd662c8928cafd785f34afc6223fdd840b5afa83,lora,0.15017358181346233,,1024,0,64,64,64,1000,1.4584696710226126
diffuse,64,0.5,3,82a8db1d1a8818d5c70195f5dd662c8928cafd785f34afc6223fdd840b5afa83,compressed,0.02336176644816208,,128,0,64,64,64,1000,1.5102757770218886
diffuse,64,0.5,3,82a8db1d1a8818d5c70195f5dd662c8928cafd785f34afc6223fdd840b5afa83,random,0.019215231127809405,0.011102140881121159,128,64,64,64,64,1000,1.527132427028846
diffuse,64,0.5,3,82a8db1d1a8818d5c70195f5dd662c8928cafd785f34afc6223fdd840b5afa83,gradient,0.044975002667987575,0.006155471317470074,128,64,64,64,64,1000,1.527382800995838
diffuse,64,0.5,3,82a8db1d1a8818d5c70195f5dd662c8928cafd785f34afc6223fdd840b5afa83,snip,0.045384431281955906,0.006076655816286802,128,64,64,64,64,1000,1.525949558999855
diffuse,64,0.5,3,82a8db1d1a8818d5c70195f5dd662c8928cafd785f34afc6223fdd840b5afa83,energy,0.020697738209758315,0.06854168325662613,128,64,64,64,64,1000,1.52636707900092
diffuse,64,0.5,3,82a8db1d1a8818d5c70195f5dd662c8928cafd785f34afc6223fdd840b5afa83,snip_independent,0.028525652478142226,0.007333096582442522,128,32,32,64,64,1000,1.5269053269876167
diffuse,64,0.5,3,82a8db1d1a8818d5c70195f5dd662c8928cafd785f34afc6223fdd840b5afa83,snip_same_half,0.05901239833232084,0.00937576498836279,128,32,32,32,64,1000,1.526548479043413
diffuse,64,0.5,4,82a8db1d1a8818d5c70195f5dd662c8928cafd785f34afc6223fdd840b5afa83,lora,0.16493974752380433,,1024,0,64,64,64,1000,1.5095963969943114
diffuse,64,0.5,4,82a8db1d1a8818d5c70195f5dd662c8928cafd785f34afc6223fdd840b5afa83,compressed,0.025549614571361783,,128,0,64,64,64,1000,1.5660808659740724
diffuse,64,0.5,4,82a8db1d1a8818d5c70195f5dd662c8928cafd785f34afc6223fdd840b5afa83,random,0.020087010502558234,0.006785748526453972,128,64,64,64,64,1000,1.5824339700047858
diffuse,64,0.5,4,82a8db1d1a8818d5c70195f5dd662c8928cafd785f34afc6223fdd840b5afa83,gradient,0.04650896633201635,0.009330319240689278,128,64,64,64,64,1000,1.5822086609550752
diffuse,64,0.5,4,82a8db1d1a8818d5c70195f5dd662c8928cafd785f34afc6223fdd840b5afa83,snip,0.04727346842344493,0.009180325083434582,128,64,64,64,64,1000,1.5854265139787458
diffuse,64,0.5,4,82a8db1d1a8818d5c70195f5dd662c8928cafd785f34afc6223fdd840b5afa83,energy,0.020773296419795174,0.06854168325662613,128,64,64,64,64,1000,1.581526959023904
diffuse,64,0.5,4,82a8db1d1a8818d5c70195f5dd662c8928cafd785f34afc6223fdd840b5afa83,snip_independent,0.03250723982986232,0.00679315160959959,128,32,32,64,64,1000,1.583026743028313
diffuse,64,0.5,4,82a8db1d1a8818d5c70195f5dd662c8928cafd785f34afc6223fdd840b5afa83,snip_same_half,0.04859985692502698,0.007830223068594933,128,32,32,32,64,1000,1.5832755080773495
diffuse,64,0.5,5,82a8db1d1a8818d5c70195f5dd662c8928cafd785f34afc6223fdd840b5afa83,lora,0.14876888086382112,,1024,0,64,64,64,1000,1.4556118600303307
diffuse,64,0.5,5,82a8db1d1a8818d5c70195f5dd662c8928cafd785f34afc6223fdd840b5afa83,compressed,0.01817288996962188,,128,0,64,64,64,1000,1.50879127898952
diffuse,64,0.5,5,82a8db1d1a8818d5c70195f5dd662c8928cafd785f34afc6223fdd840b5afa83,random,0.018994312125238166,0.009861418046057224,128,64,64,64,64,1000,1.5248205249663442
diffuse,64,0.5,5,82a8db1d1a8818d5c70195f5dd662c8928cafd785f34afc6223fdd840b5afa83,gradient,0.04630260625132411,0.009393521584570408,128,64,64,64,64,1000,1.525848257006146
diffuse,64,0.5,5,82a8db1d1a8818d5c70195f5dd662c8928cafd785f34afc6223fdd840b5afa83,snip,0.04283755565592638,0.006181447301059961,128,64,64,64,64,1000,1.5237893319572322
diffuse,64,0.5,5,82a8db1d1a8818d5c70195f5dd662c8928cafd785f34afc6223fdd840b5afa83,energy,0.021141384148632016,0.06854168325662613,128,64,64,64,64,1000,1.524232588999439
diffuse,64,0.5,5,82a8db1d1a8818d5c70195f5dd662c8928cafd785f34afc6223fdd840b5afa83,snip_independent,0.03261383837580481,0.007588815875351429,128,32,32,64,64,1000,1.524835997959599
diffuse,64,0.5,5,82a8db1d1a8818d5c70195f5dd662c8928cafd785f34afc6223fdd840b5afa83,snip_same_half,0.046422386298819875,0.009815860539674759,128,32,32,32,64,1000,1.524129651952535
diffuse,64,0.5,6,82a8db1d1a8818d5c70195f5dd662c8928cafd785f34afc6223fdd840b5afa83,lora,0.13905723819506227,,1024,0,64,64,64,1000,1.512078914034646
diffuse,64,0.5,6,82a8db1d1a8818d5c70195f5dd662c8928cafd785f34afc6223fdd840b5afa83,compressed,0.02151207519907139,,128,0,64,64,64,1000,1.5651211910299025
diffuse,64,0.5,6,82a8db1d1a8818d5c70195f5dd662c8928cafd785f34afc6223fdd840b5afa83,random,0.01653558384173071,0.009286529384553432,128,64,64,64,64,1000,1.5824936329736374
diffuse,64,0.5,6,82a8db1d1a8818d5c70195f5dd662c8928cafd785f34afc6223fdd840b5afa83,gradient,0.04626747188458575,0.006970080081373453,128,64,64,64,64,1000,1.5817459570243955
diffuse,64,0.5,6,82a8db1d1a8818d5c70195f5dd662c8928cafd785f34afc6223fdd840b5afa83,snip,0.03913065930845745,0.00874951109290123,128,64,64,64,64,1000,1.5815125969820656
diffuse,64,0.5,6,82a8db1d1a8818d5c70195f5dd662c8928cafd785f34afc6223fdd840b5afa83,energy,0.017765279709572084,0.06854168325662613,128,64,64,64,64,1000,1.581842192041222
diffuse,64,0.5,6,82a8db1d1a8818d5c70195f5dd662c8928cafd785f34afc6223fdd840b5afa83,snip_independent,0.031322774877138825,0.010032262653112411,128,32,32,64,64,1000,1.5829802100197412
diffuse,64,0.5,6,82a8db1d1a8818d5c70195f5dd662c8928cafd785f34afc6223fdd840b5afa83,snip_same_half,0.05491979848726595,0.007354550063610077,128,32,32,32,64,1000,1.5822063210071065
diffuse,64,0.5,7,82a8db1d1a8818d5c70195f5dd662c8928cafd785f34afc6223fdd840b5afa83,lora,0.13411451575667427,,1024,0,64,64,64,1000,1.4578738700365648
diffuse,64,0.5,7,82a8db1d1a8818d5c70195f5dd662c8928cafd785f34afc6223fdd840b5afa83,compressed,0.02620631792249578,,128,0,64,64,64,1000,1.5095859530265443
diffuse,64,0.5,7,82a8db1d1a8818d5c70195f5dd662c8928cafd785f34afc6223fdd840b5afa83,random,0.019675447941405036,0.008920916356146336,128,64,64,64,64,1000,1.5337094219285063
diffuse,64,0.5,7,82a8db1d1a8818d5c70195f5dd662c8928cafd785f34afc6223fdd840b5afa83,gradient,0.039942497232393334,0.0067334831692278385,128,64,64,64,64,1000,1.534256715909578
diffuse,64,0.5,7,82a8db1d1a8818d5c70195f5dd662c8928cafd785f34afc6223fdd840b5afa83,snip,0.03972976246925754,0.007584129460155964,128,64,64,64,64,1000,1.5334485439234413
diffuse,64,0.5,7,82a8db1d1a8818d5c70195f5dd662c8928cafd785f34afc6223fdd840b5afa83,energy,0.018446966343802773,0.06854168325662613,128,64,64,64,64,1000,1.5324360179365613
diffuse,64,0.5,7,82a8db1d1a8818d5c70195f5dd662c8928cafd785f34afc6223fdd840b5afa83,snip_independent,0.03211490915869164,0.006576563697308302,128,32,32,64,64,1000,1.533226422034204
diffuse,64,0.5,7,82a8db1d1a8818d5c70195f5dd662c8928cafd785f34afc6223fdd840b5afa83,snip_same_half,0.04833482144658001,0.006883174646645784,128,32,32,32,64,1000,1.5313193959882483
diffuse,64,0.5,8,82a8db1d1a8818d5c70195f5dd662c8928cafd785f34afc6223fdd840b5afa83,lora,0.14193235920158043,,1024,0,64,64,64,1000,1.5117918910109438
diffuse,64,0.5,8,82a8db1d1a8818d5c70195f5dd662c8928cafd785f34afc6223fdd840b5afa83,compressed,0.024248710843494507,,128,0,64,64,64,1000,1.5679655949934386
diffuse,64,0.5,8,82a8db1d1a8818d5c70195f5dd662c8928cafd785f34afc6223fdd840b5afa83,random,0.01761658248102408,0.006998611614108086,128,64,64,64,64,1000,1.5831697839894332
diffuse,64,0.5,8,82a8db1d1a8818d5c70195f5dd662c8928cafd785f34afc6223fdd840b5afa83,gradient,0.043379947139046166,0.008380700834095478,128,64,64,64,64,1000,1.5882541830069385
diffuse,64,0.5,8,82a8db1d1a8818d5c70195f5dd662c8928cafd785f34afc6223fdd840b5afa83,snip,0.042085283316001455,0.007803752552717924,128,64,64,64,64,1000,1.583543251035735
diffuse,64,0.5,8,82a8db1d1a8818d5c70195f5dd662c8928cafd785f34afc6223fdd840b5afa83,energy,0.019085516981484016,0.06854168325662613,128,64,64,64,64,1000,1.5851105059846304
diffuse,64,0.5,8,82a8db1d1a8818d5c70195f5dd662c8928cafd785f34afc6223fdd840b5afa83,snip_independent,0.029689132576758405,0.00806630402803421,128,32,32,64,64,1000,1.5854873130447231
diffuse,64,0.5,8,82a8db1d1a8818d5c70195f5dd662c8928cafd785f34afc6223fdd840b5afa83,snip_same_half,0.04621493971206157,0.00911703146994114,128,32,32,32,64,1000,1.585588998044841
diffuse,64,0.5,9,82a8db1d1a8818d5c70195f5dd662c8928cafd785f34afc6223fdd840b5afa83,lora,0.12638060960188974,,1024,0,64,64,64,1000,1.4670450150151737
diffuse,64,0.5,9,82a8db1d1a8818d5c70195f5dd662c8928cafd785f34afc6223fdd840b5afa83,compressed,0.022143503688535262,,128,0,64,64,64,1000,1.5182943279505707
diffuse,64,0.5,9,82a8db1d1a8818d5c70195f5dd662c8928cafd785f34afc6223fdd840b5afa83,random,0.018575574522566154,0.008659077808260918,128,64,64,64,64,1000,1.5366956599755213
diffuse,64,0.5,9,82a8db1d1a8818d5c70195f5dd662c8928cafd785f34afc6223fdd840b5afa83,gradient,0.04402894360128586,0.008192508481442928,128,64,64,64,64,1000,1.5383228919818066
diffuse,64,0.5,9,82a8db1d1a8818d5c70195f5dd662c8928cafd785f34afc6223fdd840b5afa83,snip,0.040794422499440736,0.00944144744426012,128,64,64,64,64,1000,1.5322550149867311
diffuse,64,0.5,9,82a8db1d1a8818d5c70195f5dd662c8928cafd785f34afc6223fdd840b5afa83,energy,0.016082529696125974,0.06854168325662613,128,64,64,64,64,1000,1.5394556989776902
diffuse,64,0.5,9,82a8db1d1a8818d5c70195f5dd662c8928cafd785f34afc6223fdd840b5afa83,snip_independent,0.031478580270683995,0.008638361468911171,128,32,32,64,64,1000,1.528076300979592
diffuse,64,0.5,9,82a8db1d1a8818d5c70195f5dd662c8928cafd785f34afc6223fdd840b5afa83,snip_same_half,0.04594977724902062,0.007508797105401754,128,32,32,32,64,1000,1.529905850009527
diffuse,64,0.5,10,82a8db1d1a8818d5c70195f5dd662c8928cafd785f34afc6223fdd840b5afa83,lora,0.15403260615480446,,1024,0,64,64,64,1000,1.510657852049917
diffuse,64,0.5,10,82a8db1d1a8818d5c70195f5dd662c8928cafd785f34afc6223fdd840b5afa83,compressed,0.023854079521944162,,128,0,64,64,64,1000,1.568784321018029
diffuse,64,0.5,10,82a8db1d1a8818d5c70195f5dd662c8928cafd785f34afc6223fdd840b5afa83,random,0.019538673570129315,0.007531636394560337,128,64,64,64,64,1000,1.5830216109752655
diffuse,64,0.5,10,82a8db1d1a8818d5c70195f5dd662c8928cafd785f34afc6223fdd840b5afa83,gradient,0.04305372798329163,0.007676382549107075,128,64,64,64,64,1000,1.5852929900283925
diffuse,64,0.5,10,82a8db1d1a8818d5c70195f5dd662c8928cafd785f34afc6223fdd840b5afa83,snip,0.043472632378543916,0.008025411516427994,128,64,64,64,64,1000,1.582316306012217
diffuse,64,0.5,10,82a8db1d1a8818d5c70195f5dd662c8928cafd785f34afc6223fdd840b5afa83,energy,0.01728329294638295,0.06854168325662613,128,64,64,64,64,1000,1.583007906039711
diffuse,64,0.5,10,82a8db1d1a8818d5c70195f5dd662c8928cafd785f34afc6223fdd840b5afa83,snip_independent,0.030199856703040834,0.007614798378199339,128,32,32,64,64,1000,1.5830106130451895
diffuse,64,0.5,10,82a8db1d1a8818d5c70195f5dd662c8928cafd785f34afc6223fdd840b5afa83,snip_same_half,0.04772448627535139,0.00744430348277092,128,32,32,32,64,1000,1.5838273760164157
diffuse,64,0.5,11,82a8db1d1a8818d5c70195f5dd662c8928cafd785f34afc6223fdd840b5afa83,lora,0.14344767438100658,,1024,0,64,64,64,1000,1.4580991920083761
diffuse,64,0.5,11,82a8db1d1a8818d5c70195f5dd662c8928cafd785f34afc6223fdd840b5afa83,compressed,0.0223073290659524,,128,0,64,64,64,1000,1.5100023960112594
diffuse,64,0.5,11,82a8db1d1a8818d5c70195f5dd662c8928cafd785f34afc6223fdd840b5afa83,random,0.016054598323720047,0.005783206317573786,128,64,64,64,64,1000,1.530843613028992
diffuse,64,0.5,11,82a8db1d1a8818d5c70195f5dd662c8928cafd785f34afc6223fdd840b5afa83,gradient,0.04064294088203415,0.006277778651565313,128,64,64,64,64,1000,1.5331604889943264
diffuse,64,0.5,11,82a8db1d1a8818d5c70195f5dd662c8928cafd785f34afc6223fdd840b5afa83,snip,0.035246249477367625,0.006959661841392517,128,64,64,64,64,1000,1.5312140659661964
diffuse,64,0.5,11,82a8db1d1a8818d5c70195f5dd662c8928cafd785f34afc6223fdd840b5afa83,energy,0.014600117223774807,0.06854168325662613,128,64,64,64,64,1000,1.5315523460158147
diffuse,64,0.5,11,82a8db1d1a8818d5c70195f5dd662c8928cafd785f34afc6223fdd840b5afa83,snip_independent,0.02558037155419381,0.008151467889547348,128,32,32,64,64,1000,1.5328126220265403
diffuse,64,0.5,11,82a8db1d1a8818d5c70195f5dd662c8928cafd785f34afc6223fdd840b5afa83,snip_same_half,0.04676664204723797,0.004575030878186226,128,32,32,32,64,1000,1.532891597948037
diffuse,64,0.5,12,82a8db1d1a8818d5c70195f5dd662c8928cafd785f34afc6223fdd840b5afa83,lora,0.13175178233099932,,1024,0,64,64,64,1000,1.5112523660063744
diffuse,64,0.5,12,82a8db1d1a8818d5c70195f5dd662c8928cafd785f34afc6223fdd840b5afa83,compressed,0.018997630788920635,,128,0,64,64,64,1000,1.5689495440456085
diffuse,64,0.5,12,82a8db1d1a8818d5c70195f5dd662c8928cafd785f34afc6223fdd840b5afa83,random,0.01593308503649079,0.007643258199095726,128,64,64,64,64,1000,1.584278829046525
diffuse,64,0.5,12,82a8db1d1a8818d5c70195f5dd662c8928cafd785f34afc6223fdd840b5afa83,gradient,0.041623635937735354,0.006392492447048426,128,64,64,64,64,1000,1.5841114230570383
diffuse,64,0.5,12,82a8db1d1a8818d5c70195f5dd662c8928cafd785f34afc6223fdd840b5afa83,snip,0.03640935094755404,0.007491451222449541,128,64,64,64,64,1000,1.5836516220588237
diffuse,64,0.5,12,82a8db1d1a8818d5c70195f5dd662c8928cafd785f34afc6223fdd840b5afa83,energy,0.017659684798802214,0.06854168325662613,128,64,64,64,64,1000,1.584278033056762
diffuse,64,0.5,12,82a8db1d1a8818d5c70195f5dd662c8928cafd785f34afc6223fdd840b5afa83,snip_independent,0.03128947808839448,0.010025928728282452,128,32,32,64,64,1000,1.5864821870345622
diffuse,64,0.5,12,82a8db1d1a8818d5c70195f5dd662c8928cafd785f34afc6223fdd840b5afa83,snip_same_half,0.04997201798674111,0.0065222932025790215,128,32,32,32,64,1000,1.5844772119889967
diffuse,64,0.5,13,82a8db1d1a8818d5c70195f5dd662c8928cafd785f34afc6223fdd840b5afa83,lora,0.13497046268803875,,1024,0,64,64,64,1000,1.4679817060241476
diffuse,64,0.5,13,82a8db1d1a8818d5c70195f5dd662c8928cafd785f34afc6223fdd840b5afa83,compressed,0.024265321695281825,,128,0,64,64,64,1000,1.5191505929687992
diffuse,64,0.5,13,82a8db1d1a8818d5c70195f5dd662c8928cafd785f34afc6223fdd840b5afa83,random,0.019005852457982295,0.00596801470965147,128,64,64,64,64,1000,1.5374209900037386
diffuse,64,0.5,13,82a8db1d1a8818d5c70195f5dd662c8928cafd785f34afc6223fdd840b5afa83,gradient,0.0421016611515395,0.00907982513308525,128,64,64,64,64,1000,1.5351714819553308
diffuse,64,0.5,13,82a8db1d1a8818d5c70195f5dd662c8928cafd785f34afc6223fdd840b5afa83,snip,0.039895855806159175,0.008974957279860973,128,64,64,64,64,1000,1.5341893049771897
diffuse,64,0.5,13,82a8db1d1a8818d5c70195f5dd662c8928cafd785f34afc6223fdd840b5afa83,energy,0.01860747867444812,0.06854168325662613,128,64,64,64,64,1000,1.5330721330246888
diffuse,64,0.5,13,82a8db1d1a8818d5c70195f5dd662c8928cafd785f34afc6223fdd840b5afa83,snip_independent,0.03142123657650209,0.0071533978916704655,128,32,32,64,64,1000,1.5354891649330966
diffuse,64,0.5,13,82a8db1d1a8818d5c70195f5dd662c8928cafd785f34afc6223fdd840b5afa83,snip_same_half,0.04360956108239868,0.008624893613159657,128,32,32,32,64,1000,1.5355039999703877
diffuse,64,0.5,14,82a8db1d1a8818d5c70195f5dd662c8928cafd785f34afc6223fdd840b5afa83,lora,0.14941467920569376,,1024,0,64,64,64,1000,1.5126157919876277
diffuse,64,0.5,14,82a8db1d1a8818d5c70195f5dd662c8928cafd785f34afc6223fdd840b5afa83,compressed,0.024597231690780652,,128,0,64,64,64,1000,1.5693669720203616
diffuse,64,0.5,14,82a8db1d1a8818d5c70195f5dd662c8928cafd785f34afc6223fdd840b5afa83,random,0.019312051149496592,0.00689336471259594,128,64,64,64,64,1000,1.5867554459837265
diffuse,64,0.5,14,82a8db1d1a8818d5c70195f5dd662c8928cafd785f34afc6223fdd840b5afa83,gradient,0.04452321055447959,0.006847423035651445,128,64,64,64,64,1000,1.586841850017663
diffuse,64,0.5,14,82a8db1d1a8818d5c70195f5dd662c8928cafd785f34afc6223fdd840b5afa83,snip,0.042356956155497436,0.006775097921490669,128,64,64,64,64,1000,1.585194435028825
diffuse,64,0.5,14,82a8db1d1a8818d5c70195f5dd662c8928cafd785f34afc6223fdd840b5afa83,energy,0.018055649398384634,0.06854168325662613,128,64,64,64,64,1000,1.5855935590225272
diffuse,64,0.5,14,82a8db1d1a8818d5c70195f5dd662c8928cafd785f34afc6223fdd840b5afa83,snip_independent,0.028394274316577043,0.007736796513199806,128,32,32,64,64,1000,1.5858973729191348
diffuse,64,0.5,14,82a8db1d1a8818d5c70195f5dd662c8928cafd785f34afc6223fdd840b5afa83,snip_same_half,0.05473069478507871,0.010286295786499977,128,32,32,32,64,1000,1.5866156439878978
diffuse,64,0.5,15,82a8db1d1a8818d5c70195f5dd662c8928cafd785f34afc6223fdd840b5afa83,lora,0.14832719971409739,,1024,0,64,64,64,1000,1.4641136979917064
diffuse,64,0.5,15,82a8db1d1a8818d5c70195f5dd662c8928cafd785f34afc6223fdd840b5afa83,compressed,0.025176740111384502,,128,0,64,64,64,1000,1.517254316015169
diffuse,64,0.5,15,82a8db1d1a8818d5c70195f5dd662c8928cafd785f34afc6223fdd840b5afa83,random,0.018981192165645876,0.006458991672843695,128,64,64,64,64,1000,1.5335081279627047
diffuse,64,0.5,15,82a8db1d1a8818d5c70195f5dd662c8928cafd785f34afc6223fdd840b5afa83,gradient,0.04266272199059072,0.008513697423040867,128,64,64,64,64,1000,1.5333546500187367
diffuse,64,0.5,15,82a8db1d1a8818d5c70195f5dd662c8928cafd785f34afc6223fdd840b5afa83,snip,0.046208074734578636,0.008154243230819702,128,64,64,64,64,1000,1.5316928490065038
diffuse,64,0.5,15,82a8db1d1a8818d5c70195f5dd662c8928cafd785f34afc6223fdd840b5afa83,energy,0.018981357215575895,0.06854168325662613,128,64,64,64,64,1000,1.5319007089128718
diffuse,64,0.5,15,82a8db1d1a8818d5c70195f5dd662c8928cafd785f34afc6223fdd840b5afa83,snip_independent,0.02849067255563647,0.0059795081615448,128,32,32,64,64,1000,1.5338474630261771
diffuse,64,0.5,15,82a8db1d1a8818d5c70195f5dd662c8928cafd785f34afc6223fdd840b5afa83,snip_same_half,0.0469773129588685,0.00927648227661848,128,32,32,32,64,1000,1.5327244279906154
diffuse,64,0.5,16,82a8db1d1a8818d5c70195f5dd662c8928cafd785f34afc6223fdd840b5afa83,lora,0.16501249030012094,,1024,0,64,64,64,1000,1.5136644769809209
diffuse,64,0.5,16,82a8db1d1a8818d5c70195f5dd662c8928cafd785f34afc6223fdd840b5afa83,compressed,0.0214446068009157,,128,0,64,64,64,1000,1.5697135360096581
diffuse,64,0.5,16,82a8db1d1a8818d5c70195f5dd662c8928cafd785f34afc6223fdd840b5afa83,random,0.01849793244728623,0.007403349969536066,128,64,64,64,64,1000,1.5857123929890804
diffuse,64,0.5,16,82a8db1d1a8818d5c70195f5dd662c8928cafd785f34afc6223fdd840b5afa83,gradient,0.0440500637465976,0.00865881610661745,128,64,64,64,64,1000,1.583460664958693
diffuse,64,0.5,16,82a8db1d1a8818d5c70195f5dd662c8928cafd785f34afc6223fdd840b5afa83,snip,0.04251016740837857,0.007704421877861023,128,64,64,64,64,1000,1.5822106190025806
diffuse,64,0.5,16,82a8db1d1a8818d5c70195f5dd662c8928cafd785f34afc6223fdd840b5afa83,energy,0.020137926027333698,0.06854168325662613,128,64,64,64,64,1000,1.5820312980213203
diffuse,64,0.5,16,82a8db1d1a8818d5c70195f5dd662c8928cafd785f34afc6223fdd840b5afa83,snip_independent,0.028348020977849123,0.008458573371171951,128,32,32,64,64,1000,1.5842324609984644
diffuse,64,0.5,16,82a8db1d1a8818d5c70195f5dd662c8928cafd785f34afc6223fdd840b5afa83,snip_same_half,0.054842112414984226,0.010057194158434868,128,32,32,32,64,1000,1.585646944004111
diffuse,64,0.5,17,82a8db1d1a8818d5c70195f5dd662c8928cafd785f34afc6223fdd840b5afa83,lora,0.14640299163574877,,1024,0,64,64,64,1000,1.4653346709674224
diffuse,64,0.5,17,82a8db1d1a8818d5c70195f5dd662c8928cafd785f34afc6223fdd840b5afa83,compressed,0.023177008997046798,,128,0,64,64,64,1000,1.519255705003161
diffuse,64,0.5,17,82a8db1d1a8818d5c70195f5dd662c8928cafd785f34afc6223fdd840b5afa83,random,0.018746322525340066,0.0052443197928369045,128,64,64,64,64,1000,1.5359982119989581
diffuse,64,0.5,17,82a8db1d1a8818d5c70195f5dd662c8928cafd785f34afc6223fdd840b5afa83,gradient,0.03868084424803238,0.007725175470113754,128,64,64,64,64,1000,1.5336577349808067
diffuse,64,0.5,17,82a8db1d1a8818d5c70195f5dd662c8928cafd785f34afc6223fdd840b5afa83,snip,0.034716814378145555,0.008389107882976532,128,64,64,64,64,1000,1.5331622029771097
diffuse,64,0.5,17,82a8db1d1a8818d5c70195f5dd662c8928cafd785f34afc6223fdd840b5afa83,energy,0.01989208946820567,0.06854168325662613,128,64,64,64,64,1000,1.5346034559770487
diffuse,64,0.5,17,82a8db1d1a8818d5c70195f5dd662c8928cafd785f34afc6223fdd840b5afa83,snip_independent,0.02919490599783456,0.007708102464675903,128,32,32,64,64,1000,1.5361040620482527
diffuse,64,0.5,17,82a8db1d1a8818d5c70195f5dd662c8928cafd785f34afc6223fdd840b5afa83,snip_same_half,0.04944947807222214,0.007430175319314003,128,32,32,32,64,1000,1.530168336990755
diffuse,64,0.5,18,82a8db1d1a8818d5c70195f5dd662c8928cafd785f34afc6223fdd840b5afa83,lora,0.15702529949041633,,1024,0,64,64,64,1000,1.5154377670260146
diffuse,64,0.5,18,82a8db1d1a8818d5c70195f5dd662c8928cafd785f34afc6223fdd840b5afa83,compressed,0.027207762756457386,,128,0,64,64,64,1000,1.5720227030105889
diffuse,64,0.5,18,82a8db1d1a8818d5c70195f5dd662c8928cafd785f34afc6223fdd840b5afa83,random,0.01917744287725378,0.010075457394123077,128,64,64,64,64,1000,1.5870732489856891
diffuse,64,0.5,18,82a8db1d1a8818d5c70195f5dd662c8928cafd785f34afc6223fdd840b5afa83,gradient,0.04798460644992202,0.007823900319635868,128,64,64,64,64,1000,1.5860235519940034
diffuse,64,0.5,18,82a8db1d1a8818d5c70195f5dd662c8928cafd785f34afc6223fdd840b5afa83,snip,0.04838073338896066,0.009364035911858082,128,64,64,64,64,1000,1.584665304981172
diffuse,64,0.5,18,82a8db1d1a8818d5c70195f5dd662c8928cafd785f34afc6223fdd840b5afa83,energy,0.02246160711969985,0.06854168325662613,128,64,64,64,64,1000,1.585017441015225
diffuse,64,0.5,18,82a8db1d1a8818d5c70195f5dd662c8928cafd785f34afc6223fdd840b5afa83,snip_independent,0.03286241033714564,0.008189581334590912,128,32,32,64,64,1000,1.5884399079950526
diffuse,64,0.5,18,82a8db1d1a8818d5c70195f5dd662c8928cafd785f34afc6223fdd840b5afa83,snip_same_half,0.05211798140855721,0.008185888640582561,128,32,32,32,64,1000,1.5856835610466078
diffuse,64,0.5,19,82a8db1d1a8818d5c70195f5dd662c8928cafd785f34afc6223fdd840b5afa83,lora,0.12875616231730302,,1024,0,64,64,64,1000,1.4583946539787576
diffuse,64,0.5,19,82a8db1d1a8818d5c70195f5dd662c8928cafd785f34afc6223fdd840b5afa83,compressed,0.029248895352026422,,128,0,64,64,64,1000,1.5111624880228192
diffuse,64,0.5,19,82a8db1d1a8818d5c70195f5dd662c8928cafd785f34afc6223fdd840b5afa83,random,0.020507780149584258,0.005230120848864317,128,64,64,64,64,1000,1.5271608699695207
diffuse,64,0.5,19,82a8db1d1a8818d5c70195f5dd662c8928cafd785f34afc6223fdd840b5afa83,gradient,0.04208892001421749,0.006609645206481218,128,64,64,64,64,1000,1.5271954880445264
diffuse,64,0.5,19,82a8db1d1a8818d5c70195f5dd662c8928cafd785f34afc6223fdd840b5afa83,snip,0.044104251297090113,0.007766961120069027,128,64,64,64,64,1000,1.5255387019715272
diffuse,64,0.5,19,82a8db1d1a8818d5c70195f5dd662c8928cafd785f34afc6223fdd840b5afa83,energy,0.02035896499751963,0.06854168325662613,128,64,64,64,64,1000,1.5258634780184366
diffuse,64,0.5,19,82a8db1d1a8818d5c70195f5dd662c8928cafd785f34afc6223fdd840b5afa83,snip_independent,0.03195889800301569,0.007687211036682129,128,32,32,64,64,1000,1.52621335798176
diffuse,64,0.5,19,82a8db1d1a8818d5c70195f5dd662c8928cafd785f34afc6223fdd840b5afa83,snip_same_half,0.050191599135702654,0.006839991547167301,128,32,32,32,64,1000,1.525017375999596
diffuse,64,1.0,0,82a8db1d1a8818d5c70195f5dd662c8928cafd785f34afc6223fdd840b5afa83,lora,0.20644547694029855,,1024,0,64,64,64,1000,1.5128466250025667
diffuse,64,1.0,0,82a8db1d1a8818d5c70195f5dd662c8928cafd785f34afc6223fdd840b5afa83,compressed,0.03962070133276703,,128,0,64,64,64,1000,1.5689530819654465
diffuse,64,1.0,0,82a8db1d1a8818d5c70195f5dd662c8928cafd785f34afc6223fdd840b5afa83,random,0.02854861603126722,0.008456990122795105,128,64,64,64,64,1000,1.5849879860179499
diffuse,64,1.0,0,82a8db1d1a8818d5c70195f5dd662c8928cafd785f34afc6223fdd840b5afa83,gradient,0.08183578145395157,0.0074826800264418125,128,64,64,64,64,1000,1.5843075460288674
diffuse,64,1.0,0,82a8db1d1a8818d5c70195f5dd662c8928cafd785f34afc6223fdd840b5afa83,snip,0.07247949322604533,0.008103674277663231,128,64,64,64,64,1000,1.584314896084834
diffuse,64,1.0,0,82a8db1d1a8818d5c70195f5dd662c8928cafd785f34afc6223fdd840b5afa83,energy,0.03351877872206538,0.06854168325662613,128,64,64,64,64,1000,1.5840199700323865
diffuse,64,1.0,0,82a8db1d1a8818d5c70195f5dd662c8928cafd785f34afc6223fdd840b5afa83,snip_independent,0.03540901815801743,0.009601973928511143,128,32,32,64,64,1000,1.584998042031657
diffuse,64,1.0,0,82a8db1d1a8818d5c70195f5dd662c8928cafd785f34afc6223fdd840b5afa83,snip_same_half,0.07932393600340452,0.006240671966224909,128,32,32,32,64,1000,1.5849591360311024
diffuse,64,1.0,1,82a8db1d1a8818d5c70195f5dd662c8928cafd785f34afc6223fdd840b5afa83,lora,0.2188746965936065,,1024,0,64,64,64,1000,1.4598366220016032
diffuse,64,1.0,1,82a8db1d1a8818d5c70195f5dd662c8928cafd785f34afc6223fdd840b5afa83,compressed,0.04006556084452178,,128,0,64,64,64,1000,1.5107262799865566
diffuse,64,1.0,1,82a8db1d1a8818d5c70195f5dd662c8928cafd785f34afc6223fdd840b5afa83,random,0.030244869499597697,0.00818221177905798,128,64,64,64,64,1000,1.534298171987757
diffuse,64,1.0,1,82a8db1d1a8818d5c70195f5dd662c8928cafd785f34afc6223fdd840b5afa83,gradient,0.0898933523717422,0.007453933823853731,128,64,64,64,64,1000,1.5347133920295164
diffuse,64,1.0,1,82a8db1d1a8818d5c70195f5dd662c8928cafd785f34afc6223fdd840b5afa83,snip,0.08136264450460548,0.0075739528983831406,128,64,64,64,64,1000,1.533855581015814
diffuse,64,1.0,1,82a8db1d1a8818d5c70195f5dd662c8928cafd785f34afc6223fdd840b5afa83,energy,0.03548101440538655,0.06854168325662613,128,64,64,64,64,1000,1.5330026429728605
diffuse,64,1.0,1,82a8db1d1a8818d5c70195f5dd662c8928cafd785f34afc6223fdd840b5afa83,snip_independent,0.047292299876751216,0.006371821276843548,128,32,32,64,64,1000,1.533589581027627
diffuse,64,1.0,1,82a8db1d1a8818d5c70195f5dd662c8928cafd785f34afc6223fdd840b5afa83,snip_same_half,0.08544857711568954,0.006618925835937262,128,32,32,32,64,1000,1.5354455360211432
diffuse,64,1.0,2,82a8db1d1a8818d5c70195f5dd662c8928cafd785f34afc6223fdd840b5afa83,lora,0.21870999745944103,,1024,0,64,64,64,1000,1.5125570559757762
diffuse,64,1.0,2,82a8db1d1a8818d5c70195f5dd662c8928cafd785f34afc6223fdd840b5afa83,compressed,0.03789082514935193,,128,0,64,64,64,1000,1.5666717830463313
diffuse,64,1.0,2,82a8db1d1a8818d5c70195f5dd662c8928cafd785f34afc6223fdd840b5afa83,random,0.028782656579850463,0.011130019091069698,128,64,64,64,64,1000,1.5843170270090923
diffuse,64,1.0,2,82a8db1d1a8818d5c70195f5dd662c8928cafd785f34afc6223fdd840b5afa83,gradient,0.07597914650615957,0.00804014690220356,128,64,64,64,64,1000,1.5840609039878473
diffuse,64,1.0,2,82a8db1d1a8818d5c70195f5dd662c8928cafd785f34afc6223fdd840b5afa83,snip,0.07236341388195304,0.006957787089049816,128,64,64,64,64,1000,1.581792614015285
diffuse,64,1.0,2,82a8db1d1a8818d5c70195f5dd662c8928cafd785f34afc6223fdd840b5afa83,energy,0.032291761269462003,0.06854168325662613,128,64,64,64,64,1000,1.5833673849701881
diffuse,64,1.0,2,82a8db1d1a8818d5c70195f5dd662c8928cafd785f34afc6223fdd840b5afa83,snip_independent,0.04858346048059696,0.006982123013585806,128,32,32,64,64,1000,1.5850121340481564
diffuse,64,1.0,2,82a8db1d1a8818d5c70195f5dd662c8928cafd785f34afc6223fdd840b5afa83,snip_same_half,0.07826597828125638,0.00659527163952589,128,32,32,32,64,1000,1.5851882069837302
diffuse,64,1.0,3,82a8db1d1a8818d5c70195f5dd662c8928cafd785f34afc6223fdd840b5afa83,lora,0.22520533720534036,,1024,0,64,64,64,1000,1.4656499710399657
diffuse,64,1.0,3,82a8db1d1a8818d5c70195f5dd662c8928cafd785f34afc6223fdd840b5afa83,compressed,0.03827505665120228,,128,0,64,64,64,1000,1.5178634049952962
diffuse,64,1.0,3,82a8db1d1a8818d5c70195f5dd662c8928cafd785f34afc6223fdd840b5afa83,random,0.03000702787622994,0.011102141812443733,128,64,64,64,64,1000,1.5289191089686938
diffuse,64,1.0,3,82a8db1d1a8818d5c70195f5dd662c8928cafd785f34afc6223fdd840b5afa83,gradient,0.08138120949567856,0.006727349944412708,128,64,64,64,64,1000,1.5285876089474186
diffuse,64,1.0,3,82a8db1d1a8818d5c70195f5dd662c8928cafd785f34afc6223fdd840b5afa83,snip,0.0782113978333839,0.007271768059581518,128,64,64,64,64,1000,1.52683825296117
diffuse,64,1.0,3,82a8db1d1a8818d5c70195f5dd662c8928cafd785f34afc6223fdd840b5afa83,energy,0.03272713911474377,0.06854168325662613,128,64,64,64,64,1000,1.5274621889693663
diffuse,64,1.0,3,82a8db1d1a8818d5c70195f5dd662c8928cafd785f34afc6223fdd840b5afa83,snip_independent,0.04317008689799614,0.007063897326588631,128,32,32,64,64,1000,1.5278798749786802
diffuse,64,1.0,3,82a8db1d1a8818d5c70195f5dd662c8928cafd785f34afc6223fdd840b5afa83,snip_same_half,0.08798957597842451,0.00938801933079958,128,32,32,32,64,1000,1.5271017990307882
diffuse,64,1.0,4,82a8db1d1a8818d5c70195f5dd662c8928cafd785f34afc6223fdd840b5afa83,lora,0.26095809078553023,,1024,0,64,64,64,1000,1.5122331770253368
diffuse,64,1.0,4,82a8db1d1a8818d5c70195f5dd662c8928cafd785f34afc6223fdd840b5afa83,compressed,0.03968738353394352,,128,0,64,64,64,1000,1.5673202299512923
diffuse,64,1.0,4,82a8db1d1a8818d5c70195f5dd662c8928cafd785f34afc6223fdd840b5afa83,random,0.03005018596421731,0.006785748526453972,128,64,64,64,64,1000,1.5842559019802138
diffuse,64,1.0,4,82a8db1d1a8818d5c70195f5dd662c8928cafd785f34afc6223fdd840b5afa83,gradient,0.08099820325264631,0.008674046956002712,128,64,64,64,64,1000,1.5840443100314587
diffuse,64,1.0,4,82a8db1d1a8818d5c70195f5dd662c8928cafd785f34afc6223fdd840b5afa83,snip,0.07851846785723685,0.008328517898917198,128,64,64,64,64,1000,1.5821968209929764
diffuse,64,1.0,4,82a8db1d1a8818d5c70195f5dd662c8928cafd785f34afc6223fdd840b5afa83,energy,0.03129572558940296,0.06854168325662613,128,64,64,64,64,1000,1.5823411489836872
diffuse,64,1.0,4,82a8db1d1a8818d5c70195f5dd662c8928cafd785f34afc6223fdd840b5afa83,snip_independent,0.0485340565338165,0.007346628699451685,128,32,32,64,64,1000,1.5840747050242499
diffuse,64,1.0,4,82a8db1d1a8818d5c70195f5dd662c8928cafd785f34afc6223fdd840b5afa83,snip_same_half,0.08700907414793543,0.0073865861631929874,128,32,32,32,64,1000,1.5828979820362292
diffuse,64,1.0,5,82a8db1d1a8818d5c70195f5dd662c8928cafd785f34afc6223fdd840b5afa83,lora,0.2045917204232674,,1024,0,64,64,64,1000,1.4664885690435767
diffuse,64,1.0,5,82a8db1d1a8818d5c70195f5dd662c8928cafd785f34afc6223fdd840b5afa83,compressed,0.030305764505245365,,128,0,64,64,64,1000,1.513685452984646
diffuse,64,1.0,5,82a8db1d1a8818d5c70195f5dd662c8928cafd785f34afc6223fdd840b5afa83,random,0.03095565649300161,0.009861418046057224,128,64,64,64,64,1000,1.5261631580069661
diffuse,64,1.0,5,82a8db1d1a8818d5c70195f5dd662c8928cafd785f34afc6223fdd840b5afa83,gradient,0.08329597302681474,0.008347826078534126,128,64,64,64,64,1000,1.5257744670379907
diffuse,64,1.0,5,82a8db1d1a8818d5c70195f5dd662c8928cafd785f34afc6223fdd840b5afa83,snip,0.0744130354617025,0.006048022303730249,128,64,64,64,64,1000,1.5320545170106925
diffuse,64,1.0,5,82a8db1d1a8818d5c70195f5dd662c8928cafd785f34afc6223fdd840b5afa83,energy,0.03477586528021975,0.06854168325662613,128,64,64,64,64,1000,1.525000693043694
diffuse,64,1.0,5,82a8db1d1a8818d5c70195f5dd662c8928cafd785f34afc6223fdd840b5afa83,snip_independent,0.05084839631367648,0.007097977213561535,128,32,32,64,64,1000,1.525011878053192
diffuse,64,1.0,5,82a8db1d1a8818d5c70195f5dd662c8928cafd785f34afc6223fdd840b5afa83,snip_same_half,0.07639218269134451,0.009650332853198051,128,32,32,32,64,1000,1.5261915249866433
diffuse,64,1.0,6,82a8db1d1a8818d5c70195f5dd662c8928cafd785f34afc6223fdd840b5afa83,lora,0.19511139658031523,,1024,0,64,64,64,1000,1.5109131840290502
diffuse,64,1.0,6,82a8db1d1a8818d5c70195f5dd662c8928cafd785f34afc6223fdd840b5afa83,compressed,0.03674977321159377,,128,0,64,64,64,1000,1.5654404039960355
diffuse,64,1.0,6,82a8db1d1a8818d5c70195f5dd662c8928cafd785f34afc6223fdd840b5afa83,random,0.02780085820216601,0.009286529384553432,128,64,64,64,64,1000,1.5826577649568208
diffuse,64,1.0,6,82a8db1d1a8818d5c70195f5dd662c8928cafd785f34afc6223fdd840b5afa83,gradient,0.08700177521395411,0.006934742443263531,128,64,64,64,64,1000,1.5880088129779324
diffuse,64,1.0,6,82a8db1d1a8818d5c70195f5dd662c8928cafd785f34afc6223fdd840b5afa83,snip,0.07387064751925218,0.00916953943669796,128,64,64,64,64,1000,1.583461478992831
diffuse,64,1.0,6,82a8db1d1a8818d5c70195f5dd662c8928cafd785f34afc6223fdd840b5afa83,energy,0.02850224993626156,0.06854168325662613,128,64,64,64,64,1000,1.585019555001054
diffuse,64,1.0,6,82a8db1d1a8818d5c70195f5dd662c8928cafd785f34afc6223fdd840b5afa83,snip_independent,0.04678404474199423,0.009795025922358036,128,32,32,64,64,1000,1.5842307900311425
diffuse,64,1.0,6,82a8db1d1a8818d5c70195f5dd662c8928cafd785f34afc6223fdd840b5afa83,snip_same_half,0.08654076731096844,0.007144249510020018,128,32,32,32,64,1000,1.5861284090206027
diffuse,64,1.0,7,82a8db1d1a8818d5c70195f5dd662c8928cafd785f34afc6223fdd840b5afa83,lora,0.20838438795065173,,1024,0,64,64,64,1000,1.457990195020102
diffuse,64,1.0,7,82a8db1d1a8818d5c70195f5dd662c8928cafd785f34afc6223fdd840b5afa83,compressed,0.04296289506790221,,128,0,64,64,64,1000,1.5107305580168031
diffuse,64,1.0,7,82a8db1d1a8818d5c70195f5dd662c8928cafd785f34afc6223fdd840b5afa83,random,0.030102829283947603,0.008920916356146336,128,64,64,64,64,1000,1.532619383011479
diffuse,64,1.0,7,82a8db1d1a8818d5c70195f5dd662c8928cafd785f34afc6223fdd840b5afa83,gradient,0.0795626924364054,0.006394405383616686,128,64,64,64,64,1000,1.5368283989955671
diffuse,64,1.0,7,82a8db1d1a8818d5c70195f5dd662c8928cafd785f34afc6223fdd840b5afa83,snip,0.07777161913345093,0.007636344060301781,128,64,64,64,64,1000,1.5313386589987203
diffuse,64,1.0,7,82a8db1d1a8818d5c70195f5dd662c8928cafd785f34afc6223fdd840b5afa83,energy,0.03152821306021655,0.06854168325662613,128,64,64,64,64,1000,1.53503109497251
diffuse,64,1.0,7,82a8db1d1a8818d5c70195f5dd662c8928cafd785f34afc6223fdd840b5afa83,snip_independent,0.04653106246862698,0.0065409941598773,128,32,32,64,64,1000,1.531230481050443
diffuse,64,1.0,7,82a8db1d1a8818d5c70195f5dd662c8928cafd785f34afc6223fdd840b5afa83,snip_same_half,0.08105857045501637,0.007723003160208464,128,32,32,32,64,1000,1.5348117590183392
diffuse,64,1.0,8,82a8db1d1a8818d5c70195f5dd662c8928cafd785f34afc6223fdd840b5afa83,lora,0.22398492128549652,,1024,0,64,64,64,1000,1.5137492050416768
diffuse,64,1.0,8,82a8db1d1a8818d5c70195f5dd662c8928cafd785f34afc6223fdd840b5afa83,compressed,0.04058604047821679,,128,0,64,64,64,1000,1.568987291015219
diffuse,64,1.0,8,82a8db1d1a8818d5c70195f5dd662c8928cafd785f34afc6223fdd840b5afa83,random,0.027651641765919492,0.006998611614108086,128,64,64,64,64,1000,1.584570867009461
diffuse,64,1.0,8,82a8db1d1a8818d5c70195f5dd662c8928cafd785f34afc6223fdd840b5afa83,gradient,0.08671406511411622,0.008469028398394585,128,64,64,64,64,1000,1.5833338290103711
diffuse,64,1.0,8,82a8db1d1a8818d5c70195f5dd662c8928cafd785f34afc6223fdd840b5afa83,snip,0.08577630025205646,0.00871474388986826,128,64,64,64,64,1000,1.5838921480462886
diffuse,64,1.0,8,82a8db1d1a8818d5c70195f5dd662c8928cafd785f34afc6223fdd840b5afa83,energy,0.03161228386598728,0.06854168325662613,128,64,64,64,64,1000,1.5824378930265084
diffuse,64,1.0,8,82a8db1d1a8818d5c70195f5dd662c8928cafd785f34afc6223fdd840b5afa83,snip_independent,0.048944474142887204,0.0081053851172328,128,32,32,64,64,1000,1.5844976429943927
diffuse,64,1.0,8,82a8db1d1a8818d5c70195f5dd662c8928cafd785f34afc6223fdd840b5afa83,snip_same_half,0.0837382793400927,0.009655415080487728,128,32,32,32,64,1000,1.5846721479902044
diffuse,64,1.0,9,82a8db1d1a8818d5c70195f5dd662c8928cafd785f34afc6223fdd840b5afa83,lora,0.23078829912725327,,1024,0,64,64,64,1000,1.4659621869795956
diffuse,64,1.0,9,82a8db1d1a8818d5c70195f5dd662c8928cafd785f34afc6223fdd840b5afa83,compressed,0.03721809753603432,,128,0,64,64,64,1000,1.5196038429858163
diffuse,64,1.0,9,82a8db1d1a8818d5c70195f5dd662c8928cafd785f34afc6223fdd840b5afa83,random,0.029614929719034087,0.008659077808260918,128,64,64,64,64,1000,1.5360561930574477
diffuse,64,1.0,9,82a8db1d1a8818d5c70195f5dd662c8928cafd785f34afc6223fdd840b5afa83,gradient,0.085822951117399,0.007565269712358713,128,64,64,64,64,1000,1.535572179069277
diffuse,64,1.0,9,82a8db1d1a8818d5c70195f5dd662c8928cafd785f34afc6223fdd840b5afa83,snip,0.07750913928535808,0.008992149494588375,128,64,64,64,64,1000,1.5341094730538316
diffuse,64,1.0,9,82a8db1d1a8818d5c70195f5dd662c8928cafd785f34afc6223fdd840b5afa83,energy,0.027038782561076155,0.06854168325662613,128,64,64,64,64,1000,1.5344706950127147
diffuse,64,1.0,9,82a8db1d1a8818d5c70195f5dd662c8928cafd785f34afc6223fdd840b5afa83,snip_independent,0.045728054319580894,0.009085035882890224,128,32,32,64,64,1000,1.5350534820463508
diffuse,64,1.0,9,82a8db1d1a8818d5c70195f5dd662c8928cafd785f34afc6223fdd840b5afa83,snip_same_half,0.08116070324892709,0.007200268097221851,128,32,32,32,64,1000,1.5342663959600031
diffuse,64,1.0,10,82a8db1d1a8818d5c70195f5dd662c8928cafd785f34afc6223fdd840b5afa83,lora,0.23584388048712163,,1024,0,64,64,64,1000,1.514478343015071
diffuse,64,1.0,10,82a8db1d1a8818d5c70195f5dd662c8928cafd785f34afc6223fdd840b5afa83,compressed,0.039157561725248036,,128,0,64,64,64,1000,1.5705480029573664
diffuse,64,1.0,10,82a8db1d1a8818d5c70195f5dd662c8928cafd785f34afc6223fdd840b5afa83,random,0.03245283925925316,0.007531636394560337,128,64,64,64,64,1000,1.5876003940356895
diffuse,64,1.0,10,82a8db1d1a8818d5c70195f5dd662c8928cafd785f34afc6223fdd840b5afa83,gradient,0.08001924204148593,0.007589619141072035,128,64,64,64,64,1000,1.5864335619844496
diffuse,64,1.0,10,82a8db1d1a8818d5c70195f5dd662c8928cafd785f34afc6223fdd840b5afa83,snip,0.0785949762935122,0.007900399155914783,128,64,64,64,64,1000,1.58592389797559
diffuse,64,1.0,10,82a8db1d1a8818d5c70195f5dd662c8928cafd785f34afc6223fdd840b5afa83,energy,0.027530336162457737,0.06854168325662613,128,64,64,64,64,1000,1.5849086050293408
diffuse,64,1.0,10,82a8db1d1a8818d5c70195f5dd662c8928cafd785f34afc6223fdd840b5afa83,snip_independent,0.04500743914716754,0.007606674451380968,128,32,32,64,64,1000,1.5864754309295677
diffuse,64,1.0,10,82a8db1d1a8818d5c70195f5dd662c8928cafd785f34afc6223fdd840b5afa83,snip_same_half,0.08048699600714254,0.007427970413118601,128,32,32,32,64,1000,1.5854501359863207
diffuse,64,1.0,11,82a8db1d1a8818d5c70195f5dd662c8928cafd785f34afc6223fdd840b5afa83,lora,0.20773609732607923,,1024,0,64,64,64,1000,1.468133034009952
diffuse,64,1.0,11,82a8db1d1a8818d5c70195f5dd662c8928cafd785f34afc6223fdd840b5afa83,compressed,0.0373265128756795,,128,0,64,64,64,1000,1.5174916380201466
diffuse,64,1.0,11,82a8db1d1a8818d5c70195f5dd662c8928cafd785f34afc6223fdd840b5afa83,random,0.02535835486783094,0.005783206317573786,128,64,64,64,64,1000,1.5369297500001267
diffuse,64,1.0,11,82a8db1d1a8818d5c70195f5dd662c8928cafd785f34afc6223fdd840b5afa83,gradient,0.07634704489290436,0.006219108123332262,128,64,64,64,64,1000,1.5337411199579947
diffuse,64,1.0,11,82a8db1d1a8818d5c70195f5dd662c8928cafd785f34afc6223fdd840b5afa83,snip,0.0658212503220113,0.006080201826989651,128,64,64,64,64,1000,1.532745182979852
diffuse,64,1.0,11,82a8db1d1a8818d5c70195f5dd662c8928cafd785f34afc6223fdd840b5afa83,energy,0.02295496418289459,0.06854168325662613,128,64,64,64,64,1000,1.53299271594733
diffuse,64,1.0,11,82a8db1d1a8818d5c70195f5dd662c8928cafd785f34afc6223fdd840b5afa83,snip_independent,0.037496353272462216,0.007377018220722675,128,32,32,64,64,1000,1.5336816809722222
diffuse,64,1.0,11,82a8db1d1a8818d5c70195f5dd662c8928cafd785f34afc6223fdd840b5afa83,snip_same_half,0.08160240801779368,0.004695616662502289,128,32,32,32,64,1000,1.533248248975724
diffuse,64,1.0,12,82a8db1d1a8818d5c70195f5dd662c8928cafd785f34afc6223fdd840b5afa83,lora,0.20521177832467524,,1024,0,64,64,64,1000,1.5117434060084634
diffuse,64,1.0,12,82a8db1d1a8818d5c70195f5dd662c8928cafd785f34afc6223fdd840b5afa83,compressed,0.033619655427521405,,128,0,64,64,64,1000,1.5680747900041752
diffuse,64,1.0,12,82a8db1d1a8818d5c70195f5dd662c8928cafd785f34afc6223fdd840b5afa83,random,0.027002876727134403,0.007643258199095726,128,64,64,64,64,1000,1.5842907130136155
diffuse,64,1.0,12,82a8db1d1a8818d5c70195f5dd662c8928cafd785f34afc6223fdd840b5afa83,gradient,0.07665092084777733,0.006107201799750328,128,64,64,64,64,1000,1.584266945021227
diffuse,64,1.0,12,82a8db1d1a8818d5c70195f5dd662c8928cafd785f34afc6223fdd840b5afa83,snip,0.06732277726852556,0.007332678884267807,128,64,64,64,64,1000,1.5826943600550294
diffuse,64,1.0,12,82a8db1d1a8818d5c70195f5dd662c8928cafd785f34afc6223fdd840b5afa83,energy,0.02800410963648193,0.06854168325662613,128,64,64,64,64,1000,1.584145421977155
diffuse,64,1.0,12,82a8db1d1a8818d5c70195f5dd662c8928cafd785f34afc6223fdd840b5afa83,snip_independent,0.044149780519882206,0.010143646970391273,128,32,32,64,64,1000,1.5846669909660704
diffuse,64,1.0,12,82a8db1d1a8818d5c70195f5dd662c8928cafd785f34afc6223fdd840b5afa83,snip_same_half,0.08737163677559345,0.007299846038222313,128,32,32,32,64,1000,1.584488168999087
diffuse,64,1.0,13,82a8db1d1a8818d5c70195f5dd662c8928cafd785f34afc6223fdd840b5afa83,lora,0.18891626028841246,,1024,0,64,64,64,1000,1.4663238960201852
diffuse,64,1.0,13,82a8db1d1a8818d5c70195f5dd662c8928cafd785f34afc6223fdd840b5afa83,compressed,0.040325170569049267,,128,0,64,64,64,1000,1.5191522859968245
diffuse,64,1.0,13,82a8db1d1a8818d5c70195f5dd662c8928cafd785f34afc6223fdd840b5afa83,random,0.02989475273060802,0.00596801470965147,128,64,64,64,64,1000,1.5350190879544243
diffuse,64,1.0,13,82a8db1d1a8818d5c70195f5dd662c8928cafd785f34afc6223fdd840b5afa83,gradient,0.08353552009895168,0.008441241458058357,128,64,64,64,64,1000,1.533698216022458
diffuse,64,1.0,13,82a8db1d1a8818d5c70195f5dd662c8928cafd785f34afc6223fdd840b5afa83,snip,0.07785897402706488,0.009008034132421017,128,64,64,64,64,1000,1.534964214952197
diffuse,64,1.0,13,82a8db1d1a8818d5c70195f5dd662c8928cafd785f34afc6223fdd840b5afa83,energy,0.02953528654832681,0.06854168325662613,128,64,64,64,64,1000,1.5331080729956739
diffuse,64,1.0,13,82a8db1d1a8818d5c70195f5dd662c8928cafd785f34afc6223fdd840b5afa83,snip_independent,0.04550411580224191,0.007165682967752218,128,32,32,64,64,1000,1.5328438049764372
diffuse,64,1.0,13,82a8db1d1a8818d5c70195f5dd662c8928cafd785f34afc6223fdd840b5afa83,snip_same_half,0.07477333174859563,0.00932352151721716,128,32,32,32,64,1000,1.5343611320131458
diffuse,64,1.0,14,82a8db1d1a8818d5c70195f5dd662c8928cafd785f34afc6223fdd840b5afa83,lora,0.21720852126725218,,1024,0,64,64,64,1000,1.5112199559807777
diffuse,64,1.0,14,82a8db1d1a8818d5c70195f5dd662c8928cafd785f34afc6223fdd840b5afa83,compressed,0.03834693543170045,,128,0,64,64,64,1000,1.5686931500094943
diffuse,64,1.0,14,82a8db1d1a8818d5c70195f5dd662c8928cafd785f34afc6223fdd840b5afa83,random,0.029508253232120384,0.00689336471259594,128,64,64,64,64,1000,1.5850171640631743
diffuse,64,1.0,14,82a8db1d1a8818d5c70195f5dd662c8928cafd785f34afc6223fdd840b5afa83,gradient,0.08091757727094859,0.005918100941926241,128,64,64,64,64,1000,1.5849039300810546
diffuse,64,1.0,14,82a8db1d1a8818d5c70195f5dd662c8928cafd785f34afc6223fdd840b5afa83,snip,0.07892889633869002,0.006902460008859634,128,64,64,64,64,1000,1.5827733880723827
diffuse,64,1.0,14,82a8db1d1a8818d5c70195f5dd662c8928cafd785f34afc6223fdd840b5afa83,energy,0.027766842635078455,0.06854168325662613,128,64,64,64,64,1000,1.5822939300560392
diffuse,64,1.0,14,82a8db1d1a8818d5c70195f5dd662c8928cafd785f34afc6223fdd840b5afa83,snip_independent,0.0416512446723207,0.007601498160511255,128,32,32,64,64,1000,1.5839025970199145
diffuse,64,1.0,14,82a8db1d1a8818d5c70195f5dd662c8928cafd785f34afc6223fdd840b5afa83,snip_same_half,0.08947496294879673,0.010710162110626698,128,32,32,32,64,1000,1.584695560974069
diffuse,64,1.0,15,82a8db1d1a8818d5c70195f5dd662c8928cafd785f34afc6223fdd840b5afa83,lora,0.19895179893109088,,1024,0,64,64,64,1000,1.4674006730201654
diffuse,64,1.0,15,82a8db1d1a8818d5c70195f5dd662c8928cafd785f34afc6223fdd840b5afa83,compressed,0.03909402989796708,,128,0,64,64,64,1000,1.5192136169644073
diffuse,64,1.0,15,82a8db1d1a8818d5c70195f5dd662c8928cafd785f34afc6223fdd840b5afa83,random,0.0298464342883012,0.006458991672843695,128,64,64,64,64,1000,1.535588140017353
diffuse,64,1.0,15,82a8db1d1a8818d5c70195f5dd662c8928cafd785f34afc6223fdd840b5afa83,gradient,0.08009919597045188,0.007827459834516048,128,64,64,64,64,1000,1.53584722999949
diffuse,64,1.0,15,82a8db1d1a8818d5c70195f5dd662c8928cafd785f34afc6223fdd840b5afa83,snip,0.07636575603346239,0.008561404421925545,128,64,64,64,64,1000,1.532586489978712
diffuse,64,1.0,15,82a8db1d1a8818d5c70195f5dd662c8928cafd785f34afc6223fdd840b5afa83,energy,0.03082352778687558,0.06854168325662613,128,64,64,64,64,1000,1.527677257952746
diffuse,64,1.0,15,82a8db1d1a8818d5c70195f5dd662c8928cafd785f34afc6223fdd840b5afa83,snip_independent,0.041596631672150386,0.0059699369594454765,128,32,32,64,64,1000,1.527099511004053
diffuse,64,1.0,15,82a8db1d1a8818d5c70195f5dd662c8928cafd785f34afc6223fdd840b5afa83,snip_same_half,0.07986755772445173,0.00868997909128666,128,32,32,32,64,1000,1.527106239052955
diffuse,64,1.0,16,82a8db1d1a8818d5c70195f5dd662c8928cafd785f34afc6223fdd840b5afa83,lora,0.24894352420035487,,1024,0,64,64,64,1000,1.5154577780049294
diffuse,64,1.0,16,82a8db1d1a8818d5c70195f5dd662c8928cafd785f34afc6223fdd840b5afa83,compressed,0.035834883518474275,,128,0,64,64,64,1000,1.5700509040034376
diffuse,64,1.0,16,82a8db1d1a8818d5c70195f5dd662c8928cafd785f34afc6223fdd840b5afa83,random,0.029877889109049167,0.007403349969536066,128,64,64,64,64,1000,1.5862507430138066
diffuse,64,1.0,16,82a8db1d1a8818d5c70195f5dd662c8928cafd785f34afc6223fdd840b5afa83,gradient,0.08252726573118759,0.007234346121549606,128,64,64,64,64,1000,1.5860317299957387
diffuse,64,1.0,16,82a8db1d1a8818d5c70195f5dd662c8928cafd785f34afc6223fdd840b5afa83,snip,0.07555129447081879,0.007350294850766659,128,64,64,64,64,1000,1.585399931005668
diffuse,64,1.0,16,82a8db1d1a8818d5c70195f5dd662c8928cafd785f34afc6223fdd840b5afa83,energy,0.032517344904931765,0.06854168325662613,128,64,64,64,64,1000,1.5848044849699363
diffuse,64,1.0,16,82a8db1d1a8818d5c70195f5dd662c8928cafd785f34afc6223fdd840b5afa83,snip_independent,0.04008561469441844,0.007849588990211487,128,32,32,64,64,1000,1.5862215289962478
diffuse,64,1.0,16,82a8db1d1a8818d5c70195f5dd662c8928cafd785f34afc6223fdd840b5afa83,snip_same_half,0.0883845629037295,0.009192628785967827,128,32,32,32,64,1000,1.5856407250394113
diffuse,64,1.0,17,82a8db1d1a8818d5c70195f5dd662c8928cafd785f34afc6223fdd840b5afa83,lora,0.21203047682135986,,1024,0,64,64,64,1000,1.4685414609848522
diffuse,64,1.0,17,82a8db1d1a8818d5c70195f5dd662c8928cafd785f34afc6223fdd840b5afa83,compressed,0.03821887372703192,,128,0,64,64,64,1000,1.519737857975997
diffuse,64,1.0,17,82a8db1d1a8818d5c70195f5dd662c8928cafd785f34afc6223fdd840b5afa83,random,0.02856584961959734,0.0052443197928369045,128,64,64,64,64,1000,1.536261611036025
diffuse,64,1.0,17,82a8db1d1a8818d5c70195f5dd662c8928cafd785f34afc6223fdd840b5afa83,gradient,0.07687521746752665,0.007729558739811182,128,64,64,64,64,1000,1.5349631050485186
diffuse,64,1.0,17,82a8db1d1a8818d5c70195f5dd662c8928cafd785f34afc6223fdd840b5afa83,snip,0.06596806326104153,0.0074393549002707005,128,64,64,64,64,1000,1.5344901860225946
diffuse,64,1.0,17,82a8db1d1a8818d5c70195f5dd662c8928cafd785f34afc6223fdd840b5afa83,energy,0.03259505779923029,0.06854168325662613,128,64,64,64,64,1000,1.5281265579978935
diffuse,64,1.0,17,82a8db1d1a8818d5c70195f5dd662c8928cafd785f34afc6223fdd840b5afa83,snip_independent,0.04220573090840987,0.007835213094949722,128,32,32,64,64,1000,1.527626605995465
diffuse,64,1.0,17,82a8db1d1a8818d5c70195f5dd662c8928cafd785f34afc6223fdd840b5afa83,snip_same_half,0.07579922578011611,0.007356768473982811,128,32,32,32,64,1000,1.5279297590604983
diffuse,64,1.0,18,82a8db1d1a8818d5c70195f5dd662c8928cafd785f34afc6223fdd840b5afa83,lora,0.26054285934100546,,1024,0,64,64,64,1000,1.514042488008272
diffuse,64,1.0,18,82a8db1d1a8818d5c70195f5dd662c8928cafd785f34afc6223fdd840b5afa83,compressed,0.04281887168807938,,128,0,64,64,64,1000,1.5675601310213096
diffuse,64,1.0,18,82a8db1d1a8818d5c70195f5dd662c8928cafd785f34afc6223fdd840b5afa83,random,0.029231451026655496,0.010075457394123077,128,64,64,64,64,1000,1.5847193379886448
diffuse,64,1.0,18,82a8db1d1a8818d5c70195f5dd662c8928cafd785f34afc6223fdd840b5afa83,gradient,0.09069713180789352,0.007198703475296497,128,64,64,64,64,1000,1.5854350709705614
diffuse,64,1.0,18,82a8db1d1a8818d5c70195f5dd662c8928cafd785f34afc6223fdd840b5afa83,snip,0.08781444891449887,0.009248625487089157,128,64,64,64,64,1000,1.5826703929924406
diffuse,64,1.0,18,82a8db1d1a8818d5c70195f5dd662c8928cafd785f34afc6223fdd840b5afa83,energy,0.03513653569601703,0.06854168325662613,128,64,64,64,64,1000,1.5836191169801168
diffuse,64,1.0,18,82a8db1d1a8818d5c70195f5dd662c8928cafd785f34afc6223fdd840b5afa83,snip_independent,0.05076149638071023,0.007300655357539654,128,32,32,64,64,1000,1.5842353440239094
diffuse,64,1.0,18,82a8db1d1a8818d5c70195f5dd662c8928cafd785f34afc6223fdd840b5afa83,snip_same_half,0.0847226024234494,0.008002718910574913,128,32,32,32,64,1000,1.5857045460725203
diffuse,64,1.0,19,82a8db1d1a8818d5c70195f5dd662c8928cafd785f34afc6223fdd840b5afa83,lora,0.21899761971418502,,1024,0,64,64,64,1000,1.458268245041836
diffuse,64,1.0,19,82a8db1d1a8818d5c70195f5dd662c8928cafd785f34afc6223fdd840b5afa83,compressed,0.045733369913575586,,128,0,64,64,64,1000,1.5103974980302155
diffuse,64,1.0,19,82a8db1d1a8818d5c70195f5dd662c8928cafd785f34afc6223fdd840b5afa83,random,0.03203363036362146,0.005230120848864317,128,64,64,64,64,1000,1.5262257430003956
diffuse,64,1.0,19,82a8db1d1a8818d5c70195f5dd662c8928cafd785f34afc6223fdd840b5afa83,gradient,0.08776280616405557,0.007008192595094442,128,64,64,64,64,1000,1.525635149970185
diffuse,64,1.0,19,82a8db1d1a8818d5c70195f5dd662c8928cafd785f34afc6223fdd840b5afa83,snip,0.07945515045612345,0.007844844833016396,128,64,64,64,64,1000,1.5264483700157143
diffuse,64,1.0,19,82a8db1d1a8818d5c70195f5dd662c8928cafd785f34afc6223fdd840b5afa83,energy,0.033714814822730414,0.06854168325662613,128,64,64,64,64,1000,1.5264475789736025
diffuse,64,1.0,19,82a8db1d1a8818d5c70195f5dd662c8928cafd785f34afc6223fdd840b5afa83,snip_independent,0.05125289707761074,0.0085610281676054,128,32,32,64,64,1000,1.5260943099856377
diffuse,64,1.0,19,82a8db1d1a8818d5c70195f5dd662c8928cafd785f34afc6223fdd840b5afa83,snip_same_half,0.08025731208448092,0.006461658515036106,128,32,32,32,64,1000,1.5260777130024508
diffuse,256,0.25,0,82a8db1d1a8818d5c70195f5dd662c8928cafd785f34afc6223fdd840b5afa83,lora,0.03481217333425157,,1024,0,256,256,256,1000,1.5153601469937712
diffuse,256,0.25,0,82a8db1d1a8818d5c70195f5dd662c8928cafd785f34afc6223fdd840b5afa83,compressed,0.005116138870861179,,128,0,256,256,256,1000,1.5688178839627653
diffuse,256,0.25,0,82a8db1d1a8818d5c70195f5dd662c8928cafd785f34afc6223fdd840b5afa83,random,0.004971488452911208,0.008456990122795105,128,256,256,256,256,1000,1.5833374029607512
diffuse,256,0.25,0,82a8db1d1a8818d5c70195f5dd662c8928cafd785f34afc6223fdd840b5afa83,gradient,0.006650845686394553,0.010891064070165157,128,256,256,256,256,1000,1.5824119389872067
diffuse,256,0.25,0,82a8db1d1a8818d5c70195f5dd662c8928cafd785f34afc6223fdd840b5afa83,snip,0.0063358863087066945,0.008543739095330238,128,256,256,256,256,1000,1.582730513997376
diffuse,256,0.25,0,82a8db1d1a8818d5c70195f5dd662c8928cafd785f34afc6223fdd840b5afa83,energy,0.004448225025314105,0.06854168325662613,128,256,256,256,256,1000,1.583904544939287
diffuse,256,0.25,0,82a8db1d1a8818d5c70195f5dd662c8928cafd785f34afc6223fdd840b5afa83,snip_independent,0.006333915264694529,0.013151925057172775,128,128,128,256,256,1000,1.5811847409931943
diffuse,256,0.25,0,82a8db1d1a8818d5c70195f5dd662c8928cafd785f34afc6223fdd840b5afa83,snip_same_half,0.009431292640165255,0.009999167174100876,128,128,128,128,256,1000,1.5845353519544005
diffuse,256,0.25,1,82a8db1d1a8818d5c70195f5dd662c8928cafd785f34afc6223fdd840b5afa83,lora,0.03768785956503075,,1024,0,256,256,256,1000,1.4621350649977103
diffuse,256,0.25,1,82a8db1d1a8818d5c70195f5dd662c8928cafd785f34afc6223fdd840b5afa83,compressed,0.0050087510872196695,,128,0,256,256,256,1000,1.510561236005742
diffuse,256,0.25,1,82a8db1d1a8818d5c70195f5dd662c8928cafd785f34afc6223fdd840b5afa83,random,0.0050034648376567235,0.008182210847735405,128,256,256,256,256,1000,1.527681217994541
diffuse,256,0.25,1,82a8db1d1a8818d5c70195f5dd662c8928cafd785f34afc6223fdd840b5afa83,gradient,0.007142806301902286,0.010026456788182259,128,256,256,256,256,1000,1.5262156259268522
diffuse,256,0.25,1,82a8db1d1a8818d5c70195f5dd662c8928cafd785f34afc6223fdd840b5afa83,snip,0.005749902917949983,0.008977723307907581,128,256,256,256,256,1000,1.5274286769563332
diffuse,256,0.25,1,82a8db1d1a8818d5c70195f5dd662c8928cafd785f34afc6223fdd840b5afa83,energy,0.004801840774821587,0.06854168325662613,128,256,256,256,256,1000,1.5275182839250192
diffuse,256,0.25,1,82a8db1d1a8818d5c70195f5dd662c8928cafd785f34afc6223fdd840b5afa83,snip_independent,0.006650270607241253,0.0091540003195405,128,128,128,256,256,1000,1.5272231900016777
diffuse,256,0.25,1,82a8db1d1a8818d5c70195f5dd662c8928cafd785f34afc6223fdd840b5afa83,snip_same_half,0.011066826729237323,0.008506245911121368,128,128,128,128,256,1000,1.5325958129833452
diffuse,256,0.25,2,82a8db1d1a8818d5c70195f5dd662c8928cafd785f34afc6223fdd840b5afa83,lora,0.03655274250824407,,1024,0,256,256,256,1000,1.5137555680121295
diffuse,256,0.25,2,82a8db1d1a8818d5c70195f5dd662c8928cafd785f34afc6223fdd840b5afa83,compressed,0.004813269215758777,,128,0,256,256,256,1000,1.5650951309944503
diffuse,256,0.25,2,82a8db1d1a8818d5c70195f5dd662c8928cafd785f34afc6223fdd840b5afa83,random,0.004741167657792639,0.011130019091069698,128,256,256,256,256,1000,1.5807487060665153
diffuse,256,0.25,2,82a8db1d1a8818d5c70195f5dd662c8928cafd785f34afc6223fdd840b5afa83,gradient,0.007317036833181373,0.011336734518408775,128,256,256,256,256,1000,1.5805894240620546
diffuse,256,0.25,2,82a8db1d1a8818d5c70195f5dd662c8928cafd785f34afc6223fdd840b5afa83,snip,0.007053598857247558,0.008915924467146397,128,256,256,256,256,1000,1.580551354039926
diffuse,256,0.25,2,82a8db1d1a8818d5c70195f5dd662c8928cafd785f34afc6223fdd840b5afa83,energy,0.004599223423728498,0.06854168325662613,128,256,256,256,256,1000,1.583097153052222
diffuse,256,0.25,2,82a8db1d1a8818d5c70195f5dd662c8928cafd785f34afc6223fdd840b5afa83,snip_independent,0.005583971891693993,0.005829323083162308,128,128,128,256,256,1000,1.5812393269734457
diffuse,256,0.25,2,82a8db1d1a8818d5c70195f5dd662c8928cafd785f34afc6223fdd840b5afa83,snip_same_half,0.009446443433139644,0.009596344083547592,128,128,128,128,256,1000,1.5837491799611598
diffuse,256,0.25,3,82a8db1d1a8818d5c70195f5dd662c8928cafd785f34afc6223fdd840b5afa83,lora,0.036904307202641054,,1024,0,256,256,256,1000,1.4634590669884346
diffuse,256,0.25,3,82a8db1d1a8818d5c70195f5dd662c8928cafd785f34afc6223fdd840b5afa83,compressed,0.005204998248124874,,128,0,256,256,256,1000,1.5125381909892894
diffuse,256,0.25,3,82a8db1d1a8818d5c70195f5dd662c8928cafd785f34afc6223fdd840b5afa83,random,0.004798916618549713,0.011102141812443733,128,256,256,256,256,1000,1.5271217490080744
diffuse,256,0.25,3,82a8db1d1a8818d5c70195f5dd662c8928cafd785f34afc6223fdd840b5afa83,gradient,0.006859563118921091,0.009836221113801003,128,256,256,256,256,1000,1.5288504890631884
diffuse,256,0.25,3,82a8db1d1a8818d5c70195f5dd662c8928cafd785f34afc6223fdd840b5afa83,snip,0.0066395453769831,0.00800453033298254,128,256,256,256,256,1000,1.535213700029999
diffuse,256,0.25,3,82a8db1d1a8818d5c70195f5dd662c8928cafd785f34afc6223fdd840b5afa83,energy,0.004840054143183293,0.06854168325662613,128,256,256,256,256,1000,1.5361793960328214
diffuse,256,0.25,3,82a8db1d1a8818d5c70195f5dd662c8928cafd785f34afc6223fdd840b5afa83,snip_independent,0.007080813594051516,0.010432331822812557,128,128,128,256,256,1000,1.532374733069446
diffuse,256,0.25,3,82a8db1d1a8818d5c70195f5dd662c8928cafd785f34afc6223fdd840b5afa83,snip_same_half,0.009464726651552253,0.006902986206114292,128,128,128,128,256,1000,1.5333123930031434
diffuse,256,0.25,4,82a8db1d1a8818d5c70195f5dd662c8928cafd785f34afc6223fdd840b5afa83,lora,0.039105880044253034,,1024,0,256,256,256,1000,1.508560860005673
diffuse,256,0.25,4,82a8db1d1a8818d5c70195f5dd662c8928cafd785f34afc6223fdd840b5afa83,compressed,0.004714551938603026,,128,0,256,256,256,1000,1.5642463150434196
diffuse,256,0.25,4,82a8db1d1a8818d5c70195f5dd662c8928cafd785f34afc6223fdd840b5afa83,random,0.0044974715531753365,0.006785748526453972,128,256,256,256,256,1000,1.5802463290165178
diffuse,256,0.25,4,82a8db1d1a8818d5c70195f5dd662c8928cafd785f34afc6223fdd840b5afa83,gradient,0.006841949264851514,0.011174948886036873,128,256,256,256,256,1000,1.5849769370397553
diffuse,256,0.25,4,82a8db1d1a8818d5c70195f5dd662c8928cafd785f34afc6223fdd840b5afa83,snip,0.00594123172989576,0.008528472855687141,128,256,256,256,256,1000,1.5808880410040729
diffuse,256,0.25,4,82a8db1d1a8818d5c70195f5dd662c8928cafd785f34afc6223fdd840b5afa83,energy,0.00408706406262886,0.06854168325662613,128,256,256,256,256,1000,1.5830772600020282
diffuse,256,0.25,4,82a8db1d1a8818d5c70195f5dd662c8928cafd785f34afc6223fdd840b5afa83,snip_independent,0.007069580100514583,0.00820187758654356,128,128,128,256,256,1000,1.578911554068327
diffuse,256,0.25,4,82a8db1d1a8818d5c70195f5dd662c8928cafd785f34afc6223fdd840b5afa83,snip_same_half,0.010813613175553367,0.009092889726161957,128,128,128,128,256,1000,1.5851606680080295
diffuse,256,0.25,5,82a8db1d1a8818d5c70195f5dd662c8928cafd785f34afc6223fdd840b5afa83,lora,0.03535018664079059,,1024,0,256,256,256,1000,1.470256781030912
diffuse,256,0.25,5,82a8db1d1a8818d5c70195f5dd662c8928cafd785f34afc6223fdd840b5afa83,compressed,0.004885858735464976,,128,0,256,256,256,1000,1.5207843599491753
diffuse,256,0.25,5,82a8db1d1a8818d5c70195f5dd662c8928cafd785f34afc6223fdd840b5afa83,random,0.004768782304450618,0.009861418046057224,128,256,256,256,256,1000,1.5361942499876022
diffuse,256,0.25,5,82a8db1d1a8818d5c70195f5dd662c8928cafd785f34afc6223fdd840b5afa83,gradient,0.006664762042415292,0.01205468364059925,128,256,256,256,256,1000,1.539584919984918
diffuse,256,0.25,5,82a8db1d1a8818d5c70195f5dd662c8928cafd785f34afc6223fdd840b5afa83,snip,0.0066802366721678795,0.008596078492701054,128,256,256,256,256,1000,1.5350888899411075
diffuse,256,0.25,5,82a8db1d1a8818d5c70195f5dd662c8928cafd785f34afc6223fdd840b5afa83,energy,0.004639227891449658,0.06854168325662613,128,256,256,256,256,1000,1.5381826979573816
diffuse,256,0.25,5,82a8db1d1a8818d5c70195f5dd662c8928cafd785f34afc6223fdd840b5afa83,snip_independent,0.0070224232137547395,0.00815696083009243,128,128,128,256,256,1000,1.534475716005545
diffuse,256,0.25,5,82a8db1d1a8818d5c70195f5dd662c8928cafd785f34afc6223fdd840b5afa83,snip_same_half,0.010938721430409864,0.009169685654342175,128,128,128,128,256,1000,1.537005897029303
diffuse,256,0.25,6,82a8db1d1a8818d5c70195f5dd662c8928cafd785f34afc6223fdd840b5afa83,lora,0.037617033920028305,,1024,0,256,256,256,1000,1.5151590760215186
diffuse,256,0.25,6,82a8db1d1a8818d5c70195f5dd662c8928cafd785f34afc6223fdd840b5afa83,compressed,0.004622186831611094,,128,0,256,256,256,1000,1.5688629500218667
diffuse,256,0.25,6,82a8db1d1a8818d5c70195f5dd662c8928cafd785f34afc6223fdd840b5afa83,random,0.0045333353960207235,0.009286529384553432,128,256,256,256,256,1000,1.5832253539701924
diffuse,256,0.25,6,82a8db1d1a8818d5c70195f5dd662c8928cafd785f34afc6223fdd840b5afa83,gradient,0.008185665111646583,0.007759361527860165,128,256,256,256,256,1000,1.5834658769890666
diffuse,256,0.25,6,82a8db1d1a8818d5c70195f5dd662c8928cafd785f34afc6223fdd840b5afa83,snip,0.0063461824832760794,0.011268784292042255,128,256,256,256,256,1000,1.5820137869450264
diffuse,256,0.25,6,82a8db1d1a8818d5c70195f5dd662c8928cafd785f34afc6223fdd840b5afa83,energy,0.004601033105972466,0.06854168325662613,128,256,256,256,256,1000,1.5837547369883396
diffuse,256,0.25,6,82a8db1d1a8818d5c70195f5dd662c8928cafd785f34afc6223fdd840b5afa83,snip_independent,0.007050783547720388,0.009808468632400036,128,128,128,256,256,1000,1.5812791080097668
diffuse,256,0.25,6,82a8db1d1a8818d5c70195f5dd662c8928cafd785f34afc6223fdd840b5afa83,snip_same_half,0.01022496599877708,0.009096160531044006,128,128,128,128,256,1000,1.5844955079373904
diffuse,256,0.25,7,82a8db1d1a8818d5c70195f5dd662c8928cafd785f34afc6223fdd840b5afa83,lora,0.03678440417176005,,1024,0,256,256,256,1000,1.472720069985371
diffuse,256,0.25,7,82a8db1d1a8818d5c70195f5dd662c8928cafd785f34afc6223fdd840b5afa83,compressed,0.004555439588098338,,128,0,256,256,256,1000,1.521773040003609
diffuse,256,0.25,7,82a8db1d1a8818d5c70195f5dd662c8928cafd785f34afc6223fdd840b5afa83,random,0.004430871244247245,0.008920916356146336,128,256,256,256,256,1000,1.5363700479501858
diffuse,256,0.25,7,82a8db1d1a8818d5c70195f5dd662c8928cafd785f34afc6223fdd840b5afa83,gradient,0.006521063098699367,0.008579586632549763,128,256,256,256,256,1000,1.5365093959844671
diffuse,256,0.25,7,82a8db1d1a8818d5c70195f5dd662c8928cafd785f34afc6223fdd840b5afa83,snip,0.006334533806647665,0.009179639630019665,128,256,256,256,256,1000,1.5353664360009134
diffuse,256,0.25,7,82a8db1d1a8818d5c70195f5dd662c8928cafd785f34afc6223fdd840b5afa83,energy,0.0042378364380008535,0.06854168325662613,128,256,256,256,256,1000,1.5362848250078969
diffuse,256,0.25,7,82a8db1d1a8818d5c70195f5dd662c8928cafd785f34afc6223fdd840b5afa83,snip_independent,0.006991069790334139,0.006576744839549065,128,128,128,256,256,1000,1.5347794499830343
diffuse,256,0.25,7,82a8db1d1a8818d5c70195f5dd662c8928cafd785f34afc6223fdd840b5afa83,snip_same_half,0.010473298274934699,0.00788269191980362,128,128,128,128,256,1000,1.5356854849960655
diffuse,256,0.25,8,82a8db1d1a8818d5c70195f5dd662c8928cafd785f34afc6223fdd840b5afa83,lora,0.03596396507076503,,1024,0,256,256,256,1000,1.5150007220217958
diffuse,256,0.25,8,82a8db1d1a8818d5c70195f5dd662c8928cafd785f34afc6223fdd840b5afa83,compressed,0.00481735005432791,,128,0,256,256,256,1000,1.5691451270249672
diffuse,256,0.25,8,82a8db1d1a8818d5c70195f5dd662c8928cafd785f34afc6223fdd840b5afa83,random,0.004675750742639555,0.006998611614108086,128,256,256,256,256,1000,1.5848392079933546
diffuse,256,0.25,8,82a8db1d1a8818d5c70195f5dd662c8928cafd785f34afc6223fdd840b5afa83,gradient,0.007707129591588072,0.008570273406803608,128,256,256,256,256,1000,1.584290353988763
diffuse,256,0.25,8,82a8db1d1a8818d5c70195f5dd662c8928cafd785f34afc6223fdd840b5afa83,snip,0.006807776195859707,0.006816286128014326,128,256,256,256,256,1000,1.5830817630048841
diffuse,256,0.25,8,82a8db1d1a8818d5c70195f5dd662c8928cafd785f34afc6223fdd840b5afa83,energy,0.004521924023789703,0.06854168325662613,128,256,256,256,256,1000,1.5844189939671196
diffuse,256,0.25,8,82a8db1d1a8818d5c70195f5dd662c8928cafd785f34afc6223fdd840b5afa83,snip_independent,0.0065362409001632794,0.007362130098044872,128,128,128,256,256,1000,1.5825692739454098
diffuse,256,0.25,8,82a8db1d1a8818d5c70195f5dd662c8928cafd785f34afc6223fdd840b5afa83,snip_same_half,0.011233433046218407,0.0067802919074893,128,128,128,128,256,1000,1.5854159849695861
diffuse,256,0.25,9,82a8db1d1a8818d5c70195f5dd662c8928cafd785f34afc6223fdd840b5afa83,lora,0.0371109554380542,,1024,0,256,256,256,1000,1.470378483994864
diffuse,256,0.25,9,82a8db1d1a8818d5c70195f5dd662c8928cafd785f34afc6223fdd840b5afa83,compressed,0.004834465290669094,,128,0,256,256,256,1000,1.5226711760042235
diffuse,256,0.25,9,82a8db1d1a8818d5c70195f5dd662c8928cafd785f34afc6223fdd840b5afa83,random,0.004592006958284617,0.008659077808260918,128,256,256,256,256,1000,1.5364100789884105
diffuse,256,0.25,9,82a8db1d1a8818d5c70195f5dd662c8928cafd785f34afc6223fdd840b5afa83,gradient,0.007444125179143836,0.009222578257322311,128,256,256,256,256,1000,1.534828083938919
diffuse,256,0.25,9,82a8db1d1a8818d5c70195f5dd662c8928cafd785f34afc6223fdd840b5afa83,snip,0.006764240536142534,0.010626775212585926,128,256,256,256,256,1000,1.534518652013503
diffuse,256,0.25,9,82a8db1d1a8818d5c70195f5dd662c8928cafd785f34afc6223fdd840b5afa83,energy,0.004223438495502808,0.06854168325662613,128,256,256,256,256,1000,1.5356420939788222
diffuse,256,0.25,9,82a8db1d1a8818d5c70195f5dd662c8928cafd785f34afc6223fdd840b5afa83,snip_independent,0.0064628143200229395,0.00674052257090807,128,128,128,256,256,1000,1.534317341982387
diffuse,256,0.25,9,82a8db1d1a8818d5c70195f5dd662c8928cafd785f34afc6223fdd840b5afa83,snip_same_half,0.010193128184269495,0.00872888695448637,128,128,128,128,256,1000,1.5345380270155147
diffuse,256,0.25,10,82a8db1d1a8818d5c70195f5dd662c8928cafd785f34afc6223fdd840b5afa83,lora,0.03391229524371525,,1024,0,256,256,256,1000,1.5159162519848906
diffuse,256,0.25,10,82a8db1d1a8818d5c70195f5dd662c8928cafd785f34afc6223fdd840b5afa83,compressed,0.005298323865452814,,128,0,256,256,256,1000,1.5665578739717603
diffuse,256,0.25,10,82a8db1d1a8818d5c70195f5dd662c8928cafd785f34afc6223fdd840b5afa83,random,0.0048969908718077704,0.007531636394560337,128,256,256,256,256,1000,1.5822498869965784
diffuse,256,0.25,10,82a8db1d1a8818d5c70195f5dd662c8928cafd785f34afc6223fdd840b5afa83,gradient,0.007182932018164079,0.010935705155134201,128,256,256,256,256,1000,1.580930233001709
diffuse,256,0.25,10,82a8db1d1a8818d5c70195f5dd662c8928cafd785f34afc6223fdd840b5afa83,snip,0.00672416804759475,0.00882087741047144,128,256,256,256,256,1000,1.5806909570237622
diffuse,256,0.25,10,82a8db1d1a8818d5c70195f5dd662c8928cafd785f34afc6223fdd840b5afa83,energy,0.004799681739658742,0.06854168325662613,128,256,256,256,256,1000,1.5813791059772484
diffuse,256,0.25,10,82a8db1d1a8818d5c70195f5dd662c8928cafd785f34afc6223fdd840b5afa83,snip_independent,0.007331902372829907,0.01128697395324707,128,128,128,256,256,1000,1.5810578959644772
diffuse,256,0.25,10,82a8db1d1a8818d5c70195f5dd662c8928cafd785f34afc6223fdd840b5afa83,snip_same_half,0.010175181475112182,0.007438791450113058,128,128,128,128,256,1000,1.5822607380105183
diffuse,256,0.25,11,82a8db1d1a8818d5c70195f5dd662c8928cafd785f34afc6223fdd840b5afa83,lora,0.03597081481025758,,1024,0,256,256,256,1000,1.4733116540010087
diffuse,256,0.25,11,82a8db1d1a8818d5c70195f5dd662c8928cafd785f34afc6223fdd840b5afa83,compressed,0.005122011202886224,,128,0,256,256,256,1000,1.5212405209895223
diffuse,256,0.25,11,82a8db1d1a8818d5c70195f5dd662c8928cafd785f34afc6223fdd840b5afa83,random,0.004664695757694114,0.005783206317573786,128,256,256,256,256,1000,1.5379949740017764
diffuse,256,0.25,11,82a8db1d1a8818d5c70195f5dd662c8928cafd785f34afc6223fdd840b5afa83,gradient,0.006828509792181706,0.00625739386305213,128,256,256,256,256,1000,1.5355992789845914
diffuse,256,0.25,11,82a8db1d1a8818d5c70195f5dd662c8928cafd785f34afc6223fdd840b5afa83,snip,0.006492907004116079,0.006877162028104067,128,256,256,256,256,1000,1.5359176180209033
diffuse,256,0.25,11,82a8db1d1a8818d5c70195f5dd662c8928cafd785f34afc6223fdd840b5afa83,energy,0.00450849636063725,0.06854168325662613,128,256,256,256,256,1000,1.5359564619720913
diffuse,256,0.25,11,82a8db1d1a8818d5c70195f5dd662c8928cafd785f34afc6223fdd840b5afa83,snip_independent,0.006971600637958286,0.009804700501263142,128,128,128,256,256,1000,1.53517681901576
diffuse,256,0.25,11,82a8db1d1a8818d5c70195f5dd662c8928cafd785f34afc6223fdd840b5afa83,snip_same_half,0.011173602973752228,0.007820815779268742,128,128,128,128,256,1000,1.5375037170015275
diffuse,256,0.25,12,82a8db1d1a8818d5c70195f5dd662c8928cafd785f34afc6223fdd840b5afa83,lora,0.03586687346599929,,1024,0,256,256,256,1000,1.5123263049754314
diffuse,256,0.25,12,82a8db1d1a8818d5c70195f5dd662c8928cafd785f34afc6223fdd840b5afa83,compressed,0.005221738221777605,,128,0,256,256,256,1000,1.5674615019815974
diffuse,256,0.25,12,82a8db1d1a8818d5c70195f5dd662c8928cafd785f34afc6223fdd840b5afa83,random,0.00495774655534314,0.007643258199095726,128,256,256,256,256,1000,1.581524355977308
diffuse,256,0.25,12,82a8db1d1a8818d5c70195f5dd662c8928cafd785f34afc6223fdd840b5afa83,gradient,0.00671294054172361,0.010320314206182957,128,256,256,256,256,1000,1.580653924960643
diffuse,256,0.25,12,82a8db1d1a8818d5c70195f5dd662c8928cafd785f34afc6223fdd840b5afa83,snip,0.0063822346776696345,0.009954050183296204,128,256,256,256,256,1000,1.5794639919768088
diffuse,256,0.25,12,82a8db1d1a8818d5c70195f5dd662c8928cafd785f34afc6223fdd840b5afa83,energy,0.004570792281795078,0.06854168325662613,128,256,256,256,256,1000,1.5801000579958782
diffuse,256,0.25,12,82a8db1d1a8818d5c70195f5dd662c8928cafd785f34afc6223fdd840b5afa83,snip_independent,0.007428416717299908,0.008191993460059166,128,128,128,256,256,1000,1.5791902869823389
diffuse,256,0.25,12,82a8db1d1a8818d5c70195f5dd662c8928cafd785f34afc6223fdd840b5afa83,snip_same_half,0.011022187982444717,0.009761562570929527,128,128,128,128,256,1000,1.5816842960193753
diffuse,256,0.25,13,82a8db1d1a8818d5c70195f5dd662c8928cafd785f34afc6223fdd840b5afa83,lora,0.03755947175556644,,1024,0,256,256,256,1000,1.4719062009826303
diffuse,256,0.25,13,82a8db1d1a8818d5c70195f5dd662c8928cafd785f34afc6223fdd840b5afa83,compressed,0.004701139120782026,,128,0,256,256,256,1000,1.521830700978171
diffuse,256,0.25,13,82a8db1d1a8818d5c70195f5dd662c8928cafd785f34afc6223fdd840b5afa83,random,0.004246784381209728,0.00596801470965147,128,256,256,256,256,1000,1.535371900012251
diffuse,256,0.25,13,82a8db1d1a8818d5c70195f5dd662c8928cafd785f34afc6223fdd840b5afa83,gradient,0.006616960175733606,0.011552605777978897,128,256,256,256,256,1000,1.5350115899927914
diffuse,256,0.25,13,82a8db1d1a8818d5c70195f5dd662c8928cafd785f34afc6223fdd840b5afa83,snip,0.006133762820747632,0.01061173900961876,128,256,256,256,256,1000,1.534240762994159
diffuse,256,0.25,13,82a8db1d1a8818d5c70195f5dd662c8928cafd785f34afc6223fdd840b5afa83,energy,0.004332995127464394,0.06854168325662613,128,256,256,256,256,1000,1.5356626459979452
diffuse,256,0.25,13,82a8db1d1a8818d5c70195f5dd662c8928cafd785f34afc6223fdd840b5afa83,snip_independent,0.006824460360502662,0.008206683211028576,128,128,128,256,256,1000,1.5362289830227382
diffuse,256,0.25,13,82a8db1d1a8818d5c70195f5dd662c8928cafd785f34afc6223fdd840b5afa83,snip_same_half,0.010966420331700977,0.008848794735968113,128,128,128,128,256,1000,1.5370876640081406
diffuse,256,0.25,14,82a8db1d1a8818d5c70195f5dd662c8928cafd785f34afc6223fdd840b5afa83,lora,0.0422515883173479,,1024,0,256,256,256,1000,1.5139796460280195
diffuse,256,0.25,14,82a8db1d1a8818d5c70195f5dd662c8928cafd785f34afc6223fdd840b5afa83,compressed,0.005456612431440921,,128,0,256,256,256,1000,1.568566397007089
diffuse,256,0.25,14,82a8db1d1a8818d5c70195f5dd662c8928cafd785f34afc6223fdd840b5afa83,random,0.004860140929348268,0.00689336471259594,128,256,256,256,256,1000,1.5807099069934338
diffuse,256,0.25,14,82a8db1d1a8818d5c70195f5dd662c8928cafd785f34afc6223fdd840b5afa83,gradient,0.007169184859146482,0.00855660904198885,128,256,256,256,256,1000,1.5810737559804693
diffuse,256,0.25,14,82a8db1d1a8818d5c70195f5dd662c8928cafd785f34afc6223fdd840b5afa83,snip,0.0068694976197667765,0.006521133240312338,128,256,256,256,256,1000,1.5810139399836771
diffuse,256,0.25,14,82a8db1d1a8818d5c70195f5dd662c8928cafd785f34afc6223fdd840b5afa83,energy,0.004771661638777245,0.06854168325662613,128,256,256,256,256,1000,1.5831886180094443
diffuse,256,0.25,14,82a8db1d1a8818d5c70195f5dd662c8928cafd785f34afc6223fdd840b5afa83,snip_independent,0.007516383812268602,0.010948620736598969,128,128,128,256,256,1000,1.582150153000839
diffuse,256,0.25,14,82a8db1d1a8818d5c70195f5dd662c8928cafd785f34afc6223fdd840b5afa83,snip_same_half,0.011523900549348555,0.007046171929687262,128,128,128,128,256,1000,1.5838231630041264
diffuse,256,0.25,15,82a8db1d1a8818d5c70195f5dd662c8928cafd785f34afc6223fdd840b5afa83,lora,0.037388570991757714,,1024,0,256,256,256,1000,1.471555216005072
diffuse,256,0.25,15,82a8db1d1a8818d5c70195f5dd662c8928cafd785f34afc6223fdd840b5afa83,compressed,0.004876657401469608,,128,0,256,256,256,1000,1.5199402539874427
diffuse,256,0.25,15,82a8db1d1a8818d5c70195f5dd662c8928cafd785f34afc6223fdd840b5afa83,random,0.004681377177248586,0.006458991672843695,128,256,256,256,256,1000,1.5357560200500302
diffuse,256,0.25,15,82a8db1d1a8818d5c70195f5dd662c8928cafd785f34afc6223fdd840b5afa83,gradient,0.007553093166170588,0.00916951335966587,128,256,256,256,256,1000,1.5351344789960422
diffuse,256,0.25,15,82a8db1d1a8818d5c70195f5dd662c8928cafd785f34afc6223fdd840b5afa83,snip,0.006764952371577749,0.008645120076835155,128,256,256,256,256,1000,1.535987263021525
diffuse,256,0.25,15,82a8db1d1a8818d5c70195f5dd662c8928cafd785f34afc6223fdd840b5afa83,energy,0.004338612060260292,0.06854168325662613,128,256,256,256,256,1000,1.5366340360487811
diffuse,256,0.25,15,82a8db1d1a8818d5c70195f5dd662c8928cafd785f34afc6223fdd840b5afa83,snip_independent,0.0075218714834867795,0.008181645534932613,128,128,128,256,256,1000,1.5292982709943317
diffuse,256,0.25,15,82a8db1d1a8818d5c70195f5dd662c8928cafd785f34afc6223fdd840b5afa83,snip_same_half,0.012189112005740091,0.007394134532660246,128,128,128,128,256,1000,1.528266050037928
diffuse,256,0.25,16,82a8db1d1a8818d5c70195f5dd662c8928cafd785f34afc6223fdd840b5afa83,lora,0.037416976950885576,,1024,0,256,256,256,1000,1.5147747389855795
diffuse,256,0.25,16,82a8db1d1a8818d5c70195f5dd662c8928cafd785f34afc6223fdd840b5afa83,compressed,0.004717554035728469,,128,0,256,256,256,1000,1.5697900510276668
diffuse,256,0.25,16,82a8db1d1a8818d5c70195f5dd662c8928cafd785f34afc6223fdd840b5afa83,random,0.004800061924602521,0.007403349969536066,128,256,256,256,256,1000,1.5844391610007733
diffuse,256,0.25,16,82a8db1d1a8818d5c70195f5dd662c8928cafd785f34afc6223fdd840b5afa83,gradient,0.007618208292096892,0.00962886307388544,128,256,256,256,256,1000,1.5842773779877461
diffuse,256,0.25,16,82a8db1d1a8818d5c70195f5dd662c8928cafd785f34afc6223fdd840b5afa83,snip,0.006247579799101953,0.00916637945920229,128,256,256,256,256,1000,1.5838961410336196
diffuse,256,0.25,16,82a8db1d1a8818d5c70195f5dd662c8928cafd785f34afc6223fdd840b5afa83,energy,0.004877452157420311,0.06854168325662613,128,256,256,256,256,1000,1.584124326996971
diffuse,256,0.25,16,82a8db1d1a8818d5c70195f5dd662c8928cafd785f34afc6223fdd840b5afa83,snip_independent,0.006732183710458226,0.008583012036979198,128,128,128,256,256,1000,1.5850793590652756
diffuse,256,0.25,16,82a8db1d1a8818d5c70195f5dd662c8928cafd785f34afc6223fdd840b5afa83,snip_same_half,0.011454937809902633,0.010579246096313,128,128,128,128,256,1000,1.5841078730300069
diffuse,256,0.25,17,82a8db1d1a8818d5c70195f5dd662c8928cafd785f34afc6223fdd840b5afa83,lora,0.03711884222161734,,1024,0,256,256,256,1000,1.4651260840473697
diffuse,256,0.25,17,82a8db1d1a8818d5c70195f5dd662c8928cafd785f34afc6223fdd840b5afa83,compressed,0.005200265722703561,,128,0,256,256,256,1000,1.5139608340105042
diffuse,256,0.25,17,82a8db1d1a8818d5c70195f5dd662c8928cafd785f34afc6223fdd840b5afa83,random,0.00480962610532022,0.0052443197928369045,128,256,256,256,256,1000,1.5270620060618967
diffuse,256,0.25,17,82a8db1d1a8818d5c70195f5dd662c8928cafd785f34afc6223fdd840b5afa83,gradient,0.00754662939449869,0.01116738561540842,128,256,256,256,256,1000,1.5262927480507642
diffuse,256,0.25,17,82a8db1d1a8818d5c70195f5dd662c8928cafd785f34afc6223fdd840b5afa83,snip,0.006987749342710596,0.009648846462368965,128,256,256,256,256,1000,1.529141626029741
diffuse,256,0.25,17,82a8db1d1a8818d5c70195f5dd662c8928cafd785f34afc6223fdd840b5afa83,energy,0.005008648227598885,0.06854168325662613,128,256,256,256,256,1000,1.5288606000249274
diffuse,256,0.25,17,82a8db1d1a8818d5c70195f5dd662c8928cafd785f34afc6223fdd840b5afa83,snip_independent,0.007209013167794386,0.009624700993299484,128,128,128,256,256,1000,1.5288400099962018
diffuse,256,0.25,17,82a8db1d1a8818d5c70195f5dd662c8928cafd785f34afc6223fdd840b5afa83,snip_same_half,0.009955302620274236,0.008005624637007713,128,128,128,128,256,1000,1.5287762599764392
diffuse,256,0.25,18,82a8db1d1a8818d5c70195f5dd662c8928cafd785f34afc6223fdd840b5afa83,lora,0.034181916090750844,,1024,0,256,256,256,1000,1.5135762839927338
diffuse,256,0.25,18,82a8db1d1a8818d5c70195f5dd662c8928cafd785f34afc6223fdd840b5afa83,compressed,0.004912632499411971,,128,0,256,256,256,1000,1.5675679010455497
diffuse,256,0.25,18,82a8db1d1a8818d5c70195f5dd662c8928cafd785f34afc6223fdd840b5afa83,random,0.004772791773304776,0.010075457394123077,128,256,256,256,256,1000,1.5819113030447625
diffuse,256,0.25,18,82a8db1d1a8818d5c70195f5dd662c8928cafd785f34afc6223fdd840b5afa83,gradient,0.006495230420113762,0.008336528204381466,128,256,256,256,256,1000,1.581812278018333
diffuse,256,0.25,18,82a8db1d1a8818d5c70195f5dd662c8928cafd785f34afc6223fdd840b5afa83,snip,0.0064110782105389445,0.009047743864357471,128,256,256,256,256,1000,1.580651914991904
diffuse,256,0.25,18,82a8db1d1a8818d5c70195f5dd662c8928cafd785f34afc6223fdd840b5afa83,energy,0.004593370466756991,0.06854168325662613,128,256,256,256,256,1000,1.5819836969603784
diffuse,256,0.25,18,82a8db1d1a8818d5c70195f5dd662c8928cafd785f34afc6223fdd840b5afa83,snip_independent,0.0066658339001528875,0.010240762494504452,128,128,128,256,256,1000,1.5821890369406901
diffuse,256,0.25,18,82a8db1d1a8818d5c70195f5dd662c8928cafd785f34afc6223fdd840b5afa83,snip_same_half,0.01048440694470193,0.007952817715704441,128,128,128,128,256,1000,1.5837476479355246
diffuse,256,0.25,19,82a8db1d1a8818d5c70195f5dd662c8928cafd785f34afc6223fdd840b5afa83,lora,0.04045399777078266,,1024,0,256,256,256,1000,1.4618683049920946
diffuse,256,0.25,19,82a8db1d1a8818d5c70195f5dd662c8928cafd785f34afc6223fdd840b5afa83,compressed,0.004885841776553408,,128,0,256,256,256,1000,1.5128952540108003
diffuse,256,0.25,19,82a8db1d1a8818d5c70195f5dd662c8928cafd785f34afc6223fdd840b5afa83,random,0.0048158669524577015,0.005230120848864317,128,256,256,256,256,1000,1.527193885995075
diffuse,256,0.25,19,82a8db1d1a8818d5c70195f5dd662c8928cafd785f34afc6223fdd840b5afa83,gradient,0.007126195742115638,0.009379291906952858,128,256,256,256,256,1000,1.5314514989731833
diffuse,256,0.25,19,82a8db1d1a8818d5c70195f5dd662c8928cafd785f34afc6223fdd840b5afa83,snip,0.006613420832894949,0.008783056400716305,128,256,256,256,256,1000,1.533704149944242
diffuse,256,0.25,19,82a8db1d1a8818d5c70195f5dd662c8928cafd785f34afc6223fdd840b5afa83,energy,0.004826311792058875,0.06854168325662613,128,256,256,256,256,1000,1.534374408016447
diffuse,256,0.25,19,82a8db1d1a8818d5c70195f5dd662c8928cafd785f34afc6223fdd840b5afa83,snip_independent,0.00774862421274876,0.008728977292776108,128,128,128,256,256,1000,1.533181615988724
diffuse,256,0.25,19,82a8db1d1a8818d5c70195f5dd662c8928cafd785f34afc6223fdd840b5afa83,snip_same_half,0.011185772283127282,0.007011515088379383,128,128,128,128,256,1000,1.5352999809547327
diffuse,256,0.5,0,82a8db1d1a8818d5c70195f5dd662c8928cafd785f34afc6223fdd840b5afa83,lora,0.08472983643711499,,1024,0,256,256,256,1000,1.5122847980237566
diffuse,256,0.5,0,82a8db1d1a8818d5c70195f5dd662c8928cafd785f34afc6223fdd840b5afa83,compressed,0.010641971376041002,,128,0,256,256,256,1000,1.5659602349624038
diffuse,256,0.5,0,82a8db1d1a8818d5c70195f5dd662c8928cafd785f34afc6223fdd840b5afa83,random,0.009092147719006235,0.008456990122795105,128,256,256,256,256,1000,1.5814359289361164
diffuse,256,0.5,0,82a8db1d1a8818d5c70195f5dd662c8928cafd785f34afc6223fdd840b5afa83,gradient,0.020703984358561855,0.008021483197808266,128,256,256,256,256,1000,1.5819418290047906
diffuse,256,0.5,0,82a8db1d1a8818d5c70195f5dd662c8928cafd785f34afc6223fdd840b5afa83,snip,0.016866970731852837,0.007342983037233353,128,256,256,256,256,1000,1.581141497939825
diffuse,256,0.5,0,82a8db1d1a8818d5c70195f5dd662c8928cafd785f34afc6223fdd840b5afa83,energy,0.008467121505445322,0.06854168325662613,128,256,256,256,256,1000,1.5815166249522008
diffuse,256,0.5,0,82a8db1d1a8818d5c70195f5dd662c8928cafd785f34afc6223fdd840b5afa83,snip_independent,0.014136560501628467,0.012085060589015484,128,128,128,256,256,1000,1.5827329269959591
diffuse,256,0.5,0,82a8db1d1a8818d5c70195f5dd662c8928cafd785f34afc6223fdd840b5afa83,snip_same_half,0.03005545764056784,0.007445364724844694,128,128,128,128,256,1000,1.5839825930306688
diffuse,256,0.5,1,82a8db1d1a8818d5c70195f5dd662c8928cafd785f34afc6223fdd840b5afa83,lora,0.09101555730396978,,1024,0,256,256,256,1000,1.4733372579794377
diffuse,256,0.5,1,82a8db1d1a8818d5c70195f5dd662c8928cafd785f34afc6223fdd840b5afa83,compressed,0.00995042182629361,,128,0,256,256,256,1000,1.520831901987549
diffuse,256,0.5,1,82a8db1d1a8818d5c70195f5dd662c8928cafd785f34afc6223fdd840b5afa83,random,0.009489428867848808,0.00818221177905798,128,256,256,256,256,1000,1.5361321730306372
diffuse,256,0.5,1,82a8db1d1a8818d5c70195f5dd662c8928cafd785f34afc6223fdd840b5afa83,gradient,0.019608311370133042,0.009773931466042995,128,256,256,256,256,1000,1.537228528992273
diffuse,256,0.5,1,82a8db1d1a8818d5c70195f5dd662c8928cafd785f34afc6223fdd840b5afa83,snip,0.015904492866088422,0.00803232192993164,128,256,256,256,256,1000,1.5374210090376437
diffuse,256,0.5,1,82a8db1d1a8818d5c70195f5dd662c8928cafd785f34afc6223fdd840b5afa83,energy,0.009426384410562356,0.06854168325662613,128,256,256,256,256,1000,1.5379647490335628
diffuse,256,0.5,1,82a8db1d1a8818d5c70195f5dd662c8928cafd785f34afc6223fdd840b5afa83,snip_independent,0.01542955715493595,0.00831136479973793,128,128,128,256,256,1000,1.536464577948209
diffuse,256,0.5,1,82a8db1d1a8818d5c70195f5dd662c8928cafd785f34afc6223fdd840b5afa83,snip_same_half,0.03098603569011159,0.008333353325724602,128,128,128,128,256,1000,1.5362989290151745
diffuse,256,0.5,2,82a8db1d1a8818d5c70195f5dd662c8928cafd785f34afc6223fdd840b5afa83,lora,0.09102010750952155,,1024,0,256,256,256,1000,1.5117234489880502
diffuse,256,0.5,2,82a8db1d1a8818d5c70195f5dd662c8928cafd785f34afc6223fdd840b5afa83,compressed,0.009591052702158587,,128,0,256,256,256,1000,1.567568808037322
diffuse,256,0.5,2,82a8db1d1a8818d5c70195f5dd662c8928cafd785f34afc6223fdd840b5afa83,random,0.008394192824473283,0.011130019091069698,128,256,256,256,256,1000,1.5828512309817597
diffuse,256,0.5,2,82a8db1d1a8818d5c70195f5dd662c8928cafd785f34afc6223fdd840b5afa83,gradient,0.020290039570254235,0.010366415604948997,128,256,256,256,256,1000,1.5864263109397143
diffuse,256,0.5,2,82a8db1d1a8818d5c70195f5dd662c8928cafd785f34afc6223fdd840b5afa83,snip,0.01842121804317623,0.00895643699914217,128,256,256,256,256,1000,1.5844049629522488
diffuse,256,0.5,2,82a8db1d1a8818d5c70195f5dd662c8928cafd785f34afc6223fdd840b5afa83,energy,0.008871776332155391,0.06854168325662613,128,256,256,256,256,1000,1.5848481659195386
diffuse,256,0.5,2,82a8db1d1a8818d5c70195f5dd662c8928cafd785f34afc6223fdd840b5afa83,snip_independent,0.012262079815812298,0.007448277436196804,128,128,128,256,256,1000,1.5845051219803281
diffuse,256,0.5,2,82a8db1d1a8818d5c70195f5dd662c8928cafd785f34afc6223fdd840b5afa83,snip_same_half,0.027648590300943833,0.008822604082524776,128,128,128,128,256,1000,1.5877428959938698
diffuse,256,0.5,3,82a8db1d1a8818d5c70195f5dd662c8928cafd785f34afc6223fdd840b5afa83,lora,0.08685283711717526,,1024,0,256,256,256,1000,1.471757965045981
diffuse,256,0.5,3,82a8db1d1a8818d5c70195f5dd662c8928cafd785f34afc6223fdd840b5afa83,compressed,0.01084238783807575,,128,0,256,256,256,1000,1.5216881899978034
diffuse,256,0.5,3,82a8db1d1a8818d5c70195f5dd662c8928cafd785f34afc6223fdd840b5afa83,random,0.008858080302179569,0.011102141812443733,128,256,256,256,256,1000,1.5367687299731188
diffuse,256,0.5,3,82a8db1d1a8818d5c70195f5dd662c8928cafd785f34afc6223fdd840b5afa83,gradient,0.019186577903787035,0.009951782412827015,128,256,256,256,256,1000,1.5367077860282734
diffuse,256,0.5,3,82a8db1d1a8818d5c70195f5dd662c8928cafd785f34afc6223fdd840b5afa83,snip,0.017378742078612643,0.007873858325183392,128,256,256,256,256,1000,1.5284982009907253
diffuse,256,0.5,3,82a8db1d1a8818d5c70195f5dd662c8928cafd785f34afc6223fdd840b5afa83,energy,0.009732885022558625,0.06854168325662613,128,256,256,256,256,1000,1.5310155699844472
diffuse,256,0.5,3,82a8db1d1a8818d5c70195f5dd662c8928cafd785f34afc6223fdd840b5afa83,snip_independent,0.015412532825070754,0.010342730209231377,128,128,128,256,256,1000,1.5287781920633279
diffuse,256,0.5,3,82a8db1d1a8818d5c70195f5dd662c8928cafd785f34afc6223fdd840b5afa83,snip_same_half,0.02792015183688621,0.006415832322090864,128,128,128,128,256,1000,1.5307905079680495
diffuse,256,0.5,4,82a8db1d1a8818d5c70195f5dd662c8928cafd785f34afc6223fdd840b5afa83,lora,0.09216086152528608,,1024,0,256,256,256,1000,1.5159104809863493
diffuse,256,0.5,4,82a8db1d1a8818d5c70195f5dd662c8928cafd785f34afc6223fdd840b5afa83,compressed,0.00957455685526908,,128,0,256,256,256,1000,1.562578737968579
diffuse,256,0.5,4,82a8db1d1a8818d5c70195f5dd662c8928cafd785f34afc6223fdd840b5afa83,random,0.00826975923516603,0.006785748526453972,128,256,256,256,256,1000,1.579413189960178
diffuse,256,0.5,4,82a8db1d1a8818d5c70195f5dd662c8928cafd785f34afc6223fdd840b5afa83,gradient,0.02011836541269621,0.009974435903131962,128,256,256,256,256,1000,1.5793878090335056
diffuse,256,0.5,4,82a8db1d1a8818d5c70195f5dd662c8928cafd785f34afc6223fdd840b5afa83,snip,0.01710130917031974,0.009863275103271008,128,256,256,256,256,1000,1.577428221993614
diffuse,256,0.5,4,82a8db1d1a8818d5c70195f5dd662c8928cafd785f34afc6223fdd840b5afa83,energy,0.007252450735279924,0.06854168325662613,128,256,256,256,256,1000,1.5772504860069603
diffuse,256,0.5,4,82a8db1d1a8818d5c70195f5dd662c8928cafd785f34afc6223fdd840b5afa83,snip_independent,0.016158659215406497,0.008353590033948421,128,128,128,256,256,1000,1.5776478899642825
diffuse,256,0.5,4,82a8db1d1a8818d5c70195f5dd662c8928cafd785f34afc6223fdd840b5afa83,snip_same_half,0.032622537568792985,0.00803937017917633,128,128,128,128,256,1000,1.5813524730619974
diffuse,256,0.5,5,82a8db1d1a8818d5c70195f5dd662c8928cafd785f34afc6223fdd840b5afa83,lora,0.07357953005333592,,1024,0,256,256,256,1000,1.4613592120003887
diffuse,256,0.5,5,82a8db1d1a8818d5c70195f5dd662c8928cafd785f34afc6223fdd840b5afa83,compressed,0.009834809701695712,,128,0,256,256,256,1000,1.511199756001588
diffuse,256,0.5,5,82a8db1d1a8818d5c70195f5dd662c8928cafd785f34afc6223fdd840b5afa83,random,0.009129432315121538,0.009861418046057224,128,256,256,256,256,1000,1.5261622309917584
diffuse,256,0.5,5,82a8db1d1a8818d5c70195f5dd662c8928cafd785f34afc6223fdd840b5afa83,gradient,0.01938340399820251,0.012280062772333622,128,256,256,256,256,1000,1.5264897780143656
diffuse,256,0.5,5,82a8db1d1a8818d5c70195f5dd662c8928cafd785f34afc6223fdd840b5afa83,snip,0.016970694251336637,0.008927695453166962,128,256,256,256,256,1000,1.5261487960233353
diffuse,256,0.5,5,82a8db1d1a8818d5c70195f5dd662c8928cafd785f34afc6223fdd840b5afa83,energy,0.009247554245906472,0.06854168325662613,128,256,256,256,256,1000,1.5269294470199384
diffuse,256,0.5,5,82a8db1d1a8818d5c70195f5dd662c8928cafd785f34afc6223fdd840b5afa83,snip_independent,0.015291476998405242,0.008397230878472328,128,128,128,256,256,1000,1.5262899319641292
diffuse,256,0.5,5,82a8db1d1a8818d5c70195f5dd662c8928cafd785f34afc6223fdd840b5afa83,snip_same_half,0.031071146799430585,0.009957987815141678,128,128,128,128,256,1000,1.5258969090064056
diffuse,256,0.5,6,82a8db1d1a8818d5c70195f5dd662c8928cafd785f34afc6223fdd840b5afa83,lora,0.09038696911022973,,1024,0,256,256,256,1000,1.515412817010656
diffuse,256,0.5,6,82a8db1d1a8818d5c70195f5dd662c8928cafd785f34afc6223fdd840b5afa83,compressed,0.009308608704070966,,128,0,256,256,256,1000,1.5700655620312318
diffuse,256,0.5,6,82a8db1d1a8818d5c70195f5dd662c8928cafd785f34afc6223fdd840b5afa83,random,0.007929986369213434,0.009286529384553432,128,256,256,256,256,1000,1.5847901240340434
diffuse,256,0.5,6,82a8db1d1a8818d5c70195f5dd662c8928cafd785f34afc6223fdd840b5afa83,gradient,0.02267386730410443,0.0067537385039031506,128,256,256,256,256,1000,1.5833657730836421
diffuse,256,0.5,6,82a8db1d1a8818d5c70195f5dd662c8928cafd785f34afc6223fdd840b5afa83,snip,0.01729818784968082,0.008464244194328785,128,256,256,256,256,1000,1.5843456410220824
diffuse,256,0.5,6,82a8db1d1a8818d5c70195f5dd662c8928cafd785f34afc6223fdd840b5afa83,energy,0.008603103947518488,0.06854168325662613,128,256,256,256,256,1000,1.5833542229956947
diffuse,256,0.5,6,82a8db1d1a8818d5c70195f5dd662c8928cafd785f34afc6223fdd840b5afa83,snip_independent,0.015704848797278435,0.009410448372364044,128,128,128,256,256,1000,1.5812385840108618
diffuse,256,0.5,6,82a8db1d1a8818d5c70195f5dd662c8928cafd785f34afc6223fdd840b5afa83,snip_same_half,0.0318797560051797,0.007585705257952213,128,128,128,128,256,1000,1.5843460189644247
diffuse,256,0.5,7,82a8db1d1a8818d5c70195f5dd662c8928cafd785f34afc6223fdd840b5afa83,lora,0.09379738932136558,,1024,0,256,256,256,1000,1.4610199439921416
diffuse,256,0.5,7,82a8db1d1a8818d5c70195f5dd662c8928cafd785f34afc6223fdd840b5afa83,compressed,0.008788315242393003,,128,0,256,256,256,1000,1.517990317021031
diffuse,256,0.5,7,82a8db1d1a8818d5c70195f5dd662c8928cafd785f34afc6223fdd840b5afa83,random,0.008077494186522058,0.008920918218791485,128,256,256,256,256,1000,1.5316244630375877
diffuse,256,0.5,7,82a8db1d1a8818d5c70195f5dd662c8928cafd785f34afc6223fdd840b5afa83,gradient,0.019795030057764125,0.005214623641222715,128,256,256,256,256,1000,1.532726604025811
diffuse,256,0.5,7,82a8db1d1a8818d5c70195f5dd662c8928cafd785f34afc6223fdd840b5afa83,snip,0.01630396739829444,0.006967144086956978,128,256,256,256,256,1000,1.526158306049183
diffuse,256,0.5,7,82a8db1d1a8818d5c70195f5dd662c8928cafd785f34afc6223fdd840b5afa83,energy,0.007746388767608515,0.06854169070720673,128,256,256,256,256,1000,1.527145326079335
diffuse,256,0.5,7,82a8db1d1a8818d5c70195f5dd662c8928cafd785f34afc6223fdd840b5afa83,snip_independent,0.015453337471922306,0.006265826988965273,128,128,128,256,256,1000,1.5316994059830904
diffuse,256,0.5,7,82a8db1d1a8818d5c70195f5dd662c8928cafd785f34afc6223fdd840b5afa83,snip_same_half,0.032190712328488455,0.006380410864949226,128,128,128,128,256,1000,1.5329995669890195
diffuse,256,0.5,8,82a8db1d1a8818d5c70195f5dd662c8928cafd785f34afc6223fdd840b5afa83,lora,0.09563173917949196,,1024,0,256,256,256,1000,1.5155156489927322
diffuse,256,0.5,8,82a8db1d1a8818d5c70195f5dd662c8928cafd785f34afc6223fdd840b5afa83,compressed,0.010127742098472597,,128,0,256,256,256,1000,1.5703111729817465
diffuse,256,0.5,8,82a8db1d1a8818d5c70195f5dd662c8928cafd785f34afc6223fdd840b5afa83,random,0.00863059705407345,0.006998611614108086,128,256,256,256,256,1000,1.5844086110591888
diffuse,256,0.5,8,82a8db1d1a8818d5c70195f5dd662c8928cafd785f34afc6223fdd840b5afa83,gradient,0.02135902098050129,0.008723427541553974,128,256,256,256,256,1000,1.5826083040446974
diffuse,256,0.5,8,82a8db1d1a8818d5c70195f5dd662c8928cafd785f34afc6223fdd840b5afa83,snip,0.019652933121842596,0.006324280519038439,128,256,256,256,256,1000,1.5789780530612916
diffuse,256,0.5,8,82a8db1d1a8818d5c70195f5dd662c8928cafd785f34afc6223fdd840b5afa83,energy,0.008871712076535587,0.06854168325662613,128,256,256,256,256,1000,1.5781467130291276
diffuse,256,0.5,8,82a8db1d1a8818d5c70195f5dd662c8928cafd785f34afc6223fdd840b5afa83,snip_independent,0.013052183041421084,0.006639428902417421,128,128,128,256,256,1000,1.576839483983349
diffuse,256,0.5,8,82a8db1d1a8818d5c70195f5dd662c8928cafd785f34afc6223fdd840b5afa83,snip_same_half,0.03122593690720829,0.007181614171713591,128,128,128,128,256,1000,1.5775100030004978
diffuse,256,0.5,9,82a8db1d1a8818d5c70195f5dd662c8928cafd785f34afc6223fdd840b5afa83,lora,0.08868569035192031,,1024,0,256,256,256,1000,1.471791796036996
diffuse,256,0.5,9,82a8db1d1a8818d5c70195f5dd662c8928cafd785f34afc6223fdd840b5afa83,compressed,0.009764656876360037,,128,0,256,256,256,1000,1.5189416899811476
diffuse,256,0.5,9,82a8db1d1a8818d5c70195f5dd662c8928cafd785f34afc6223fdd840b5afa83,random,0.008576905343713562,0.008659077808260918,128,256,256,256,256,1000,1.535713629971724
diffuse,256,0.5,9,82a8db1d1a8818d5c70195f5dd662c8928cafd785f34afc6223fdd840b5afa83,gradient,0.020909438551167968,0.00926911924034357,128,256,256,256,256,1000,1.5360865499824286
diffuse,256,0.5,9,82a8db1d1a8818d5c70195f5dd662c8928cafd785f34afc6223fdd840b5afa83,snip,0.019844716759704714,0.00971995946019888,128,256,256,256,256,1000,1.5345566479954869
diffuse,256,0.5,9,82a8db1d1a8818d5c70195f5dd662c8928cafd785f34afc6223fdd840b5afa83,energy,0.007874304469774364,0.06854168325662613,128,256,256,256,256,1000,1.5375429499545135
diffuse,256,0.5,9,82a8db1d1a8818d5c70195f5dd662c8928cafd785f34afc6223fdd840b5afa83,snip_independent,0.01591500703308286,0.006547885946929455,128,128,128,256,256,1000,1.5354550179908983
diffuse,256,0.5,9,82a8db1d1a8818d5c70195f5dd662c8928cafd785f34afc6223fdd840b5afa83,snip_same_half,0.027492142451321006,0.008575309067964554,128,128,128,128,256,1000,1.5407290900475346
diffuse,256,0.5,10,82a8db1d1a8818d5c70195f5dd662c8928cafd785f34afc6223fdd840b5afa83,lora,0.08401489523144905,,1024,0,256,256,256,1000,1.5122657329775393
diffuse,256,0.5,10,82a8db1d1a8818d5c70195f5dd662c8928cafd785f34afc6223fdd840b5afa83,compressed,0.010945894908993555,,128,0,256,256,256,1000,1.5670385989942588
diffuse,256,0.5,10,82a8db1d1a8818d5c70195f5dd662c8928cafd785f34afc6223fdd840b5afa83,random,0.00896886032918348,0.007531636394560337,128,256,256,256,256,1000,1.5823459459934384
diffuse,256,0.5,10,82a8db1d1a8818d5c70195f5dd662c8928cafd785f34afc6223fdd840b5afa83,gradient,0.02036277208046247,0.010444995947182178,128,256,256,256,256,1000,1.5847054950427264
diffuse,256,0.5,10,82a8db1d1a8818d5c70195f5dd662c8928cafd785f34afc6223fdd840b5afa83,snip,0.017697638858629048,0.007724666967988014,128,256,256,256,256,1000,1.5819479010533541
diffuse,256,0.5,10,82a8db1d1a8818d5c70195f5dd662c8928cafd785f34afc6223fdd840b5afa83,energy,0.009301868308484087,0.06854168325662613,128,256,256,256,256,1000,1.583666700986214
diffuse,256,0.5,10,82a8db1d1a8818d5c70195f5dd662c8928cafd785f34afc6223fdd840b5afa83,snip_independent,0.014918731807511887,0.010292346589267254,128,128,128,256,256,1000,1.5797664980054833
diffuse,256,0.5,10,82a8db1d1a8818d5c70195f5dd662c8928cafd785f34afc6223fdd840b5afa83,snip_same_half,0.02702180165097464,0.008031684905290604,128,128,128,128,256,1000,1.5843829030054621
diffuse,256,0.5,11,82a8db1d1a8818d5c70195f5dd662c8928cafd785f34afc6223fdd840b5afa83,lora,0.08963421281547293,,1024,0,256,256,256,1000,1.4752796120010316
diffuse,256,0.5,11,82a8db1d1a8818d5c70195f5dd662c8928cafd785f34afc6223fdd840b5afa83,compressed,0.010463597017991967,,128,0,256,256,256,1000,1.5212977679912
diffuse,256,0.5,11,82a8db1d1a8818d5c70195f5dd662c8928cafd785f34afc6223fdd840b5afa83,random,0.008306988936739125,0.005783206317573786,128,256,256,256,256,1000,1.53600592300063
diffuse,256,0.5,11,82a8db1d1a8818d5c70195f5dd662c8928cafd785f34afc6223fdd840b5afa83,gradient,0.01850022369169271,0.006632763892412186,128,256,256,256,256,1000,1.5355484790052287
diffuse,256,0.5,11,82a8db1d1a8818d5c70195f5dd662c8928cafd785f34afc6223fdd840b5afa83,snip,0.016245482079050952,0.006218927446752787,128,256,256,256,256,1000,1.535171013965737
diffuse,256,0.5,11,82a8db1d1a8818d5c70195f5dd662c8928cafd785f34afc6223fdd840b5afa83,energy,0.008407977324822754,0.06854168325662613,128,256,256,256,256,1000,1.5344897320028394
diffuse,256,0.5,11,82a8db1d1a8818d5c70195f5dd662c8928cafd785f34afc6223fdd840b5afa83,snip_independent,0.015899210951776613,0.008609873242676258,128,128,128,256,256,1000,1.5304578870418482
diffuse,256,0.5,11,82a8db1d1a8818d5c70195f5dd662c8928cafd785f34afc6223fdd840b5afa83,snip_same_half,0.03231058776438403,0.006228000856935978,128,128,128,128,256,1000,1.5338920079520904
diffuse,256,0.5,12,82a8db1d1a8818d5c70195f5dd662c8928cafd785f34afc6223fdd840b5afa83,lora,0.08557737181607186,,1024,0,256,256,256,1000,1.5200034269946627
diffuse,256,0.5,12,82a8db1d1a8818d5c70195f5dd662c8928cafd785f34afc6223fdd840b5afa83,compressed,0.010958191300199795,,128,0,256,256,256,1000,1.5724998250370845
diffuse,256,0.5,12,82a8db1d1a8818d5c70195f5dd662c8928cafd785f34afc6223fdd840b5afa83,random,0.009518838237720078,0.007643258199095726,128,256,256,256,256,1000,1.5858473289990798
diffuse,256,0.5,12,82a8db1d1a8818d5c70195f5dd662c8928cafd785f34afc6223fdd840b5afa83,gradient,0.019698586108670646,0.009905650280416012,128,256,256,256,256,1000,1.5871389800449833
diffuse,256,0.5,12,82a8db1d1a8818d5c70195f5dd662c8928cafd785f34afc6223fdd840b5afa83,snip,0.020262922400161483,0.008228634484112263,128,256,256,256,256,1000,1.5841166490572505
diffuse,256,0.5,12,82a8db1d1a8818d5c70195f5dd662c8928cafd785f34afc6223fdd840b5afa83,energy,0.008729844503674495,0.06854168325662613,128,256,256,256,256,1000,1.5845830830512568
diffuse,256,0.5,12,82a8db1d1a8818d5c70195f5dd662c8928cafd785f34afc6223fdd840b5afa83,snip_independent,0.01547471780058315,0.007478680461645126,128,128,128,256,256,1000,1.58300084102666
diffuse,256,0.5,12,82a8db1d1a8818d5c70195f5dd662c8928cafd785f34afc6223fdd840b5afa83,snip_same_half,0.031413373077467034,0.008114933036267757,128,128,128,128,256,1000,1.5854053680086508
diffuse,256,0.5,13,82a8db1d1a8818d5c70195f5dd662c8928cafd785f34afc6223fdd840b5afa83,lora,0.09034895446531686,,1024,0,256,256,256,1000,1.4712986499653198
diffuse,256,0.5,13,82a8db1d1a8818d5c70195f5dd662c8928cafd785f34afc6223fdd840b5afa83,compressed,0.009475628514101627,,128,0,256,256,256,1000,1.518426141992677
diffuse,256,0.5,13,82a8db1d1a8818d5c70195f5dd662c8928cafd785f34afc6223fdd840b5afa83,random,0.007302864861585909,0.0059680151753127575,128,256,256,256,256,1000,1.5346601289929822
diffuse,256,0.5,13,82a8db1d1a8818d5c70195f5dd662c8928cafd785f34afc6223fdd840b5afa83,gradient,0.019639682339939558,0.009746534749865532,128,256,256,256,256,1000,1.5313837500289083
diffuse,256,0.5,13,82a8db1d1a8818d5c70195f5dd662c8928cafd785f34afc6223fdd840b5afa83,snip,0.014519779231673254,0.009795069694519043,128,256,256,256,256,1000,1.5260851940256543
diffuse,256,0.5,13,82a8db1d1a8818d5c70195f5dd662c8928cafd785f34afc6223fdd840b5afa83,energy,0.007857120909144734,0.06854169070720673,128,256,256,256,256,1000,1.5252345849876292
diffuse,256,0.5,13,82a8db1d1a8818d5c70195f5dd662c8928cafd785f34afc6223fdd840b5afa83,snip_independent,0.014925573989896492,0.007125052157789469,128,128,128,256,256,1000,1.524653909029439
diffuse,256,0.5,13,82a8db1d1a8818d5c70195f5dd662c8928cafd785f34afc6223fdd840b5afa83,snip_same_half,0.03250054538120804,0.009492909535765648,128,128,128,128,256,1000,1.524694272025954
diffuse,256,0.5,14,82a8db1d1a8818d5c70195f5dd662c8928cafd785f34afc6223fdd840b5afa83,lora,0.08902755791761943,,1024,0,256,256,256,1000,1.5151173620251939
diffuse,256,0.5,14,82a8db1d1a8818d5c70195f5dd662c8928cafd785f34afc6223fdd840b5afa83,compressed,0.011815830147831056,,128,0,256,256,256,1000,1.562860986974556
diffuse,256,0.5,14,82a8db1d1a8818d5c70195f5dd662c8928cafd785f34afc6223fdd840b5afa83,random,0.009392061322878474,0.00689336471259594,128,256,256,256,256,1000,1.579808181966655
diffuse,256,0.5,14,82a8db1d1a8818d5c70195f5dd662c8928cafd785f34afc6223fdd840b5afa83,gradient,0.019388197280147068,0.007647572550922632,128,256,256,256,256,1000,1.5812175889732316
diffuse,256,0.5,14,82a8db1d1a8818d5c70195f5dd662c8928cafd785f34afc6223fdd840b5afa83,snip,0.018024709931347967,0.005601694341748953,128,256,256,256,256,1000,1.5797354659880511
diffuse,256,0.5,14,82a8db1d1a8818d5c70195f5dd662c8928cafd785f34afc6223fdd840b5afa83,energy,0.009153190343655585,0.06854168325662613,128,256,256,256,256,1000,1.5810635880334303
diffuse,256,0.5,14,82a8db1d1a8818d5c70195f5dd662c8928cafd785f34afc6223fdd840b5afa83,snip_independent,0.017269029518248824,0.009491614997386932,128,128,128,256,256,1000,1.5777404920081608
diffuse,256,0.5,14,82a8db1d1a8818d5c70195f5dd662c8928cafd785f34afc6223fdd840b5afa83,snip_same_half,0.031172774368633905,0.008763125166296959,128,128,128,128,256,1000,1.5826149330241606
diffuse,256,0.5,15,82a8db1d1a8818d5c70195f5dd662c8928cafd785f34afc6223fdd840b5afa83,lora,0.08290726401913347,,1024,0,256,256,256,1000,1.461638813954778
diffuse,256,0.5,15,82a8db1d1a8818d5c70195f5dd662c8928cafd785f34afc6223fdd840b5afa83,compressed,0.009807094610746078,,128,0,256,256,256,1000,1.5101036239648238
diffuse,256,0.5,15,82a8db1d1a8818d5c70195f5dd662c8928cafd785f34afc6223fdd840b5afa83,random,0.008709942555118078,0.006458991672843695,128,256,256,256,256,1000,1.5253794450545684
diffuse,256,0.5,15,82a8db1d1a8818d5c70195f5dd662c8928cafd785f34afc6223fdd840b5afa83,gradient,0.022227016735454238,0.008036846294999123,128,256,256,256,256,1000,1.524593061010819
diffuse,256,0.5,15,82a8db1d1a8818d5c70195f5dd662c8928cafd785f34afc6223fdd840b5afa83,snip,0.018365228576873366,0.006233118940144777,128,256,256,256,256,1000,1.5254962759790942
diffuse,256,0.5,15,82a8db1d1a8818d5c70195f5dd662c8928cafd785f34afc6223fdd840b5afa83,energy,0.008142602030431514,0.06854168325662613,128,256,256,256,256,1000,1.5243092210148461
diffuse,256,0.5,15,82a8db1d1a8818d5c70195f5dd662c8928cafd785f34afc6223fdd840b5afa83,snip_independent,0.016807770496095758,0.007671428844332695,128,128,128,256,256,1000,1.5241021300316788
diffuse,256,0.5,15,82a8db1d1a8818d5c70195f5dd662c8928cafd785f34afc6223fdd840b5afa83,snip_same_half,0.033602544367079525,0.0070296116173267365,128,128,128,128,256,1000,1.5272972710081376
diffuse,256,0.5,16,82a8db1d1a8818d5c70195f5dd662c8928cafd785f34afc6223fdd840b5afa83,lora,0.08059784036190838,,1024,0,256,256,256,1000,1.5115478649968281
diffuse,256,0.5,16,82a8db1d1a8818d5c70195f5dd662c8928cafd785f34afc6223fdd840b5afa83,compressed,0.009614495752982033,,128,0,256,256,256,1000,1.5656416889978573
diffuse,256,0.5,16,82a8db1d1a8818d5c70195f5dd662c8928cafd785f34afc6223fdd840b5afa83,random,0.009024457092995162,0.0074033490382134914,128,256,256,256,256,1000,1.5789493690244853
diffuse,256,0.5,16,82a8db1d1a8818d5c70195f5dd662c8928cafd785f34afc6223fdd840b5afa83,gradient,0.020504818512344043,0.00950122531503439,128,256,256,256,256,1000,1.5806828510249034
diffuse,256,0.5,16,82a8db1d1a8818d5c70195f5dd662c8928cafd785f34afc6223fdd840b5afa83,snip,0.018206934416257044,0.008829358033835888,128,256,256,256,256,1000,1.5797145010437816
diffuse,256,0.5,16,82a8db1d1a8818d5c70195f5dd662c8928cafd785f34afc6223fdd840b5afa83,energy,0.009841908345287042,0.06854168325662613,128,256,256,256,256,1000,1.579364303033799
diffuse,256,0.5,16,82a8db1d1a8818d5c70195f5dd662c8928cafd785f34afc6223fdd840b5afa83,snip_independent,0.01555825406358176,0.008959213271737099,128,128,128,256,256,1000,1.5798951969482005
diffuse,256,0.5,16,82a8db1d1a8818d5c70195f5dd662c8928cafd785f34afc6223fdd840b5afa83,snip_same_half,0.029760750273941337,0.00808462779968977,128,128,128,128,256,1000,1.5812189850839786
diffuse,256,0.5,17,82a8db1d1a8818d5c70195f5dd662c8928cafd785f34afc6223fdd840b5afa83,lora,0.08864123921214198,,1024,0,256,256,256,1000,1.4601164270425215
diffuse,256,0.5,17,82a8db1d1a8818d5c70195f5dd662c8928cafd785f34afc6223fdd840b5afa83,compressed,0.011137877850276846,,128,0,256,256,256,1000,1.5105320159927942
diffuse,256,0.5,17,82a8db1d1a8818d5c70195f5dd662c8928cafd785f34afc6223fdd840b5afa83,random,0.00884876545018864,0.0052443197928369045,128,256,256,256,256,1000,1.5272979470319115
diffuse,256,0.5,17,82a8db1d1a8818d5c70195f5dd662c8928cafd785f34afc6223fdd840b5afa83,gradient,0.021458134941692842,0.00843120738863945,128,256,256,256,256,1000,1.5329226310132071
diffuse,256,0.5,17,82a8db1d1a8818d5c70195f5dd662c8928cafd785f34afc6223fdd840b5afa83,snip,0.01920420750645252,0.009852739050984383,128,256,256,256,256,1000,1.533286638034042
diffuse,256,0.5,17,82a8db1d1a8818d5c70195f5dd662c8928cafd785f34afc6223fdd840b5afa83,energy,0.009845446314963851,0.06854168325662613,128,256,256,256,256,1000,1.5331983750220388
diffuse,256,0.5,17,82a8db1d1a8818d5c70195f5dd662c8928cafd785f34afc6223fdd840b5afa83,snip_independent,0.01564683828141298,0.009779834188520908,128,128,128,256,256,1000,1.532556448073592
diffuse,256,0.5,17,82a8db1d1a8818d5c70195f5dd662c8928cafd785f34afc6223fdd840b5afa83,snip_same_half,0.02754638970862918,0.008481523022055626,128,128,128,128,256,1000,1.532040897058323
diffuse,256,0.5,18,82a8db1d1a8818d5c70195f5dd662c8928cafd785f34afc6223fdd840b5afa83,lora,0.08858366097696663,,1024,0,256,256,256,1000,1.5093460410134867
diffuse,256,0.5,18,82a8db1d1a8818d5c70195f5dd662c8928cafd785f34afc6223fdd840b5afa83,compressed,0.01028343013366515,,128,0,256,256,256,1000,1.5625742779811844
diffuse,256,0.5,18,82a8db1d1a8818d5c70195f5dd662c8928cafd785f34afc6223fdd840b5afa83,random,0.00868850753898656,0.010075457394123077,128,256,256,256,256,1000,1.5779313709936105
diffuse,256,0.5,18,82a8db1d1a8818d5c70195f5dd662c8928cafd785f34afc6223fdd840b5afa83,gradient,0.019890199302452137,0.009313669987022877,128,256,256,256,256,1000,1.578184676996898
diffuse,256,0.5,18,82a8db1d1a8818d5c70195f5dd662c8928cafd785f34afc6223fdd840b5afa83,snip,0.016780211104469332,0.007926497608423233,128,256,256,256,256,1000,1.5775952420081012
diffuse,256,0.5,18,82a8db1d1a8818d5c70195f5dd662c8928cafd785f34afc6223fdd840b5afa83,energy,0.008947505857314395,0.06854168325662613,128,256,256,256,256,1000,1.5788400020101108
diffuse,256,0.5,18,82a8db1d1a8818d5c70195f5dd662c8928cafd785f34afc6223fdd840b5afa83,snip_independent,0.014343633457307148,0.00967226643115282,128,128,128,256,256,1000,1.5792104239808396
diffuse,256,0.5,18,82a8db1d1a8818d5c70195f5dd662c8928cafd785f34afc6223fdd840b5afa83,snip_same_half,0.029615111533256952,0.008602602407336235,128,128,128,128,256,1000,1.5808898409595713
diffuse,256,0.5,19,82a8db1d1a8818d5c70195f5dd662c8928cafd785f34afc6223fdd840b5afa83,lora,0.0917621252229501,,1024,0,256,256,256,1000,1.4713129340088926
diffuse,256,0.5,19,82a8db1d1a8818d5c70195f5dd662c8928cafd785f34afc6223fdd840b5afa83,compressed,0.009849363533354149,,128,0,256,256,256,1000,1.5195712150307372
diffuse,256,0.5,19,82a8db1d1a8818d5c70195f5dd662c8928cafd785f34afc6223fdd840b5afa83,random,0.00842818527470492,0.005230120848864317,128,256,256,256,256,1000,1.5352140909526497
diffuse,256,0.5,19,82a8db1d1a8818d5c70195f5dd662c8928cafd785f34afc6223fdd840b5afa83,gradient,0.020940287247940673,0.007123006973415613,128,256,256,256,256,1000,1.5352589529938996
diffuse,256,0.5,19,82a8db1d1a8818d5c70195f5dd662c8928cafd785f34afc6223fdd840b5afa83,snip,0.018223516330622344,0.010451139882206917,128,256,256,256,256,1000,1.5349350270116702
diffuse,256,0.5,19,82a8db1d1a8818d5c70195f5dd662c8928cafd785f34afc6223fdd840b5afa83,energy,0.009763745327193488,0.06854168325662613,128,256,256,256,256,1000,1.5363411019789055
diffuse,256,0.5,19,82a8db1d1a8818d5c70195f5dd662c8928cafd785f34afc6223fdd840b5afa83,snip_independent,0.01766963492644278,0.006539276801049709,128,128,128,256,256,1000,1.5332384819630533
diffuse,256,0.5,19,82a8db1d1a8818d5c70195f5dd662c8928cafd785f34afc6223fdd840b5afa83,snip_same_half,0.031081551778290868,0.008378636091947556,128,128,128,128,256,1000,1.532425786019303
diffuse,256,1.0,0,82a8db1d1a8818d5c70195f5dd662c8928cafd785f34afc6223fdd840b5afa83,lora,0.15776162443377884,,1024,0,256,256,256,1000,1.5073779270169325
diffuse,256,1.0,0,82a8db1d1a8818d5c70195f5dd662c8928cafd785f34afc6223fdd840b5afa83,compressed,0.022633581009730307,,128,0,256,256,256,1000,1.5628370650229044
diffuse,256,1.0,0,82a8db1d1a8818d5c70195f5dd662c8928cafd785f34afc6223fdd840b5afa83,random,0.016058168553219287,0.008456990122795105,128,256,256,256,256,1000,1.579436146072112
diffuse,256,1.0,0,82a8db1d1a8818d5c70195f5dd662c8928cafd785f34afc6223fdd840b5afa83,gradient,0.050025382114199594,0.00965917482972145,128,256,256,256,256,1000,1.5856618030229583
diffuse,256,1.0,0,82a8db1d1a8818d5c70195f5dd662c8928cafd785f34afc6223fdd840b5afa83,snip,0.04052314883537479,0.006493272725492716,128,256,256,256,256,1000,1.5841901050298475
diffuse,256,1.0,0,82a8db1d1a8818d5c70195f5dd662c8928cafd785f34afc6223fdd840b5afa83,energy,0.01658399684284207,0.06854168325662613,128,256,256,256,256,1000,1.5845149090746418
diffuse,256,1.0,0,82a8db1d1a8818d5c70195f5dd662c8928cafd785f34afc6223fdd840b5afa83,snip_independent,0.027432335616472056,0.010542506352066994,128,128,128,256,256,1000,1.5826654749689624
diffuse,256,1.0,0,82a8db1d1a8818d5c70195f5dd662c8928cafd785f34afc6223fdd840b5afa83,snip_same_half,0.06294994367577014,0.006841100286692381,128,128,128,128,256,1000,1.586550630046986
diffuse,256,1.0,1,82a8db1d1a8818d5c70195f5dd662c8928cafd785f34afc6223fdd840b5afa83,lora,0.16333447962240383,,1024,0,256,256,256,1000,1.4697529380209744
diffuse,256,1.0,1,82a8db1d1a8818d5c70195f5dd662c8928cafd785f34afc6223fdd840b5afa83,compressed,0.019578743305814425,,128,0,256,256,256,1000,1.5184212939930148
diffuse,256,1.0,1,82a8db1d1a8818d5c70195f5dd662c8928cafd785f34afc6223fdd840b5afa83,random,0.017594027310844064,0.00818221177905798,128,256,256,256,256,1000,1.532847325957846
diffuse,256,1.0,1,82a8db1d1a8818d5c70195f5dd662c8928cafd785f34afc6223fdd840b5afa83,gradient,0.049434158213585294,0.008884400129318237,128,256,256,256,256,1000,1.5361457229591906
diffuse,256,1.0,1,82a8db1d1a8818d5c70195f5dd662c8928cafd785f34afc6223fdd840b5afa83,snip,0.04010872714495087,0.0084421681240201,128,256,256,256,256,1000,1.5322516179876402
diffuse,256,1.0,1,82a8db1d1a8818d5c70195f5dd662c8928cafd785f34afc6223fdd840b5afa83,energy,0.01807879359992722,0.06854168325662613,128,256,256,256,256,1000,1.5352959869778715
diffuse,256,1.0,1,82a8db1d1a8818d5c70195f5dd662c8928cafd785f34afc6223fdd840b5afa83,snip_independent,0.02983365689492027,0.007873077876865864,128,128,128,256,256,1000,1.5311432279995643
diffuse,256,1.0,1,82a8db1d1a8818d5c70195f5dd662c8928cafd785f34afc6223fdd840b5afa83,snip_same_half,0.06908805348868817,0.008150867186486721,128,128,128,128,256,1000,1.5363477899809368
diffuse,256,1.0,2,82a8db1d1a8818d5c70195f5dd662c8928cafd785f34afc6223fdd840b5afa83,lora,0.15839897487857146,,1024,0,256,256,256,1000,1.51568623498315
diffuse,256,1.0,2,82a8db1d1a8818d5c70195f5dd662c8928cafd785f34afc6223fdd840b5afa83,compressed,0.019474065700136146,,128,0,256,256,256,1000,1.5713457149686292
diffuse,256,1.0,2,82a8db1d1a8818d5c70195f5dd662c8928cafd785f34afc6223fdd840b5afa83,random,0.0154721957197548,0.011130019091069698,128,256,256,256,256,1000,1.5855139010236599
diffuse,256,1.0,2,82a8db1d1a8818d5c70195f5dd662c8928cafd785f34afc6223fdd840b5afa83,gradient,0.04747248713270609,0.010169074870646,128,256,256,256,256,1000,1.5856950900051743
diffuse,256,1.0,2,82a8db1d1a8818d5c70195f5dd662c8928cafd785f34afc6223fdd840b5afa83,snip,0.04115301491478196,0.008561727590858936,128,256,256,256,256,1000,1.5852042369660921
diffuse,256,1.0,2,82a8db1d1a8818d5c70195f5dd662c8928cafd785f34afc6223fdd840b5afa83,energy,0.01791142135841651,0.06854168325662613,128,256,256,256,256,1000,1.5849496999871917
diffuse,256,1.0,2,82a8db1d1a8818d5c70195f5dd662c8928cafd785f34afc6223fdd840b5afa83,snip_independent,0.022812859468235518,0.007223531603813171,128,128,128,256,256,1000,1.583621684985701
diffuse,256,1.0,2,82a8db1d1a8818d5c70195f5dd662c8928cafd785f34afc6223fdd840b5afa83,snip_same_half,0.05670110329760858,0.008645770139992237,128,128,128,128,256,1000,1.5856551099568605
diffuse,256,1.0,3,82a8db1d1a8818d5c70195f5dd662c8928cafd785f34afc6223fdd840b5afa83,lora,0.15778291485834386,,1024,0,256,256,256,1000,1.4690540760057047
diffuse,256,1.0,3,82a8db1d1a8818d5c70195f5dd662c8928cafd785f34afc6223fdd840b5afa83,compressed,0.02225768252757839,,128,0,256,256,256,1000,1.5205594210419804
diffuse,256,1.0,3,82a8db1d1a8818d5c70195f5dd662c8928cafd785f34afc6223fdd840b5afa83,random,0.016895413378755896,0.011102141812443733,128,256,256,256,256,1000,1.5336391149903648
diffuse,256,1.0,3,82a8db1d1a8818d5c70195f5dd662c8928cafd785f34afc6223fdd840b5afa83,gradient,0.04685844411830503,0.009364785626530647,128,256,256,256,256,1000,1.5274514990160242
diffuse,256,1.0,3,82a8db1d1a8818d5c70195f5dd662c8928cafd785f34afc6223fdd840b5afa83,snip,0.042168797107021726,0.008794252760708332,128,256,256,256,256,1000,1.52770448703086
diffuse,256,1.0,3,82a8db1d1a8818d5c70195f5dd662c8928cafd785f34afc6223fdd840b5afa83,energy,0.01900318003350025,0.06854168325662613,128,256,256,256,256,1000,1.527671844989527
diffuse,256,1.0,3,82a8db1d1a8818d5c70195f5dd662c8928cafd785f34afc6223fdd840b5afa83,snip_independent,0.028242256987490923,0.010202920995652676,128,128,128,256,256,1000,1.528002119041048
diffuse,256,1.0,3,82a8db1d1a8818d5c70195f5dd662c8928cafd785f34afc6223fdd840b5afa83,snip_same_half,0.0614667559549865,0.006134070456027985,128,128,128,128,256,1000,1.5276983919902705
diffuse,256,1.0,4,82a8db1d1a8818d5c70195f5dd662c8928cafd785f34afc6223fdd840b5afa83,lora,0.1590853232982084,,1024,0,256,256,256,1000,1.5179445950197987
diffuse,256,1.0,4,82a8db1d1a8818d5c70195f5dd662c8928cafd785f34afc6223fdd840b5afa83,compressed,0.021015232289027495,,128,0,256,256,256,1000,1.5724301330046728
diffuse,256,1.0,4,82a8db1d1a8818d5c70195f5dd662c8928cafd785f34afc6223fdd840b5afa83,random,0.01619802882434791,0.006785748526453972,128,256,256,256,256,1000,1.5855573369772173
diffuse,256,1.0,4,82a8db1d1a8818d5c70195f5dd662c8928cafd785f34afc6223fdd840b5afa83,gradient,0.051748348887848156,0.008375704288482666,128,256,256,256,256,1000,1.5825925120152533
diffuse,256,1.0,4,82a8db1d1a8818d5c70195f5dd662c8928cafd785f34afc6223fdd840b5afa83,snip,0.04328794656524604,0.008937763050198555,128,256,256,256,256,1000,1.5809241810347885
diffuse,256,1.0,4,82a8db1d1a8818d5c70195f5dd662c8928cafd785f34afc6223fdd840b5afa83,energy,0.014105893892411774,0.06854168325662613,128,256,256,256,256,1000,1.5815034050028771
diffuse,256,1.0,4,82a8db1d1a8818d5c70195f5dd662c8928cafd785f34afc6223fdd840b5afa83,snip_independent,0.031225646611006894,0.006980556063354015,128,128,128,256,256,1000,1.581402295967564
diffuse,256,1.0,4,82a8db1d1a8818d5c70195f5dd662c8928cafd785f34afc6223fdd840b5afa83,snip_same_half,0.07036889181276042,0.008489357307553291,128,128,128,128,256,1000,1.5841971050249413
diffuse,256,1.0,5,82a8db1d1a8818d5c70195f5dd662c8928cafd785f34afc6223fdd840b5afa83,lora,0.1499001805377338,,1024,0,256,256,256,1000,1.46000268595526
diffuse,256,1.0,5,82a8db1d1a8818d5c70195f5dd662c8928cafd785f34afc6223fdd840b5afa83,compressed,0.02010092943908197,,128,0,256,256,256,1000,1.5101178220356815
diffuse,256,1.0,5,82a8db1d1a8818d5c70195f5dd662c8928cafd785f34afc6223fdd840b5afa83,random,0.017980543377987185,0.009861418046057224,128,256,256,256,256,1000,1.5264159620273858
diffuse,256,1.0,5,82a8db1d1a8818d5c70195f5dd662c8928cafd785f34afc6223fdd840b5afa83,gradient,0.04827748792315602,0.012822197750210762,128,256,256,256,256,1000,1.5254860350396484
diffuse,256,1.0,5,82a8db1d1a8818d5c70195f5dd662c8928cafd785f34afc6223fdd840b5afa83,snip,0.040611396164846394,0.010577322915196419,128,256,256,256,256,1000,1.524077837006189
diffuse,256,1.0,5,82a8db1d1a8818d5c70195f5dd662c8928cafd785f34afc6223fdd840b5afa83,energy,0.018061228805204513,0.06854168325662613,128,256,256,256,256,1000,1.525066490052268
diffuse,256,1.0,5,82a8db1d1a8818d5c70195f5dd662c8928cafd785f34afc6223fdd840b5afa83,snip_independent,0.02929966514802938,0.008184862323105335,128,128,128,256,256,1000,1.5251711519085802
diffuse,256,1.0,5,82a8db1d1a8818d5c70195f5dd662c8928cafd785f34afc6223fdd840b5afa83,snip_same_half,0.06931728157258425,0.010432873852550983,128,128,128,128,256,1000,1.5298802819452249
diffuse,256,1.0,6,82a8db1d1a8818d5c70195f5dd662c8928cafd785f34afc6223fdd840b5afa83,lora,0.15816987926812673,,1024,0,256,256,256,1000,1.5114851859980263
diffuse,256,1.0,6,82a8db1d1a8818d5c70195f5dd662c8928cafd785f34afc6223fdd840b5afa83,compressed,0.01983380539540082,,128,0,256,256,256,1000,1.5653544290107675
diffuse,256,1.0,6,82a8db1d1a8818d5c70195f5dd662c8928cafd785f34afc6223fdd840b5afa83,random,0.014282307578337506,0.009286529384553432,128,256,256,256,256,1000,1.5822214120416902
diffuse,256,1.0,6,82a8db1d1a8818d5c70195f5dd662c8928cafd785f34afc6223fdd840b5afa83,gradient,0.0545491805067522,0.006762836128473282,128,256,256,256,256,1000,1.5823813900351524
diffuse,256,1.0,6,82a8db1d1a8818d5c70195f5dd662c8928cafd785f34afc6223fdd840b5afa83,snip,0.04054727746832722,0.008085610345005989,128,256,256,256,256,1000,1.5799964060424827
diffuse,256,1.0,6,82a8db1d1a8818d5c70195f5dd662c8928cafd785f34afc6223fdd840b5afa83,energy,0.015791122902870706,0.06854168325662613,128,256,256,256,256,1000,1.5810399550246075
diffuse,256,1.0,6,82a8db1d1a8818d5c70195f5dd662c8928cafd785f34afc6223fdd840b5afa83,snip_independent,0.03067008018876939,0.009090552106499672,128,128,128,256,256,1000,1.5798854780150577
diffuse,256,1.0,6,82a8db1d1a8818d5c70195f5dd662c8928cafd785f34afc6223fdd840b5afa83,snip_same_half,0.0708534970346164,0.007486443966627121,128,128,128,128,256,1000,1.5817305649979971
diffuse,256,1.0,7,82a8db1d1a8818d5c70195f5dd662c8928cafd785f34afc6223fdd840b5afa83,lora,0.16818920046642918,,1024,0,256,256,256,1000,1.4699743149685673
diffuse,256,1.0,7,82a8db1d1a8818d5c70195f5dd662c8928cafd785f34afc6223fdd840b5afa83,compressed,0.01864657816279046,,128,0,256,256,256,1000,1.5198145830072463
diffuse,256,1.0,7,82a8db1d1a8818d5c70195f5dd662c8928cafd785f34afc6223fdd840b5afa83,random,0.015388028298810186,0.008920916356146336,128,256,256,256,256,1000,1.5326608749455772
diffuse,256,1.0,7,82a8db1d1a8818d5c70195f5dd662c8928cafd785f34afc6223fdd840b5afa83,gradient,0.05121273107461995,0.00526567455381155,128,256,256,256,256,1000,1.526827693975065
diffuse,256,1.0,7,82a8db1d1a8818d5c70195f5dd662c8928cafd785f34afc6223fdd840b5afa83,snip,0.04011836168916777,0.005749227944761515,128,256,256,256,256,1000,1.5249187159934081
diffuse,256,1.0,7,82a8db1d1a8818d5c70195f5dd662c8928cafd785f34afc6223fdd840b5afa83,energy,0.01463996253544144,0.06854168325662613,128,256,256,256,256,1000,1.5281070639612153
diffuse,256,1.0,7,82a8db1d1a8818d5c70195f5dd662c8928cafd785f34afc6223fdd840b5afa83,snip_independent,0.031080259786333532,0.006911625619977713,128,128,128,256,256,1000,1.5293604519683868
diffuse,256,1.0,7,82a8db1d1a8818d5c70195f5dd662c8928cafd785f34afc6223fdd840b5afa83,snip_same_half,0.06614333980382821,0.00612704548984766,128,128,128,128,256,1000,1.5360360409831628
diffuse,256,1.0,8,82a8db1d1a8818d5c70195f5dd662c8928cafd785f34afc6223fdd840b5afa83,lora,0.15888190887286407,,1024,0,256,256,256,1000,1.512720110011287
diffuse,256,1.0,8,82a8db1d1a8818d5c70195f5dd662c8928cafd785f34afc6223fdd840b5afa83,compressed,0.022287575703600168,,128,0,256,256,256,1000,1.5656240259995684
diffuse,256,1.0,8,82a8db1d1a8818d5c70195f5dd662c8928cafd785f34afc6223fdd840b5afa83,random,0.015427452569744083,0.006998611614108086,128,256,256,256,256,1000,1.5812298550154082
diffuse,256,1.0,8,82a8db1d1a8818d5c70195f5dd662c8928cafd785f34afc6223fdd840b5afa83,gradient,0.05158338349700434,0.005868809763342142,128,256,256,256,256,1000,1.5794439150486141
diffuse,256,1.0,8,82a8db1d1a8818d5c70195f5dd662c8928cafd785f34afc6223fdd840b5afa83,snip,0.04729486946811841,0.007689339108765125,128,256,256,256,256,1000,1.5798041510861367
diffuse,256,1.0,8,82a8db1d1a8818d5c70195f5dd662c8928cafd785f34afc6223fdd840b5afa83,energy,0.017188969406435294,0.06854168325662613,128,256,256,256,256,1000,1.5795084360288456
diffuse,256,1.0,8,82a8db1d1a8818d5c70195f5dd662c8928cafd785f34afc6223fdd840b5afa83,snip_independent,0.02639839689753578,0.007062559016048908,128,128,128,256,256,1000,1.578115942014847
diffuse,256,1.0,8,82a8db1d1a8818d5c70195f5dd662c8928cafd785f34afc6223fdd840b5afa83,snip_same_half,0.06689552426235387,0.00754102086648345,128,128,128,128,256,1000,1.5816601139958948
diffuse,256,1.0,9,82a8db1d1a8818d5c70195f5dd662c8928cafd785f34afc6223fdd840b5afa83,lora,0.15587535201234262,,1024,0,256,256,256,1000,1.4706742740236223
diffuse,256,1.0,9,82a8db1d1a8818d5c70195f5dd662c8928cafd785f34afc6223fdd840b5afa83,compressed,0.021085732801417813,,128,0,256,256,256,1000,1.520851393986959
diffuse,256,1.0,9,82a8db1d1a8818d5c70195f5dd662c8928cafd785f34afc6223fdd840b5afa83,random,0.01638548920719543,0.008659077808260918,128,256,256,256,256,1000,1.5347446969826706
diffuse,256,1.0,9,82a8db1d1a8818d5c70195f5dd662c8928cafd785f34afc6223fdd840b5afa83,gradient,0.053419941056269245,0.009154201485216618,128,256,256,256,256,1000,1.5308047469588928
diffuse,256,1.0,9,82a8db1d1a8818d5c70195f5dd662c8928cafd785f34afc6223fdd840b5afa83,snip,0.047489864765310155,0.008365367539227009,128,256,256,256,256,1000,1.525802981981542
diffuse,256,1.0,9,82a8db1d1a8818d5c70195f5dd662c8928cafd785f34afc6223fdd840b5afa83,energy,0.015714592126206992,0.06854168325662613,128,256,256,256,256,1000,1.5305424929829314
diffuse,256,1.0,9,82a8db1d1a8818d5c70195f5dd662c8928cafd785f34afc6223fdd840b5afa83,snip_independent,0.03200572412752528,0.006694813258945942,128,128,128,256,256,1000,1.5295226050075144
diffuse,256,1.0,9,82a8db1d1a8818d5c70195f5dd662c8928cafd785f34afc6223fdd840b5afa83,snip_same_half,0.06356176720205206,0.008664813823997974,128,128,128,128,256,1000,1.5274937729700468
diffuse,256,1.0,10,82a8db1d1a8818d5c70195f5dd662c8928cafd785f34afc6223fdd840b5afa83,lora,0.15295737281039884,,1024,0,256,256,256,1000,1.514202191028744
diffuse,256,1.0,10,82a8db1d1a8818d5c70195f5dd662c8928cafd785f34afc6223fdd840b5afa83,compressed,0.02214603925736399,,128,0,256,256,256,1000,1.5672466210089624
diffuse,256,1.0,10,82a8db1d1a8818d5c70195f5dd662c8928cafd785f34afc6223fdd840b5afa83,random,0.01656470225230504,0.007531636394560337,128,256,256,256,256,1000,1.5824372939532623
diffuse,256,1.0,10,82a8db1d1a8818d5c70195f5dd662c8928cafd785f34afc6223fdd840b5afa83,gradient,0.052466791256802536,0.008079498074948788,128,256,256,256,256,1000,1.5817327949916944
diffuse,256,1.0,10,82a8db1d1a8818d5c70195f5dd662c8928cafd785f34afc6223fdd840b5afa83,snip,0.04645637937796868,0.007782481145113707,128,256,256,256,256,1000,1.5816437380271964
diffuse,256,1.0,10,82a8db1d1a8818d5c70195f5dd662c8928cafd785f34afc6223fdd840b5afa83,energy,0.017841233251162325,0.06854168325662613,128,256,256,256,256,1000,1.5811964470194653
diffuse,256,1.0,10,82a8db1d1a8818d5c70195f5dd662c8928cafd785f34afc6223fdd840b5afa83,snip_independent,0.02808365102478627,0.010200092568993568,128,128,128,256,256,1000,1.5802829830208793
diffuse,256,1.0,10,82a8db1d1a8818d5c70195f5dd662c8928cafd785f34afc6223fdd840b5afa83,snip_same_half,0.06091477733397646,0.008172125555574894,128,128,128,128,256,1000,1.5821131420671009
diffuse,256,1.0,11,82a8db1d1a8818d5c70195f5dd662c8928cafd785f34afc6223fdd840b5afa83,lora,0.14673802140414072,,1024,0,256,256,256,1000,1.4616666060173884
diffuse,256,1.0,11,82a8db1d1a8818d5c70195f5dd662c8928cafd785f34afc6223fdd840b5afa83,compressed,0.020826988752553177,,128,0,256,256,256,1000,1.507991221966222
diffuse,256,1.0,11,82a8db1d1a8818d5c70195f5dd662c8928cafd785f34afc6223fdd840b5afa83,random,0.014972385125967123,0.005783206317573786,128,256,256,256,256,1000,1.5254820080008358
diffuse,256,1.0,11,82a8db1d1a8818d5c70195f5dd662c8928cafd785f34afc6223fdd840b5afa83,gradient,0.04868657820164652,0.005688013043254614,128,256,256,256,256,1000,1.5293409869773313
diffuse,256,1.0,11,82a8db1d1a8818d5c70195f5dd662c8928cafd785f34afc6223fdd840b5afa83,snip,0.040896747407538306,0.005951934494078159,128,256,256,256,256,1000,1.5303478029672988
diffuse,256,1.0,11,82a8db1d1a8818d5c70195f5dd662c8928cafd785f34afc6223fdd840b5afa83,energy,0.01558789445571587,0.06854168325662613,128,256,256,256,256,1000,1.534376256982796
diffuse,256,1.0,11,82a8db1d1a8818d5c70195f5dd662c8928cafd785f34afc6223fdd840b5afa83,snip_independent,0.029520605446304374,0.008451765403151512,128,128,128,256,256,1000,1.5320428549894132
diffuse,256,1.0,11,82a8db1d1a8818d5c70195f5dd662c8928cafd785f34afc6223fdd840b5afa83,snip_same_half,0.06711281203590286,0.006331448443233967,128,128,128,128,256,1000,1.5291575560695492
diffuse,256,1.0,12,82a8db1d1a8818d5c70195f5dd662c8928cafd785f34afc6223fdd840b5afa83,lora,0.15259355428037064,,1024,0,256,256,256,1000,1.512865340046119
diffuse,256,1.0,12,82a8db1d1a8818d5c70195f5dd662c8928cafd785f34afc6223fdd840b5afa83,compressed,0.023008756145503708,,128,0,256,256,256,1000,1.5656127469846979
diffuse,256,1.0,12,82a8db1d1a8818d5c70195f5dd662c8928cafd785f34afc6223fdd840b5afa83,random,0.01786551899614453,0.007643258199095726,128,256,256,256,256,1000,1.5821771860355511
diffuse,256,1.0,12,82a8db1d1a8818d5c70195f5dd662c8928cafd785f34afc6223fdd840b5afa83,gradient,0.05079745869340853,0.008491418324410915,128,256,256,256,256,1000,1.5823104410083033
diffuse,256,1.0,12,82a8db1d1a8818d5c70195f5dd662c8928cafd785f34afc6223fdd840b5afa83,snip,0.0472288001734084,0.00866119284182787,128,256,256,256,256,1000,1.5811534380191006
diffuse,256,1.0,12,82a8db1d1a8818d5c70195f5dd662c8928cafd785f34afc6223fdd840b5afa83,energy,0.016694003858470516,0.06854168325662613,128,256,256,256,256,1000,1.5822330300579779
diffuse,256,1.0,12,82a8db1d1a8818d5c70195f5dd662c8928cafd785f34afc6223fdd840b5afa83,snip_independent,0.027659634127642767,0.006919960957020521,128,128,128,256,256,1000,1.5804508099681698
diffuse,256,1.0,12,82a8db1d1a8818d5c70195f5dd662c8928cafd785f34afc6223fdd840b5afa83,snip_same_half,0.07028922702199839,0.007303883787244558,128,128,128,128,256,1000,1.5829261200269684
diffuse,256,1.0,13,82a8db1d1a8818d5c70195f5dd662c8928cafd785f34afc6223fdd840b5afa83,lora,0.1563128488999823,,1024,0,256,256,256,1000,1.4645207099965774
diffuse,256,1.0,13,82a8db1d1a8818d5c70195f5dd662c8928cafd785f34afc6223fdd840b5afa83,compressed,0.02073684157142195,,128,0,256,256,256,1000,1.5117675000219606
diffuse,256,1.0,13,82a8db1d1a8818d5c70195f5dd662c8928cafd785f34afc6223fdd840b5afa83,random,0.01424953246855042,0.00596801470965147,128,256,256,256,256,1000,1.5276686109718867
diffuse,256,1.0,13,82a8db1d1a8818d5c70195f5dd662c8928cafd785f34afc6223fdd840b5afa83,gradient,0.0492733375446619,0.010249253362417221,128,256,256,256,256,1000,1.5260429100017063
diffuse,256,1.0,13,82a8db1d1a8818d5c70195f5dd662c8928cafd785f34afc6223fdd840b5afa83,snip,0.038673840517446004,0.008575954474508762,128,256,256,256,256,1000,1.5266588809899986
diffuse,256,1.0,13,82a8db1d1a8818d5c70195f5dd662c8928cafd785f34afc6223fdd840b5afa83,energy,0.015016250934853606,0.06854168325662613,128,256,256,256,256,1000,1.5277024200186133
diffuse,256,1.0,13,82a8db1d1a8818d5c70195f5dd662c8928cafd785f34afc6223fdd840b5afa83,snip_independent,0.02803226302030261,0.00845319963991642,128,128,128,256,256,1000,1.5253662670147605
diffuse,256,1.0,13,82a8db1d1a8818d5c70195f5dd662c8928cafd785f34afc6223fdd840b5afa83,snip_same_half,0.06678716719935145,0.009871194139122963,128,128,128,128,256,1000,1.5264368659700267
diffuse,256,1.0,14,82a8db1d1a8818d5c70195f5dd662c8928cafd785f34afc6223fdd840b5afa83,lora,0.15425407516752015,,1024,0,256,256,256,1000,1.509819743980188
diffuse,256,1.0,14,82a8db1d1a8818d5c70195f5dd662c8928cafd785f34afc6223fdd840b5afa83,compressed,0.02455622155886453,,128,0,256,256,256,1000,1.564292547001969
diffuse,256,1.0,14,82a8db1d1a8818d5c70195f5dd662c8928cafd785f34afc6223fdd840b5afa83,random,0.017596445683401924,0.00689336471259594,128,256,256,256,256,1000,1.5791375690023415
diffuse,256,1.0,14,82a8db1d1a8818d5c70195f5dd662c8928cafd785f34afc6223fdd840b5afa83,gradient,0.04883004889270601,0.007036265917122364,128,256,256,256,256,1000,1.5800663780537434
diffuse,256,1.0,14,82a8db1d1a8818d5c70195f5dd662c8928cafd785f34afc6223fdd840b5afa83,snip,0.04610043833576056,0.005490620620548725,128,256,256,256,256,1000,1.5794475610018708
diffuse,256,1.0,14,82a8db1d1a8818d5c70195f5dd662c8928cafd785f34afc6223fdd840b5afa83,energy,0.017022147944071496,0.06854168325662613,128,256,256,256,256,1000,1.5796953379758634
diffuse,256,1.0,14,82a8db1d1a8818d5c70195f5dd662c8928cafd785f34afc6223fdd840b5afa83,snip_independent,0.03385298878091654,0.008114950731396675,128,128,128,256,256,1000,1.5840477290330455
diffuse,256,1.0,14,82a8db1d1a8818d5c70195f5dd662c8928cafd785f34afc6223fdd840b5afa83,snip_same_half,0.06923291579294744,0.008161385543644428,128,128,128,128,256,1000,1.5807209389749914
diffuse,256,1.0,15,82a8db1d1a8818d5c70195f5dd662c8928cafd785f34afc6223fdd840b5afa83,lora,0.15089492672565444,,1024,0,256,256,256,1000,1.4689519589883275
diffuse,256,1.0,15,82a8db1d1a8818d5c70195f5dd662c8928cafd785f34afc6223fdd840b5afa83,compressed,0.01999139367779649,,128,0,256,256,256,1000,1.5168576230062172
diffuse,256,1.0,15,82a8db1d1a8818d5c70195f5dd662c8928cafd785f34afc6223fdd840b5afa83,random,0.01583902533859317,0.006458991672843695,128,256,256,256,256,1000,1.5323953269980848
diffuse,256,1.0,15,82a8db1d1a8818d5c70195f5dd662c8928cafd785f34afc6223fdd840b5afa83,gradient,0.055287515888892816,0.006331813056021929,128,256,256,256,256,1000,1.53259274904849
diffuse,256,1.0,15,82a8db1d1a8818d5c70195f5dd662c8928cafd785f34afc6223fdd840b5afa83,snip,0.04641993620716065,0.005647693760693073,128,256,256,256,256,1000,1.527435060008429
diffuse,256,1.0,15,82a8db1d1a8818d5c70195f5dd662c8928cafd785f34afc6223fdd840b5afa83,energy,0.015198026505821843,0.06854168325662613,128,256,256,256,256,1000,1.5260408319882117
diffuse,256,1.0,15,82a8db1d1a8818d5c70195f5dd662c8928cafd785f34afc6223fdd840b5afa83,snip_independent,0.03431239134172946,0.00747823528945446,128,128,128,256,256,1000,1.5239466010243632
diffuse,256,1.0,15,82a8db1d1a8818d5c70195f5dd662c8928cafd785f34afc6223fdd840b5afa83,snip_same_half,0.0708058375575239,0.0067526670172810555,128,128,128,128,256,1000,1.5295468149706721
diffuse,256,1.0,16,82a8db1d1a8818d5c70195f5dd662c8928cafd785f34afc6223fdd840b5afa83,lora,0.1509159057742134,,1024,0,256,256,256,1000,1.5100525940069929
diffuse,256,1.0,16,82a8db1d1a8818d5c70195f5dd662c8928cafd785f34afc6223fdd840b5afa83,compressed,0.021311796998892983,,128,0,256,256,256,1000,1.562601090001408
diffuse,256,1.0,16,82a8db1d1a8818d5c70195f5dd662c8928cafd785f34afc6223fdd840b5afa83,random,0.016996047839731025,0.0074033490382134914,128,256,256,256,256,1000,1.5779301919974387
diffuse,256,1.0,16,82a8db1d1a8818d5c70195f5dd662c8928cafd785f34afc6223fdd840b5afa83,gradient,0.05109303085461436,0.007862367667257786,128,256,256,256,256,1000,1.5792268959921785
diffuse,256,1.0,16,82a8db1d1a8818d5c70195f5dd662c8928cafd785f34afc6223fdd840b5afa83,snip,0.04580989292115392,0.009751019068062305,128,256,256,256,256,1000,1.578870547004044
diffuse,256,1.0,16,82a8db1d1a8818d5c70195f5dd662c8928cafd785f34afc6223fdd840b5afa83,energy,0.01964410503518201,0.06854168325662613,128,256,256,256,256,1000,1.5798873840249144
diffuse,256,1.0,16,82a8db1d1a8818d5c70195f5dd662c8928cafd785f34afc6223fdd840b5afa83,snip_independent,0.028977360279392343,0.009920489974319935,128,128,128,256,256,1000,1.5795536870136857
diffuse,256,1.0,16,82a8db1d1a8818d5c70195f5dd662c8928cafd785f34afc6223fdd840b5afa83,snip_same_half,0.06675344387190923,0.006730196997523308,128,128,128,128,256,1000,1.5801579889957793
diffuse,256,1.0,17,82a8db1d1a8818d5c70195f5dd662c8928cafd785f34afc6223fdd840b5afa83,lora,0.1567152006817472,,1024,0,256,256,256,1000,1.461101250955835
diffuse,256,1.0,17,82a8db1d1a8818d5c70195f5dd662c8928cafd785f34afc6223fdd840b5afa83,compressed,0.023773878321892532,,128,0,256,256,256,1000,1.5103032030165195
diffuse,256,1.0,17,82a8db1d1a8818d5c70195f5dd662c8928cafd785f34afc6223fdd840b5afa83,random,0.015989172486071332,0.0052443197928369045,128,256,256,256,256,1000,1.5255926080280915
diffuse,256,1.0,17,82a8db1d1a8818d5c70195f5dd662c8928cafd785f34afc6223fdd840b5afa83,gradient,0.053248652123697136,0.007631051354110241,128,256,256,256,256,1000,1.5254660550272092
diffuse,256,1.0,17,82a8db1d1a8818d5c70195f5dd662c8928cafd785f34afc6223fdd840b5afa83,snip,0.048080932345430746,0.009455852210521698,128,256,256,256,256,1000,1.528520132007543
diffuse,256,1.0,17,82a8db1d1a8818d5c70195f5dd662c8928cafd785f34afc6223fdd840b5afa83,energy,0.018804898786734983,0.06854168325662613,128,256,256,256,256,1000,1.5253771540010348
diffuse,256,1.0,17,82a8db1d1a8818d5c70195f5dd662c8928cafd785f34afc6223fdd840b5afa83,snip_independent,0.028766280637555073,0.008556134067475796,128,128,128,256,256,1000,1.5254131020628847
diffuse,256,1.0,17,82a8db1d1a8818d5c70195f5dd662c8928cafd785f34afc6223fdd840b5afa83,snip_same_half,0.06194486176465943,0.007282319478690624,128,128,128,128,256,1000,1.5273975789896213
diffuse,256,1.0,18,82a8db1d1a8818d5c70195f5dd662c8928cafd785f34afc6223fdd840b5afa83,lora,0.1646380096865632,,1024,0,256,256,256,1000,1.5108218240202405
diffuse,256,1.0,18,82a8db1d1a8818d5c70195f5dd662c8928cafd785f34afc6223fdd840b5afa83,compressed,0.021851218215848088,,128,0,256,256,256,1000,1.565772111993283
diffuse,256,1.0,18,82a8db1d1a8818d5c70195f5dd662c8928cafd785f34afc6223fdd840b5afa83,random,0.01584095248456239,0.010075457394123077,128,256,256,256,256,1000,1.580310883000493
diffuse,256,1.0,18,82a8db1d1a8818d5c70195f5dd662c8928cafd785f34afc6223fdd840b5afa83,gradient,0.05143323353204974,0.009105643257498741,128,256,256,256,256,1000,1.585006189008709
diffuse,256,1.0,18,82a8db1d1a8818d5c70195f5dd662c8928cafd785f34afc6223fdd840b5afa83,snip,0.04238530309931747,0.007186116185039282,128,256,256,256,256,1000,1.5806641470408067
diffuse,256,1.0,18,82a8db1d1a8818d5c70195f5dd662c8928cafd785f34afc6223fdd840b5afa83,energy,0.01789738236958164,0.06854168325662613,128,256,256,256,256,1000,1.582827495993115
diffuse,256,1.0,18,82a8db1d1a8818d5c70195f5dd662c8928cafd785f34afc6223fdd840b5afa83,snip_independent,0.028392034470733362,0.009137599729001522,128,128,128,256,256,1000,1.5794168559950776
diffuse,256,1.0,18,82a8db1d1a8818d5c70195f5dd662c8928cafd785f34afc6223fdd840b5afa83,snip_same_half,0.06548383850264988,0.008850782178342342,128,128,128,128,256,1000,1.582634273043368
diffuse,256,1.0,19,82a8db1d1a8818d5c70195f5dd662c8928cafd785f34afc6223fdd840b5afa83,lora,0.16317080215689622,,1024,0,256,256,256,1000,1.4606392739806324
diffuse,256,1.0,19,82a8db1d1a8818d5c70195f5dd662c8928cafd785f34afc6223fdd840b5afa83,compressed,0.019920883480403658,,128,0,256,256,256,1000,1.5095855489489622
diffuse,256,1.0,19,82a8db1d1a8818d5c70195f5dd662c8928cafd785f34afc6223fdd840b5afa83,random,0.014389787855266602,0.005230120848864317,128,256,256,256,256,1000,1.5239429829525761
diffuse,256,1.0,19,82a8db1d1a8818d5c70195f5dd662c8928cafd785f34afc6223fdd840b5afa83,gradient,0.050761740289993605,0.008796120062470436,128,256,256,256,256,1000,1.5282130699488334
diffuse,256,1.0,19,82a8db1d1a8818d5c70195f5dd662c8928cafd785f34afc6223fdd840b5afa83,snip,0.04406102004433976,0.009925839491188526,128,256,256,256,256,1000,1.5273229659651406
diffuse,256,1.0,19,82a8db1d1a8818d5c70195f5dd662c8928cafd785f34afc6223fdd840b5afa83,energy,0.01921310566329634,0.06854168325662613,128,256,256,256,256,1000,1.5348737519816495
diffuse,256,1.0,19,82a8db1d1a8818d5c70195f5dd662c8928cafd785f34afc6223fdd840b5afa83,snip_independent,0.033947663577119154,0.007000074256211519,128,128,128,256,256,1000,1.5325805919710547
diffuse,256,1.0,19,82a8db1d1a8818d5c70195f5dd662c8928cafd785f34afc6223fdd840b5afa83,snip_same_half,0.0706582033136161,0.00826201681047678,128,128,128,128,256,1000,1.5353521470096894
diffuse,1024,0.25,0,82a8db1d1a8818d5c70195f5dd662c8928cafd785f34afc6223fdd840b5afa83,lora,0.008345079089986364,,1024,0,1024,1024,1024,1000,1.5130571870249696
diffuse,1024,0.25,0,82a8db1d1a8818d5c70195f5dd662c8928cafd785f34afc6223fdd840b5afa83,compressed,0.0031632275673401113,,128,0,1024,1024,1024,1000,1.5687914569862187
diffuse,1024,0.25,0,82a8db1d1a8818d5c70195f5dd662c8928cafd785f34afc6223fdd840b5afa83,random,0.0032066711674979247,0.008456990122795105,128,1024,1024,1024,1024,1000,1.5850318899611011
diffuse,1024,0.25,0,82a8db1d1a8818d5c70195f5dd662c8928cafd785f34afc6223fdd840b5afa83,gradient,0.0032378962757115713,0.01212285365909338,128,1024,1024,1024,1024,1000,1.5834093669545837
diffuse,1024,0.25,0,82a8db1d1a8818d5c70195f5dd662c8928cafd785f34afc6223fdd840b5afa83,snip,0.003193591616201732,0.009669949300587177,128,1024,1024,1024,1024,1000,1.5844717499567196
diffuse,1024,0.25,0,82a8db1d1a8818d5c70195f5dd662c8928cafd785f34afc6223fdd840b5afa83,energy,0.0030224269327565273,0.06854168325662613,128,1024,1024,1024,1024,1000,1.5847822539508343
diffuse,1024,0.25,0,82a8db1d1a8818d5c70195f5dd662c8928cafd785f34afc6223fdd840b5afa83,snip_independent,0.003422062265032951,0.008652527816593647,128,512,512,1024,1024,1000,1.5826336680329405
diffuse,1024,0.25,0,82a8db1d1a8818d5c70195f5dd662c8928cafd785f34afc6223fdd840b5afa83,snip_same_half,0.00373042351551624,0.009436356835067272,128,512,512,512,1024,1000,1.5835399430361576
diffuse,1024,0.25,1,82a8db1d1a8818d5c70195f5dd662c8928cafd785f34afc6223fdd840b5afa83,lora,0.008495197498723368,,1024,0,1024,1024,1024,1000,1.4623001859872602
diffuse,1024,0.25,1,82a8db1d1a8818d5c70195f5dd662c8928cafd785f34afc6223fdd840b5afa83,compressed,0.0033978198807331885,,128,0,1024,1024,1024,1000,1.5144993879948743
diffuse,1024,0.25,1,82a8db1d1a8818d5c70195f5dd662c8928cafd785f34afc6223fdd840b5afa83,random,0.003314120582097081,0.00818221177905798,128,1024,1024,1024,1024,1000,1.5325715619837865
diffuse,1024,0.25,1,82a8db1d1a8818d5c70195f5dd662c8928cafd785f34afc6223fdd840b5afa83,gradient,0.0033331811511771096,0.01044564601033926,128,1024,1024,1024,1024,1000,1.5310759999556467
diffuse,1024,0.25,1,82a8db1d1a8818d5c70195f5dd662c8928cafd785f34afc6223fdd840b5afa83,snip,0.003252025346459378,0.008784081786870956,128,1024,1024,1024,1024,1000,1.5370441049453802
diffuse,1024,0.25,1,82a8db1d1a8818d5c70195f5dd662c8928cafd785f34afc6223fdd840b5afa83,energy,0.0030892436265668967,0.06854168325662613,128,1024,1024,1024,1024,1000,1.5381500970106572
diffuse,1024,0.25,1,82a8db1d1a8818d5c70195f5dd662c8928cafd785f34afc6223fdd840b5afa83,snip_independent,0.0037423734199566404,0.007146881893277168,128,512,512,1024,1024,1000,1.5377932080300525
diffuse,1024,0.25,1,82a8db1d1a8818d5c70195f5dd662c8928cafd785f34afc6223fdd840b5afa83,snip_same_half,0.004433945429639028,0.01005256175994873,128,512,512,512,1024,1000,1.5376003669807687
diffuse,1024,0.25,2,82a8db1d1a8818d5c70195f5dd662c8928cafd785f34afc6223fdd840b5afa83,lora,0.008038321899898126,,1024,0,1024,1024,1024,1000,1.5119491869700141
diffuse,1024,0.25,2,82a8db1d1a8818d5c70195f5dd662c8928cafd785f34afc6223fdd840b5afa83,compressed,0.00324051076745507,,128,0,1024,1024,1024,1000,1.5712642280268483
diffuse,1024,0.25,2,82a8db1d1a8818d5c70195f5dd662c8928cafd785f34afc6223fdd840b5afa83,random,0.003348819480535598,0.011130019091069698,128,1024,1024,1024,1024,1000,1.5854677030583844
diffuse,1024,0.25,2,82a8db1d1a8818d5c70195f5dd662c8928cafd785f34afc6223fdd840b5afa83,gradient,0.0031620964857952327,0.012608758173882961,128,1024,1024,1024,1024,1000,1.5845322580426
diffuse,1024,0.25,2,82a8db1d1a8818d5c70195f5dd662c8928cafd785f34afc6223fdd840b5afa83,snip,0.003211473526494283,0.010490575805306435,128,1024,1024,1024,1024,1000,1.5841596790705808
diffuse,1024,0.25,2,82a8db1d1a8818d5c70195f5dd662c8928cafd785f34afc6223fdd840b5afa83,energy,0.0030513891978992545,0.06854168325662613,128,1024,1024,1024,1024,1000,1.5850707900244743
diffuse,1024,0.25,2,82a8db1d1a8818d5c70195f5dd662c8928cafd785f34afc6223fdd840b5afa83,snip_independent,0.003622482982664622,0.006911495700478554,128,512,512,1024,1024,1000,1.584176818956621
diffuse,1024,0.25,2,82a8db1d1a8818d5c70195f5dd662c8928cafd785f34afc6223fdd840b5afa83,snip_same_half,0.00409898355691933,0.009096436202526093,128,512,512,512,1024,1000,1.584343250025995
diffuse,1024,0.25,3,82a8db1d1a8818d5c70195f5dd662c8928cafd785f34afc6223fdd840b5afa83,lora,0.008163995455923256,,1024,0,1024,1024,1024,1000,1.4725018489989452
diffuse,1024,0.25,3,82a8db1d1a8818d5c70195f5dd662c8928cafd785f34afc6223fdd840b5afa83,compressed,0.0033755063367597576,,128,0,1024,1024,1024,1000,1.5262031889869832
diffuse,1024,0.25,3,82a8db1d1a8818d5c70195f5dd662c8928cafd785f34afc6223fdd840b5afa83,random,0.0032639323080832466,0.011102141812443733,128,1024,1024,1024,1024,1000,1.5393322600284591
diffuse,1024,0.25,3,82a8db1d1a8818d5c70195f5dd662c8928cafd785f34afc6223fdd840b5afa83,gradient,0.00322055257920977,0.016733136028051376,128,1024,1024,1024,1024,1000,1.539893405046314
diffuse,1024,0.25,3,82a8db1d1a8818d5c70195f5dd662c8928cafd785f34afc6223fdd840b5afa83,snip,0.003310796621548724,0.010390088893473148,128,1024,1024,1024,1024,1000,1.5377999600023031
diffuse,1024,0.25,3,82a8db1d1a8818d5c70195f5dd662c8928cafd785f34afc6223fdd840b5afa83,energy,0.0031047757525984616,0.06854168325662613,128,1024,1024,1024,1024,1000,1.5399856110452674
diffuse,1024,0.25,3,82a8db1d1a8818d5c70195f5dd662c8928cafd785f34afc6223fdd840b5afa83,snip_independent,0.003403595550271735,0.008421170525252819,128,512,512,1024,1024,1000,1.5386177059845068
diffuse,1024,0.25,3,82a8db1d1a8818d5c70195f5dd662c8928cafd785f34afc6223fdd840b5afa83,snip_same_half,0.004292488318725732,0.012010044418275356,128,512,512,512,1024,1000,1.538401141995564
diffuse,1024,0.25,4,82a8db1d1a8818d5c70195f5dd662c8928cafd785f34afc6223fdd840b5afa83,lora,0.008189952115553217,,1024,0,1024,1024,1024,1000,1.5137498630210757
diffuse,1024,0.25,4,82a8db1d1a8818d5c70195f5dd662c8928cafd785f34afc6223fdd840b5afa83,compressed,0.0032748904284495553,,128,0,1024,1024,1024,1000,1.571158253995236
diffuse,1024,0.25,4,82a8db1d1a8818d5c70195f5dd662c8928cafd785f34afc6223fdd840b5afa83,random,0.0031817136593075635,0.006785748526453972,128,1024,1024,1024,1024,1000,1.5861213090247475
diffuse,1024,0.25,4,82a8db1d1a8818d5c70195f5dd662c8928cafd785f34afc6223fdd840b5afa83,gradient,0.003229979368581796,0.01539743971079588,128,1024,1024,1024,1024,1000,1.5861095170257613
diffuse,1024,0.25,4,82a8db1d1a8818d5c70195f5dd662c8928cafd785f34afc6223fdd840b5afa83,snip,0.003160068706940796,0.009849072434008121,128,1024,1024,1024,1024,1000,1.585230692056939
diffuse,1024,0.25,4,82a8db1d1a8818d5c70195f5dd662c8928cafd785f34afc6223fdd840b5afa83,energy,0.003092418852225764,0.06854168325662613,128,1024,1024,1024,1024,1000,1.5839237330364995
diffuse,1024,0.25,4,82a8db1d1a8818d5c70195f5dd662c8928cafd785f34afc6223fdd840b5afa83,snip_independent,0.0035066186354611372,0.006249238736927509,128,512,512,1024,1024,1000,1.5831488110125065
diffuse,1024,0.25,4,82a8db1d1a8818d5c70195f5dd662c8928cafd785f34afc6223fdd840b5afa83,snip_same_half,0.004163696509537584,0.010471755638718605,128,512,512,512,1024,1000,1.5833846729947254
diffuse,1024,0.25,5,82a8db1d1a8818d5c70195f5dd662c8928cafd785f34afc6223fdd840b5afa83,lora,0.008338431952550088,,1024,0,1024,1024,1024,1000,1.4698471049778163
diffuse,1024,0.25,5,82a8db1d1a8818d5c70195f5dd662c8928cafd785f34afc6223fdd840b5afa83,compressed,0.0033119470989129668,,128,0,1024,1024,1024,1000,1.5154037649626844
diffuse,1024,0.25,5,82a8db1d1a8818d5c70195f5dd662c8928cafd785f34afc6223fdd840b5afa83,random,0.0032596831075579957,0.009861418046057224,128,1024,1024,1024,1024,1000,1.5341842020279728
diffuse,1024,0.25,5,82a8db1d1a8818d5c70195f5dd662c8928cafd785f34afc6223fdd840b5afa83,gradient,0.0030196286739579857,0.017308978363871574,128,1024,1024,1024,1024,1000,1.5382755809696391
diffuse,1024,0.25,5,82a8db1d1a8818d5c70195f5dd662c8928cafd785f34afc6223fdd840b5afa83,snip,0.0032503045293130633,0.008292832411825657,128,1024,1024,1024,1024,1000,1.53957173100207
diffuse,1024,0.25,5,82a8db1d1a8818d5c70195f5dd662c8928cafd785f34afc6223fdd840b5afa83,energy,0.003068152509280467,0.06854168325662613,128,1024,1024,1024,1024,1000,1.5388000779785216
diffuse,1024,0.25,5,82a8db1d1a8818d5c70195f5dd662c8928cafd785f34afc6223fdd840b5afa83,snip_independent,0.0034471423910452997,0.010904752649366856,128,512,512,1024,1024,1000,1.53780710400315
diffuse,1024,0.25,5,82a8db1d1a8818d5c70195f5dd662c8928cafd785f34afc6223fdd840b5afa83,snip_same_half,0.004415264179511886,0.00788266770541668,128,512,512,512,1024,1000,1.5387745600310154
diffuse,1024,0.25,6,82a8db1d1a8818d5c70195f5dd662c8928cafd785f34afc6223fdd840b5afa83,lora,0.00823486178677181,,1024,0,1024,1024,1024,1000,1.5132420230074786
diffuse,1024,0.25,6,82a8db1d1a8818d5c70195f5dd662c8928cafd785f34afc6223fdd840b5afa83,compressed,0.0034222461950452316,,128,0,1024,1024,1024,1000,1.5703037360217422
diffuse,1024,0.25,6,82a8db1d1a8818d5c70195f5dd662c8928cafd785f34afc6223fdd840b5afa83,random,0.003325717349263222,0.009286529384553432,128,1024,1024,1024,1024,1000,1.5875347320106812
diffuse,1024,0.25,6,82a8db1d1a8818d5c70195f5dd662c8928cafd785f34afc6223fdd840b5afa83,gradient,0.003413170364587789,0.011207670904695988,128,1024,1024,1024,1024,1000,1.5856385549996048
diffuse,1024,0.25,6,82a8db1d1a8818d5c70195f5dd662c8928cafd785f34afc6223fdd840b5afa83,snip,0.0031625153279435164,0.010488776490092278,128,1024,1024,1024,1024,1000,1.5839168559759855
diffuse,1024,0.25,6,82a8db1d1a8818d5c70195f5dd662c8928cafd785f34afc6223fdd840b5afa83,energy,0.0030756423792698395,0.06854168325662613,128,1024,1024,1024,1024,1000,1.5843177099595778
diffuse,1024,0.25,6,82a8db1d1a8818d5c70195f5dd662c8928cafd785f34afc6223fdd840b5afa83,snip_independent,0.0034348863284459448,0.007096948102116585,128,512,512,1024,1024,1000,1.5844563089776784
diffuse,1024,0.25,6,82a8db1d1a8818d5c70195f5dd662c8928cafd785f34afc6223fdd840b5afa83,snip_same_half,0.004145328091985992,0.007231532130390406,128,512,512,512,1024,1000,1.5829933970235288
diffuse,1024,0.25,7,82a8db1d1a8818d5c70195f5dd662c8928cafd785f34afc6223fdd840b5afa83,lora,0.008292603191767233,,1024,0,1024,1024,1024,1000,1.4711462839622982
diffuse,1024,0.25,7,82a8db1d1a8818d5c70195f5dd662c8928cafd785f34afc6223fdd840b5afa83,compressed,0.0033436490026716734,,128,0,1024,1024,1024,1000,1.5143433000193909
diffuse,1024,0.25,7,82a8db1d1a8818d5c70195f5dd662c8928cafd785f34afc6223fdd840b5afa83,random,0.0032523819980118697,0.00892091728746891,128,1024,1024,1024,1024,1000,1.531793984991964
diffuse,1024,0.25,7,82a8db1d1a8818d5c70195f5dd662c8928cafd785f34afc6223fdd840b5afa83,gradient,0.003171048981216668,0.012114372104406357,128,1024,1024,1024,1024,1000,1.5309115939890034
diffuse,1024,0.25,7,82a8db1d1a8818d5c70195f5dd662c8928cafd785f34afc6223fdd840b5afa83,snip,0.0032634602680541892,0.00922037847340107,128,1024,1024,1024,1024,1000,1.5318383739795536
diffuse,1024,0.25,7,82a8db1d1a8818d5c70195f5dd662c8928cafd785f34afc6223fdd840b5afa83,energy,0.003049550440164955,0.06854168325662613,128,1024,1024,1024,1024,1000,1.5319123929948546
diffuse,1024,0.25,7,82a8db1d1a8818d5c70195f5dd662c8928cafd785f34afc6223fdd840b5afa83,snip_independent,0.003617650146964592,0.008511585183441639,128,512,512,1024,1024,1000,1.5313755060196854
diffuse,1024,0.25,7,82a8db1d1a8818d5c70195f5dd662c8928cafd785f34afc6223fdd840b5afa83,snip_same_half,0.004340253536142815,0.00918949767947197,128,512,512,512,1024,1000,1.5317472980241291
diffuse,1024,0.25,8,82a8db1d1a8818d5c70195f5dd662c8928cafd785f34afc6223fdd840b5afa83,lora,0.007945985874955486,,1024,0,1024,1024,1024,1000,1.5142279269639403
diffuse,1024,0.25,8,82a8db1d1a8818d5c70195f5dd662c8928cafd785f34afc6223fdd840b5afa83,compressed,0.0031618028855655575,,128,0,1024,1024,1024,1000,1.5695498440181836
diffuse,1024,0.25,8,82a8db1d1a8818d5c70195f5dd662c8928cafd785f34afc6223fdd840b5afa83,random,0.0032310478732333336,0.006998611614108086,128,1024,1024,1024,1024,1000,1.5867365370504558
diffuse,1024,0.25,8,82a8db1d1a8818d5c70195f5dd662c8928cafd785f34afc6223fdd840b5afa83,gradient,0.0031672226531525623,0.01325229275971651,128,1024,1024,1024,1024,1000,1.587375818984583
diffuse,1024,0.25,8,82a8db1d1a8818d5c70195f5dd662c8928cafd785f34afc6223fdd840b5afa83,snip,0.0031914127010521263,0.010438847355544567,128,1024,1024,1024,1024,1000,1.585589032038115
diffuse,1024,0.25,8,82a8db1d1a8818d5c70195f5dd662c8928cafd785f34afc6223fdd840b5afa83,energy,0.002963827468741737,0.06854168325662613,128,1024,1024,1024,1024,1000,1.586649364035111
diffuse,1024,0.25,8,82a8db1d1a8818d5c70195f5dd662c8928cafd785f34afc6223fdd840b5afa83,snip_independent,0.003875145126673667,0.008919795043766499,128,512,512,1024,1024,1000,1.5853253579698503
diffuse,1024,0.25,8,82a8db1d1a8818d5c70195f5dd662c8928cafd785f34afc6223fdd840b5afa83,snip_same_half,0.004011522450196346,0.010162431746721268,128,512,512,512,1024,1000,1.5858193809981458
diffuse,1024,0.25,9,82a8db1d1a8818d5c70195f5dd662c8928cafd785f34afc6223fdd840b5afa83,lora,0.0083014308944223,,1024,0,1024,1024,1024,1000,1.462045579974074
diffuse,1024,0.25,9,82a8db1d1a8818d5c70195f5dd662c8928cafd785f34afc6223fdd840b5afa83,compressed,0.003384641879951829,,128,0,1024,1024,1024,1000,1.520419074979145
diffuse,1024,0.25,9,82a8db1d1a8818d5c70195f5dd662c8928cafd785f34afc6223fdd840b5afa83,random,0.003285203605715207,0.008659077808260918,128,1024,1024,1024,1024,1000,1.5362073430442251
diffuse,1024,0.25,9,82a8db1d1a8818d5c70195f5dd662c8928cafd785f34afc6223fdd840b5afa83,gradient,0.0032249755240249143,0.014711348339915276,128,1024,1024,1024,1024,1000,1.5354584510205314
diffuse,1024,0.25,9,82a8db1d1a8818d5c70195f5dd662c8928cafd785f34afc6223fdd840b5afa83,snip,0.0032595460663142183,0.007585658226162195,128,1024,1024,1024,1024,1000,1.5362796960398555
diffuse,1024,0.25,9,82a8db1d1a8818d5c70195f5dd662c8928cafd785f34afc6223fdd840b5afa83,energy,0.0031540613711440613,0.06854168325662613,128,1024,1024,1024,1024,1000,1.5358998390147462
diffuse,1024,0.25,9,82a8db1d1a8818d5c70195f5dd662c8928cafd785f34afc6223fdd840b5afa83,snip_independent,0.0034575418606740994,0.009162528440356255,128,512,512,1024,1024,1000,1.5345355700119399
diffuse,1024,0.25,9,82a8db1d1a8818d5c70195f5dd662c8928cafd785f34afc6223fdd840b5afa83,snip_same_half,0.004014140884043027,0.009054572321474552,128,512,512,512,1024,1000,1.533869285020046
diffuse,1024,0.25,10,82a8db1d1a8818d5c70195f5dd662c8928cafd785f34afc6223fdd840b5afa83,lora,0.008323458139556414,,1024,0,1024,1024,1024,1000,1.5151447739917785
diffuse,1024,0.25,10,82a8db1d1a8818d5c70195f5dd662c8928cafd785f34afc6223fdd840b5afa83,compressed,0.003317353428604561,,128,0,1024,1024,1024,1000,1.5720256099593826
diffuse,1024,0.25,10,82a8db1d1a8818d5c70195f5dd662c8928cafd785f34afc6223fdd840b5afa83,random,0.003143791942263742,0.007531636394560337,128,1024,1024,1024,1024,1000,1.5873151800478809
diffuse,1024,0.25,10,82a8db1d1a8818d5c70195f5dd662c8928cafd785f34afc6223fdd840b5afa83,gradient,0.003319934513279669,0.013827158138155937,128,1024,1024,1024,1024,1000,1.58736341499025
diffuse,1024,0.25,10,82a8db1d1a8818d5c70195f5dd662c8928cafd785f34afc6223fdd840b5afa83,snip,0.0030831067376261767,0.008977591060101986,128,1024,1024,1024,1024,1000,1.5850858580088243
diffuse,1024,0.25,10,82a8db1d1a8818d5c70195f5dd662c8928cafd785f34afc6223fdd840b5afa83,energy,0.0031098220029584997,0.06854168325662613,128,1024,1024,1024,1024,1000,1.5866594190592878
diffuse,1024,0.25,10,82a8db1d1a8818d5c70195f5dd662c8928cafd785f34afc6223fdd840b5afa83,snip_independent,0.0037753124635770932,0.009430157952010632,128,512,512,1024,1024,1000,1.5863612910034135
diffuse,1024,0.25,10,82a8db1d1a8818d5c70195f5dd662c8928cafd785f34afc6223fdd840b5afa83,snip_same_half,0.00452106563681468,0.008667835034430027,128,512,512,512,1024,1000,1.587197630025912
diffuse,1024,0.25,11,82a8db1d1a8818d5c70195f5dd662c8928cafd785f34afc6223fdd840b5afa83,lora,0.009073194933819227,,1024,0,1024,1024,1024,1000,1.4761938329902478
diffuse,1024,0.25,11,82a8db1d1a8818d5c70195f5dd662c8928cafd785f34afc6223fdd840b5afa83,compressed,0.0034825530233703605,,128,0,1024,1024,1024,1000,1.5266942830057815
diffuse,1024,0.25,11,82a8db1d1a8818d5c70195f5dd662c8928cafd785f34afc6223fdd840b5afa83,random,0.0033868399268095354,0.005783206317573786,128,1024,1024,1024,1024,1000,1.5429997749743052
diffuse,1024,0.25,11,82a8db1d1a8818d5c70195f5dd662c8928cafd785f34afc6223fdd840b5afa83,gradient,0.0033521533404705134,0.00885143131017685,128,1024,1024,1024,1024,1000,1.5434499379480258
diffuse,1024,0.25,11,82a8db1d1a8818d5c70195f5dd662c8928cafd785f34afc6223fdd840b5afa83,snip,0.0032347226726572916,0.007091658189892769,128,1024,1024,1024,1024,1000,1.5423328989418224
diffuse,1024,0.25,11,82a8db1d1a8818d5c70195f5dd662c8928cafd785f34afc6223fdd840b5afa83,energy,0.0032308531642337578,0.06854168325662613,128,1024,1024,1024,1024,1000,1.5441496819257736
diffuse,1024,0.25,11,82a8db1d1a8818d5c70195f5dd662c8928cafd785f34afc6223fdd840b5afa83,snip_independent,0.003999773366425301,0.008438396267592907,128,512,512,1024,1024,1000,1.5416779599618167
diffuse,1024,0.25,11,82a8db1d1a8818d5c70195f5dd662c8928cafd785f34afc6223fdd840b5afa83,snip_same_half,0.004514474943246569,0.007984977215528488,128,512,512,512,1024,1000,1.5360993170179427
diffuse,1024,0.25,12,82a8db1d1a8818d5c70195f5dd662c8928cafd785f34afc6223fdd840b5afa83,lora,0.008281037907887256,,1024,0,1024,1024,1024,1000,1.513227577030193
diffuse,1024,0.25,12,82a8db1d1a8818d5c70195f5dd662c8928cafd785f34afc6223fdd840b5afa83,compressed,0.0031968396835893335,,128,0,1024,1024,1024,1000,1.570494734973181
diffuse,1024,0.25,12,82a8db1d1a8818d5c70195f5dd662c8928cafd785f34afc6223fdd840b5afa83,random,0.003232134735323672,0.007643258199095726,128,1024,1024,1024,1024,1000,1.5862197609385476
diffuse,1024,0.25,12,82a8db1d1a8818d5c70195f5dd662c8928cafd785f34afc6223fdd840b5afa83,gradient,0.0030990486441944114,0.012670974247157574,128,1024,1024,1024,1024,1000,1.5862784009659663
diffuse,1024,0.25,12,82a8db1d1a8818d5c70195f5dd662c8928cafd785f34afc6223fdd840b5afa83,snip,0.0030647503151980462,0.010954020544886589,128,1024,1024,1024,1024,1000,1.586214120965451
diffuse,1024,0.25,12,82a8db1d1a8818d5c70195f5dd662c8928cafd785f34afc6223fdd840b5afa83,energy,0.0029883263723736835,0.06854168325662613,128,1024,1024,1024,1024,1000,1.5874161039246246
diffuse,1024,0.25,12,82a8db1d1a8818d5c70195f5dd662c8928cafd785f34afc6223fdd840b5afa83,snip_independent,0.0033746299104417386,0.011151107028126717,128,512,512,1024,1024,1000,1.5860225849901326
diffuse,1024,0.25,12,82a8db1d1a8818d5c70195f5dd662c8928cafd785f34afc6223fdd840b5afa83,snip_same_half,0.003921464138249616,0.009137683548033237,128,512,512,512,1024,1000,1.585869806993287
diffuse,1024,0.25,13,82a8db1d1a8818d5c70195f5dd662c8928cafd785f34afc6223fdd840b5afa83,lora,0.008323655877741521,,1024,0,1024,1024,1024,1000,1.4630787850474007
diffuse,1024,0.25,13,82a8db1d1a8818d5c70195f5dd662c8928cafd785f34afc6223fdd840b5afa83,compressed,0.003201993348066783,,128,0,1024,1024,1024,1000,1.5156095580314286
diffuse,1024,0.25,13,82a8db1d1a8818d5c70195f5dd662c8928cafd785f34afc6223fdd840b5afa83,random,0.0032264790617456845,0.00596801470965147,128,1024,1024,1024,1024,1000,1.5305265800561756
diffuse,1024,0.25,13,82a8db1d1a8818d5c70195f5dd662c8928cafd785f34afc6223fdd840b5afa83,gradient,0.0034018146943240127,0.011680317111313343,128,1024,1024,1024,1024,1000,1.5297364470316097
diffuse,1024,0.25,13,82a8db1d1a8818d5c70195f5dd662c8928cafd785f34afc6223fdd840b5afa83,snip,0.0032437302087383866,0.007973350584506989,128,1024,1024,1024,1024,1000,1.5313936329912394
diffuse,1024,0.25,13,82a8db1d1a8818d5c70195f5dd662c8928cafd785f34afc6223fdd840b5afa83,energy,0.003043534230498555,0.06854168325662613,128,1024,1024,1024,1024,1000,1.5386047519859858
diffuse,1024,0.25,13,82a8db1d1a8818d5c70195f5dd662c8928cafd785f34afc6223fdd840b5afa83,snip_independent,0.0034864571862931954,0.008393174968659878,128,512,512,1024,1024,1000,1.5374826810439117
diffuse,1024,0.25,13,82a8db1d1a8818d5c70195f5dd662c8928cafd785f34afc6223fdd840b5afa83,snip_same_half,0.004410562373742729,0.008677278645336628,128,512,512,512,1024,1000,1.5371799299609847
diffuse,1024,0.25,14,82a8db1d1a8818d5c70195f5dd662c8928cafd785f34afc6223fdd840b5afa83,lora,0.008221338874949745,,1024,0,1024,1024,1024,1000,1.51332170603564
diffuse,1024,0.25,14,82a8db1d1a8818d5c70195f5dd662c8928cafd785f34afc6223fdd840b5afa83,compressed,0.003254272662224917,,128,0,1024,1024,1024,1000,1.5695948229986243
diffuse,1024,0.25,14,82a8db1d1a8818d5c70195f5dd662c8928cafd785f34afc6223fdd840b5afa83,random,0.0031746534238782267,0.00689336471259594,128,1024,1024,1024,1024,1000,1.5866209550295025
diffuse,1024,0.25,14,82a8db1d1a8818d5c70195f5dd662c8928cafd785f34afc6223fdd840b5afa83,gradient,0.003168281386880314,0.010949692688882351,128,1024,1024,1024,1024,1000,1.5868158839875832
diffuse,1024,0.25,14,82a8db1d1a8818d5c70195f5dd662c8928cafd785f34afc6223fdd840b5afa83,snip,0.0029852584677595136,0.011040725745260715,128,1024,1024,1024,1024,1000,1.585681174066849
diffuse,1024,0.25,14,82a8db1d1a8818d5c70195f5dd662c8928cafd785f34afc6223fdd840b5afa83,energy,0.002988489208999694,0.06854168325662613,128,1024,1024,1024,1024,1000,1.5858527490054257
diffuse,1024,0.25,14,82a8db1d1a8818d5c70195f5dd662c8928cafd785f34afc6223fdd840b5afa83,snip_independent,0.003366785429126191,0.008930075913667679,128,512,512,1024,1024,1000,1.585840227024164
diffuse,1024,0.25,14,82a8db1d1a8818d5c70195f5dd662c8928cafd785f34afc6223fdd840b5afa83,snip_same_half,0.0035640876440225736,0.01065849605947733,128,512,512,512,1024,1000,1.5863373770262115
diffuse,1024,0.25,15,82a8db1d1a8818d5c70195f5dd662c8928cafd785f34afc6223fdd840b5afa83,lora,0.007929101716650119,,1024,0,1024,1024,1024,1000,1.4746121270000003
diffuse,1024,0.25,15,82a8db1d1a8818d5c70195f5dd662c8928cafd785f34afc6223fdd840b5afa83,compressed,0.0032299917832945137,,128,0,1024,1024,1024,1000,1.517537267995067
diffuse,1024,0.25,15,82a8db1d1a8818d5c70195f5dd662c8928cafd785f34afc6223fdd840b5afa83,random,0.003200828802846501,0.006458991672843695,128,1024,1024,1024,1024,1000,1.5322420049924403
diffuse,1024,0.25,15,82a8db1d1a8818d5c70195f5dd662c8928cafd785f34afc6223fdd840b5afa83,gradient,0.0032237661557289812,0.01230507530272007,128,1024,1024,1024,1024,1000,1.5329363630153239
diffuse,1024,0.25,15,82a8db1d1a8818d5c70195f5dd662c8928cafd785f34afc6223fdd840b5afa83,snip,0.0031786821668469295,0.009557146579027176,128,1024,1024,1024,1024,1000,1.5331321359844878
diffuse,1024,0.25,15,82a8db1d1a8818d5c70195f5dd662c8928cafd785f34afc6223fdd840b5afa83,energy,0.002973614296064184,0.06854168325662613,128,1024,1024,1024,1024,1000,1.5334457820281386
diffuse,1024,0.25,15,82a8db1d1a8818d5c70195f5dd662c8928cafd785f34afc6223fdd840b5afa83,snip_independent,0.0035322611456163108,0.009535831399261951,128,512,512,1024,1024,1000,1.53193724504672
diffuse,1024,0.25,15,82a8db1d1a8818d5c70195f5dd662c8928cafd785f34afc6223fdd840b5afa83,snip_same_half,0.004088513816142874,0.00912382174283266,128,512,512,512,1024,1000,1.5323105339775793
diffuse,1024,0.25,16,82a8db1d1a8818d5c70195f5dd662c8928cafd785f34afc6223fdd840b5afa83,lora,0.00815020328713516,,1024,0,1024,1024,1024,1000,1.5127546389703639
diffuse,1024,0.25,16,82a8db1d1a8818d5c70195f5dd662c8928cafd785f34afc6223fdd840b5afa83,compressed,0.0032063033682538968,,128,0,1024,1024,1024,1000,1.5737919809762388
diffuse,1024,0.25,16,82a8db1d1a8818d5c70195f5dd662c8928cafd785f34afc6223fdd840b5afa83,random,0.0031424366927624604,0.0074033490382134914,128,1024,1024,1024,1024,1000,1.5886957370094024
diffuse,1024,0.25,16,82a8db1d1a8818d5c70195f5dd662c8928cafd785f34afc6223fdd840b5afa83,gradient,0.0033282143244696308,0.011504230089485645,128,1024,1024,1024,1024,1000,1.5941305250162259
diffuse,1024,0.25,16,82a8db1d1a8818d5c70195f5dd662c8928cafd785f34afc6223fdd840b5afa83,snip,0.0031990158027211963,0.008766310289502144,128,1024,1024,1024,1024,1000,1.5913522579940036
diffuse,1024,0.25,16,82a8db1d1a8818d5c70195f5dd662c8928cafd785f34afc6223fdd840b5afa83,energy,0.002901964504255993,0.06854168325662613,128,1024,1024,1024,1024,1000,1.5923840780742466
diffuse,1024,0.25,16,82a8db1d1a8818d5c70195f5dd662c8928cafd785f34afc6223fdd840b5afa83,snip_independent,0.0034893920536557847,0.0077256690710783005,128,512,512,1024,1024,1000,1.5899503550026566
diffuse,1024,0.25,16,82a8db1d1a8818d5c70195f5dd662c8928cafd785f34afc6223fdd840b5afa83,snip_same_half,0.004313342868801134,0.00919606164097786,128,512,512,512,1024,1000,1.5909073140355758
diffuse,1024,0.25,17,82a8db1d1a8818d5c70195f5dd662c8928cafd785f34afc6223fdd840b5afa83,lora,0.007881378687519801,,1024,0,1024,1024,1024,1000,1.4628818050259724
diffuse,1024,0.25,17,82a8db1d1a8818d5c70195f5dd662c8928cafd785f34afc6223fdd840b5afa83,compressed,0.0031701505927101397,,128,0,1024,1024,1024,1000,1.5146181599702686
diffuse,1024,0.25,17,82a8db1d1a8818d5c70195f5dd662c8928cafd785f34afc6223fdd840b5afa83,random,0.0032194251148875484,0.0052443197928369045,128,1024,1024,1024,1024,1000,1.5307874340214767
diffuse,1024,0.25,17,82a8db1d1a8818d5c70195f5dd662c8928cafd785f34afc6223fdd840b5afa83,gradient,0.0030883583175552254,0.015721283853054047,128,1024,1024,1024,1024,1000,1.5386840910068713
diffuse,1024,0.25,17,82a8db1d1a8818d5c70195f5dd662c8928cafd785f34afc6223fdd840b5afa83,snip,0.0031855648900537582,0.009504253976047039,128,1024,1024,1024,1024,1000,1.5377006170456298
diffuse,1024,0.25,17,82a8db1d1a8818d5c70195f5dd662c8928cafd785f34afc6223fdd840b5afa83,energy,0.002943996252358057,0.06854168325662613,128,1024,1024,1024,1024,1000,1.540557038038969
diffuse,1024,0.25,17,82a8db1d1a8818d5c70195f5dd662c8928cafd785f34afc6223fdd840b5afa83,snip_independent,0.0033985832281144906,0.009494584053754807,128,512,512,1024,1024,1000,1.5369665089529008
diffuse,1024,0.25,17,82a8db1d1a8818d5c70195f5dd662c8928cafd785f34afc6223fdd840b5afa83,snip_same_half,0.0038383870462721167,0.007150466088205576,128,512,512,512,1024,1000,1.5389303439878859
diffuse,1024,0.25,18,82a8db1d1a8818d5c70195f5dd662c8928cafd785f34afc6223fdd840b5afa83,lora,0.008324788919813687,,1024,0,1024,1024,1024,1000,1.5194352749967948
diffuse,1024,0.25,18,82a8db1d1a8818d5c70195f5dd662c8928cafd785f34afc6223fdd840b5afa83,compressed,0.0032650825362763357,,128,0,1024,1024,1024,1000,1.5767905410029925
diffuse,1024,0.25,18,82a8db1d1a8818d5c70195f5dd662c8928cafd785f34afc6223fdd840b5afa83,random,0.0032503586311378365,0.010075457394123077,128,1024,1024,1024,1024,1000,1.5929661419941112
diffuse,1024,0.25,18,82a8db1d1a8818d5c70195f5dd662c8928cafd785f34afc6223fdd840b5afa83,gradient,0.0033267791890338287,0.011528391391038895,128,1024,1024,1024,1024,1000,1.5922293270123191
diffuse,1024,0.25,18,82a8db1d1a8818d5c70195f5dd662c8928cafd785f34afc6223fdd840b5afa83,snip,0.0033069206039499635,0.010609648190438747,128,1024,1024,1024,1024,1000,1.5927770280395634
diffuse,1024,0.25,18,82a8db1d1a8818d5c70195f5dd662c8928cafd785f34afc6223fdd840b5afa83,energy,0.0030141213612714986,0.06854168325662613,128,1024,1024,1024,1024,1000,1.5925273740431294
diffuse,1024,0.25,18,82a8db1d1a8818d5c70195f5dd662c8928cafd785f34afc6223fdd840b5afa83,snip_independent,0.003577360978325517,0.006466771941632032,128,512,512,1024,1024,1000,1.5923755260300823
diffuse,1024,0.25,18,82a8db1d1a8818d5c70195f5dd662c8928cafd785f34afc6223fdd840b5afa83,snip_same_half,0.004199780302673079,0.010207508690655231,128,512,512,512,1024,1000,1.591475954046473
diffuse,1024,0.25,19,82a8db1d1a8818d5c70195f5dd662c8928cafd785f34afc6223fdd840b5afa83,lora,0.008520804313408036,,1024,0,1024,1024,1024,1000,1.4713117569917813
diffuse,1024,0.25,19,82a8db1d1a8818d5c70195f5dd662c8928cafd785f34afc6223fdd840b5afa83,compressed,0.003338404718519451,,128,0,1024,1024,1024,1000,1.5240526989800856
diffuse,1024,0.25,19,82a8db1d1a8818d5c70195f5dd662c8928cafd785f34afc6223fdd840b5afa83,random,0.003254586376445887,0.005230120848864317,128,1024,1024,1024,1024,1000,1.5408869510283694
diffuse,1024,0.25,19,82a8db1d1a8818d5c70195f5dd662c8928cafd785f34afc6223fdd840b5afa83,gradient,0.0031679654620168666,0.014031930826604366,128,1024,1024,1024,1024,1000,1.5410432340577245
diffuse,1024,0.25,19,82a8db1d1a8818d5c70195f5dd662c8928cafd785f34afc6223fdd840b5afa83,snip,0.003174246408823086,0.008326256647706032,128,1024,1024,1024,1024,1000,1.5360344730434008
diffuse,1024,0.25,19,82a8db1d1a8818d5c70195f5dd662c8928cafd785f34afc6223fdd840b5afa83,energy,0.0031177742862564034,0.06854168325662613,128,1024,1024,1024,1024,1000,1.5368615760235116
diffuse,1024,0.25,19,82a8db1d1a8818d5c70195f5dd662c8928cafd785f34afc6223fdd840b5afa83,snip_independent,0.0036594058077525186,0.010111154988408089,128,512,512,1024,1024,1000,1.5398562590125948
diffuse,1024,0.25,19,82a8db1d1a8818d5c70195f5dd662c8928cafd785f34afc6223fdd840b5afa83,snip_same_half,0.004156493443271395,0.008920715190470219,128,512,512,512,1024,1000,1.5408126690308563
diffuse,1024,0.5,0,82a8db1d1a8818d5c70195f5dd662c8928cafd785f34afc6223fdd840b5afa83,lora,0.028573119791441573,,1024,0,1024,1024,1024,1000,1.5188976540230215
diffuse,1024,0.5,0,82a8db1d1a8818d5c70195f5dd662c8928cafd785f34afc6223fdd840b5afa83,compressed,0.004206914741015847,,128,0,1024,1024,1024,1000,1.5774373830063269
diffuse,1024,0.5,0,82a8db1d1a8818d5c70195f5dd662c8928cafd785f34afc6223fdd840b5afa83,random,0.0040368751194889575,0.008456990122795105,128,1024,1024,1024,1024,1000,1.592022032942623
diffuse,1024,0.5,0,82a8db1d1a8818d5c70195f5dd662c8928cafd785f34afc6223fdd840b5afa83,gradient,0.006043877867348952,0.007236211095005274,128,1024,1024,1024,1024,1000,1.5929916499881074
diffuse,1024,0.5,0,82a8db1d1a8818d5c70195f5dd662c8928cafd785f34afc6223fdd840b5afa83,snip,0.004942209906654723,0.00975063443183899,128,1024,1024,1024,1024,1000,1.5904531349660829
diffuse,1024,0.5,0,82a8db1d1a8818d5c70195f5dd662c8928cafd785f34afc6223fdd840b5afa83,energy,0.0038271234791934015,0.06854168325662613,128,1024,1024,1024,1024,1000,1.5919690099544823
diffuse,1024,0.5,0,82a8db1d1a8818d5c70195f5dd662c8928cafd785f34afc6223fdd840b5afa83,snip_independent,0.005409080563587552,0.009288907982409,128,512,512,1024,1024,1000,1.5872703630593605
diffuse,1024,0.5,0,82a8db1d1a8818d5c70195f5dd662c8928cafd785f34afc6223fdd840b5afa83,snip_same_half,0.007873601320451751,0.008278670720756054,128,512,512,512,1024,1000,1.587282115011476
diffuse,1024,0.5,1,82a8db1d1a8818d5c70195f5dd662c8928cafd785f34afc6223fdd840b5afa83,lora,0.03112749947241377,,1024,0,1024,1024,1024,1000,1.4740518140024506
diffuse,1024,0.5,1,82a8db1d1a8818d5c70195f5dd662c8928cafd785f34afc6223fdd840b5afa83,compressed,0.004868711465471036,,128,0,1024,1024,1024,1000,1.525368859001901
diffuse,1024,0.5,1,82a8db1d1a8818d5c70195f5dd662c8928cafd785f34afc6223fdd840b5afa83,random,0.004465152935917649,0.008182210847735405,128,1024,1024,1024,1024,1000,1.5411518400069326
diffuse,1024,0.5,1,82a8db1d1a8818d5c70195f5dd662c8928cafd785f34afc6223fdd840b5afa83,gradient,0.006298042994539394,0.007886911742389202,128,1024,1024,1024,1024,1000,1.5405373410321772
diffuse,1024,0.5,1,82a8db1d1a8818d5c70195f5dd662c8928cafd785f34afc6223fdd840b5afa83,snip,0.005154415037837303,0.008391940034925938,128,1024,1024,1024,1024,1000,1.5405985290417448
diffuse,1024,0.5,1,82a8db1d1a8818d5c70195f5dd662c8928cafd785f34afc6223fdd840b5afa83,energy,0.004230652572827653,0.06854168325662613,128,1024,1024,1024,1024,1000,1.5396970870206133
diffuse,1024,0.5,1,82a8db1d1a8818d5c70195f5dd662c8928cafd785f34afc6223fdd840b5afa83,snip_independent,0.006495054376561845,0.006981830112636089,128,512,512,1024,1024,1000,1.5376057960093021
diffuse,1024,0.5,1,82a8db1d1a8818d5c70195f5dd662c8928cafd785f34afc6223fdd840b5afa83,snip_same_half,0.010387495296597177,0.01000312902033329,128,512,512,512,1024,1000,1.539574253023602
diffuse,1024,0.5,2,82a8db1d1a8818d5c70195f5dd662c8928cafd785f34afc6223fdd840b5afa83,lora,0.029810940523818125,,1024,0,1024,1024,1024,1000,1.5195714419824071
diffuse,1024,0.5,2,82a8db1d1a8818d5c70195f5dd662c8928cafd785f34afc6223fdd840b5afa83,compressed,0.004530551058806147,,128,0,1024,1024,1024,1000,1.57364061800763
diffuse,1024,0.5,2,82a8db1d1a8818d5c70195f5dd662c8928cafd785f34afc6223fdd840b5afa83,random,0.004499411217782966,0.011130019091069698,128,1024,1024,1024,1024,1000,1.5899405729724094
diffuse,1024,0.5,2,82a8db1d1a8818d5c70195f5dd662c8928cafd785f34afc6223fdd840b5afa83,gradient,0.006247576398170016,0.008609329350292683,128,1024,1024,1024,1024,1000,1.5887608590419404
diffuse,1024,0.5,2,82a8db1d1a8818d5c70195f5dd662c8928cafd785f34afc6223fdd840b5afa83,snip,0.00516839273176571,0.009949266910552979,128,1024,1024,1024,1024,1000,1.588908014993649
diffuse,1024,0.5,2,82a8db1d1a8818d5c70195f5dd662c8928cafd785f34afc6223fdd840b5afa83,energy,0.004180546830085863,0.06854168325662613,128,1024,1024,1024,1024,1000,1.591183622018434
diffuse,1024,0.5,2,82a8db1d1a8818d5c70195f5dd662c8928cafd785f34afc6223fdd840b5afa83,snip_independent,0.005960055691220504,0.007716969586908817,128,512,512,1024,1024,1000,1.590925396012608
diffuse,1024,0.5,2,82a8db1d1a8818d5c70195f5dd662c8928cafd785f34afc6223fdd840b5afa83,snip_same_half,0.00886953065116484,0.007922647520899773,128,512,512,512,1024,1000,1.5921541030402295
diffuse,1024,0.5,3,82a8db1d1a8818d5c70195f5dd662c8928cafd785f34afc6223fdd840b5afa83,lora,0.027277831003481787,,1024,0,1024,1024,1024,1000,1.4732649269863032
diffuse,1024,0.5,3,82a8db1d1a8818d5c70195f5dd662c8928cafd785f34afc6223fdd840b5afa83,compressed,0.004830508864201117,,128,0,1024,1024,1024,1000,1.5248854049714282
diffuse,1024,0.5,3,82a8db1d1a8818d5c70195f5dd662c8928cafd785f34afc6223fdd840b5afa83,random,0.0043519423916871715,0.011102142743766308,128,1024,1024,1024,1024,1000,1.5396470099803992
diffuse,1024,0.5,3,82a8db1d1a8818d5c70195f5dd662c8928cafd785f34afc6223fdd840b5afa83,gradient,0.006665537669295479,0.01303133461624384,128,1024,1024,1024,1024,1000,1.5398199839983135
diffuse,1024,0.5,3,82a8db1d1a8818d5c70195f5dd662c8928cafd785f34afc6223fdd840b5afa83,snip,0.005658939348836341,0.008492271415889263,128,1024,1024,1024,1024,1000,1.5389096910366789
diffuse,1024,0.5,3,82a8db1d1a8818d5c70195f5dd662c8928cafd785f34afc6223fdd840b5afa83,energy,0.004277063540653341,0.06854169070720673,128,1024,1024,1024,1024,1000,1.540636989986524
diffuse,1024,0.5,3,82a8db1d1a8818d5c70195f5dd662c8928cafd785f34afc6223fdd840b5afa83,snip_independent,0.005850056509304457,0.007047993130981922,128,512,512,1024,1024,1000,1.5379482899443246
diffuse,1024,0.5,3,82a8db1d1a8818d5c70195f5dd662c8928cafd785f34afc6223fdd840b5afa83,snip_same_half,0.00977730689619792,0.010677045211195946,128,512,512,512,1024,1000,1.5403250689269044
diffuse,1024,0.5,4,82a8db1d1a8818d5c70195f5dd662c8928cafd785f34afc6223fdd840b5afa83,lora,0.027812248758357902,,1024,0,1024,1024,1024,1000,1.5189954050001688
diffuse,1024,0.5,4,82a8db1d1a8818d5c70195f5dd662c8928cafd785f34afc6223fdd840b5afa83,compressed,0.0045860602831888815,,128,0,1024,1024,1024,1000,1.573266852996312
diffuse,1024,0.5,4,82a8db1d1a8818d5c70195f5dd662c8928cafd785f34afc6223fdd840b5afa83,random,0.0041095105262196506,0.006785748526453972,128,1024,1024,1024,1024,1000,1.5887726069777273
diffuse,1024,0.5,4,82a8db1d1a8818d5c70195f5dd662c8928cafd785f34afc6223fdd840b5afa83,gradient,0.0066625023755735036,0.010748018510639668,128,1024,1024,1024,1024,1000,1.5915449989843182
diffuse,1024,0.5,4,82a8db1d1a8818d5c70195f5dd662c8928cafd785f34afc6223fdd840b5afa83,snip,0.005246691764452459,0.008423439227044582,128,1024,1024,1024,1024,1000,1.5891269220155664
diffuse,1024,0.5,4,82a8db1d1a8818d5c70195f5dd662c8928cafd785f34afc6223fdd840b5afa83,energy,0.004293407468455314,0.06854168325662613,128,1024,1024,1024,1024,1000,1.5891915620304644
diffuse,1024,0.5,4,82a8db1d1a8818d5c70195f5dd662c8928cafd785f34afc6223fdd840b5afa83,snip_independent,0.006009455573191138,0.005943856667727232,128,512,512,1024,1024,1000,1.587786354997661
diffuse,1024,0.5,4,82a8db1d1a8818d5c70195f5dd662c8928cafd785f34afc6223fdd840b5afa83,snip_same_half,0.008809581266340781,0.010811648331582546,128,512,512,512,1024,1000,1.5882223260123283
diffuse,1024,0.5,5,82a8db1d1a8818d5c70195f5dd662c8928cafd785f34afc6223fdd840b5afa83,lora,0.029392674885015235,,1024,0,1024,1024,1024,1000,1.4748547520139255
diffuse,1024,0.5,5,82a8db1d1a8818d5c70195f5dd662c8928cafd785f34afc6223fdd840b5afa83,compressed,0.004667887565233191,,128,0,1024,1024,1024,1000,1.5234613749780692
diffuse,1024,0.5,5,82a8db1d1a8818d5c70195f5dd662c8928cafd785f34afc6223fdd840b5afa83,random,0.004232814881557913,0.009861418046057224,128,1024,1024,1024,1024,1000,1.5391764959786087
diffuse,1024,0.5,5,82a8db1d1a8818d5c70195f5dd662c8928cafd785f34afc6223fdd840b5afa83,gradient,0.005941378760827653,0.013036563992500305,128,1024,1024,1024,1024,1000,1.5391506729647517
diffuse,1024,0.5,5,82a8db1d1a8818d5c70195f5dd662c8928cafd785f34afc6223fdd840b5afa83,snip,0.005231341816961751,0.007797992322593927,128,1024,1024,1024,1024,1000,1.537784271989949
diffuse,1024,0.5,5,82a8db1d1a8818d5c70195f5dd662c8928cafd785f34afc6223fdd840b5afa83,energy,0.004175991827682334,0.06854168325662613,128,1024,1024,1024,1024,1000,1.5400919250096194
diffuse,1024,0.5,5,82a8db1d1a8818d5c70195f5dd662c8928cafd785f34afc6223fdd840b5afa83,snip_independent,0.006126890568576017,0.009738196618855,128,512,512,1024,1024,1000,1.5377233340404928
diffuse,1024,0.5,5,82a8db1d1a8818d5c70195f5dd662c8928cafd785f34afc6223fdd840b5afa83,snip_same_half,0.008937122862322046,0.007343379780650139,128,512,512,512,1024,1000,1.5307423930498771
diffuse,1024,0.5,6,82a8db1d1a8818d5c70195f5dd662c8928cafd785f34afc6223fdd840b5afa83,lora,0.028800798330603058,,1024,0,1024,1024,1024,1000,1.5191255310201086
diffuse,1024,0.5,6,82a8db1d1a8818d5c70195f5dd662c8928cafd785f34afc6223fdd840b5afa83,compressed,0.005079126178472715,,128,0,1024,1024,1024,1000,1.575674909981899
diffuse,1024,0.5,6,82a8db1d1a8818d5c70195f5dd662c8928cafd785f34afc6223fdd840b5afa83,random,0.004608822333890483,0.009286529384553432,128,1024,1024,1024,1024,1000,1.588126479939092
diffuse,1024,0.5,6,82a8db1d1a8818d5c70195f5dd662c8928cafd785f34afc6223fdd840b5afa83,gradient,0.007024906951949855,0.007582070305943489,128,1024,1024,1024,1024,1000,1.5883430179674178
diffuse,1024,0.5,6,82a8db1d1a8818d5c70195f5dd662c8928cafd785f34afc6223fdd840b5afa83,snip,0.005432961497090211,0.008905412629246712,128,1024,1024,1024,1024,1000,1.5871595969656482
diffuse,1024,0.5,6,82a8db1d1a8818d5c70195f5dd662c8928cafd785f34afc6223fdd840b5afa83,energy,0.004215882896977777,0.06854168325662613,128,1024,1024,1024,1024,1000,1.588237218966242
diffuse,1024,0.5,6,82a8db1d1a8818d5c70195f5dd662c8928cafd785f34afc6223fdd840b5afa83,snip_independent,0.0062255660521545126,0.005237178411334753,128,512,512,1024,1024,1000,1.5868619149550796
diffuse,1024,0.5,6,82a8db1d1a8818d5c70195f5dd662c8928cafd785f34afc6223fdd840b5afa83,snip_same_half,0.008715768217745267,0.007986842654645443,128,512,512,512,1024,1000,1.5870359990512952
diffuse,1024,0.5,7,82a8db1d1a8818d5c70195f5dd662c8928cafd785f34afc6223fdd840b5afa83,lora,0.029072194866011578,,1024,0,1024,1024,1024,1000,1.465149711992126
diffuse,1024,0.5,7,82a8db1d1a8818d5c70195f5dd662c8928cafd785f34afc6223fdd840b5afa83,compressed,0.004805989604812258,,128,0,1024,1024,1024,1000,1.5168282160302624
diffuse,1024,0.5,7,82a8db1d1a8818d5c70195f5dd662c8928cafd785f34afc6223fdd840b5afa83,random,0.004158007743851916,0.008920916356146336,128,1024,1024,1024,1024,1000,1.5307262319838628
diffuse,1024,0.5,7,82a8db1d1a8818d5c70195f5dd662c8928cafd785f34afc6223fdd840b5afa83,gradient,0.006228857918366077,0.00843633059412241,128,1024,1024,1024,1024,1000,1.5302199890138581
diffuse,1024,0.5,7,82a8db1d1a8818d5c70195f5dd662c8928cafd785f34afc6223fdd840b5afa83,snip,0.005499519829058311,0.0060705821961164474,128,1024,1024,1024,1024,1000,1.5308258240693249
diffuse,1024,0.5,7,82a8db1d1a8818d5c70195f5dd662c8928cafd785f34afc6223fdd840b5afa83,energy,0.004143267615554042,0.06854168325662613,128,1024,1024,1024,1024,1000,1.5314749850076623
diffuse,1024,0.5,7,82a8db1d1a8818d5c70195f5dd662c8928cafd785f34afc6223fdd840b5afa83,snip_independent,0.006024031073078632,0.009639742784202099,128,512,512,1024,1024,1000,1.5293561089783907
diffuse,1024,0.5,7,82a8db1d1a8818d5c70195f5dd662c8928cafd785f34afc6223fdd840b5afa83,snip_same_half,0.008630203421234058,0.006964756175875664,128,512,512,512,1024,1000,1.5285961329936981
diffuse,1024,0.5,8,82a8db1d1a8818d5c70195f5dd662c8928cafd785f34afc6223fdd840b5afa83,lora,0.02735434113338342,,1024,0,1024,1024,1024,1000,1.5133671630173922
diffuse,1024,0.5,8,82a8db1d1a8818d5c70195f5dd662c8928cafd785f34afc6223fdd840b5afa83,compressed,0.004164451845991226,,128,0,1024,1024,1024,1000,1.5689384599681944
diffuse,1024,0.5,8,82a8db1d1a8818d5c70195f5dd662c8928cafd785f34afc6223fdd840b5afa83,random,0.004058568659882015,0.006998611614108086,128,1024,1024,1024,1024,1000,1.5876533190021291
diffuse,1024,0.5,8,82a8db1d1a8818d5c70195f5dd662c8928cafd785f34afc6223fdd840b5afa83,gradient,0.006094879159150284,0.009664025157690048,128,1024,1024,1024,1024,1000,1.587135617970489
diffuse,1024,0.5,8,82a8db1d1a8818d5c70195f5dd662c8928cafd785f34afc6223fdd840b5afa83,snip,0.005277059657573992,0.008995246142148972,128,1024,1024,1024,1024,1000,1.589027106994763
diffuse,1024,0.5,8,82a8db1d1a8818d5c70195f5dd662c8928cafd785f34afc6223fdd840b5afa83,energy,0.0038676831978754597,0.06854168325662613,128,1024,1024,1024,1024,1000,1.5880216450314038
diffuse,1024,0.5,8,82a8db1d1a8818d5c70195f5dd662c8928cafd785f34afc6223fdd840b5afa83,snip_independent,0.0067867465418329324,0.007040379568934441,128,512,512,1024,1024,1000,1.58359279303113
diffuse,1024,0.5,8,82a8db1d1a8818d5c70195f5dd662c8928cafd785f34afc6223fdd840b5afa83,snip_same_half,0.008625815730504888,0.00810361746698618,128,512,512,512,1024,1000,1.5857936379616149
diffuse,1024,0.5,9,82a8db1d1a8818d5c70195f5dd662c8928cafd785f34afc6223fdd840b5afa83,lora,0.029662306705926622,,1024,0,1024,1024,1024,1000,1.4706478720181622
diffuse,1024,0.5,9,82a8db1d1a8818d5c70195f5dd662c8928cafd785f34afc6223fdd840b5afa83,compressed,0.004897085256199704,,128,0,1024,1024,1024,1000,1.5228745240019634
diffuse,1024,0.5,9,82a8db1d1a8818d5c70195f5dd662c8928cafd785f34afc6223fdd840b5afa83,random,0.004383746781101176,0.008659077808260918,128,1024,1024,1024,1024,1000,1.5392868440249003
diffuse,1024,0.5,9,82a8db1d1a8818d5c70195f5dd662c8928cafd785f34afc6223fdd840b5afa83,gradient,0.006600112071929381,0.009886999614536762,128,1024,1024,1024,1024,1000,1.5389416799880564
diffuse,1024,0.5,9,82a8db1d1a8818d5c70195f5dd662c8928cafd785f34afc6223fdd840b5afa83,snip,0.005453021987722476,0.008204968646168709,128,1024,1024,1024,1024,1000,1.5377621640218422
diffuse,1024,0.5,9,82a8db1d1a8818d5c70195f5dd662c8928cafd785f34afc6223fdd840b5afa83,energy,0.00447461299045429,0.06854168325662613,128,1024,1024,1024,1024,1000,1.5340544320060872
diffuse,1024,0.5,9,82a8db1d1a8818d5c70195f5dd662c8928cafd785f34afc6223fdd840b5afa83,snip_independent,0.006175969909786102,0.00944338459521532,128,512,512,1024,1024,1000,1.5389939720043913
diffuse,1024,0.5,9,82a8db1d1a8818d5c70195f5dd662c8928cafd785f34afc6223fdd840b5afa83,snip_same_half,0.008250634719119854,0.008482960984110832,128,512,512,512,1024,1000,1.5396103780367412
diffuse,1024,0.5,10,82a8db1d1a8818d5c70195f5dd662c8928cafd785f34afc6223fdd840b5afa83,lora,0.03097969407082017,,1024,0,1024,1024,1024,1000,1.5138134789885953
diffuse,1024,0.5,10,82a8db1d1a8818d5c70195f5dd662c8928cafd785f34afc6223fdd840b5afa83,compressed,0.004765652195152913,,128,0,1024,1024,1024,1000,1.5687027220265009
diffuse,1024,0.5,10,82a8db1d1a8818d5c70195f5dd662c8928cafd785f34afc6223fdd840b5afa83,random,0.004120052960338999,0.007531636394560337,128,1024,1024,1024,1024,1000,1.585255307960324
diffuse,1024,0.5,10,82a8db1d1a8818d5c70195f5dd662c8928cafd785f34afc6223fdd840b5afa83,gradient,0.006647623838819059,0.009556716307997704,128,1024,1024,1024,1024,1000,1.5856280459556729
diffuse,1024,0.5,10,82a8db1d1a8818d5c70195f5dd662c8928cafd785f34afc6223fdd840b5afa83,snip,0.004979989115387476,0.007385940756648779,128,1024,1024,1024,1024,1000,1.583712070947513
diffuse,1024,0.5,10,82a8db1d1a8818d5c70195f5dd662c8928cafd785f34afc6223fdd840b5afa83,energy,0.0043736564112609256,0.06854168325662613,128,1024,1024,1024,1024,1000,1.5852344669983722
diffuse,1024,0.5,10,82a8db1d1a8818d5c70195f5dd662c8928cafd785f34afc6223fdd840b5afa83,snip_independent,0.006186353856683873,0.0070055522955954075,128,512,512,1024,1024,1000,1.5835871209856123
diffuse,1024,0.5,10,82a8db1d1a8818d5c70195f5dd662c8928cafd785f34afc6223fdd840b5afa83,snip_same_half,0.009098971061711435,0.00690302811563015,128,512,512,512,1024,1000,1.5841815950116143
diffuse,1024,0.5,11,82a8db1d1a8818d5c70195f5dd662c8928cafd785f34afc6223fdd840b5afa83,lora,0.03028468097343213,,1024,0,1024,1024,1024,1000,1.4725484090158716
diffuse,1024,0.5,11,82a8db1d1a8818d5c70195f5dd662c8928cafd785f34afc6223fdd840b5afa83,compressed,0.005323597328798538,,128,0,1024,1024,1024,1000,1.5225327629595995
diffuse,1024,0.5,11,82a8db1d1a8818d5c70195f5dd662c8928cafd785f34afc6223fdd840b5afa83,random,0.004710732644088085,0.005783206317573786,128,1024,1024,1024,1024,1000,1.5379081969731487
diffuse,1024,0.5,11,82a8db1d1a8818d5c70195f5dd662c8928cafd785f34afc6223fdd840b5afa83,gradient,0.006552308832287563,0.008163467049598694,128,1024,1024,1024,1024,1000,1.5404668899718672
diffuse,1024,0.5,11,82a8db1d1a8818d5c70195f5dd662c8928cafd785f34afc6223fdd840b5afa83,snip,0.005576009626902403,0.006114776711910963,128,1024,1024,1024,1024,1000,1.5401138149900362
diffuse,1024,0.5,11,82a8db1d1a8818d5c70195f5dd662c8928cafd785f34afc6223fdd840b5afa83,energy,0.004611110569011171,0.06854168325662613,128,1024,1024,1024,1024,1000,1.5413958439603448
diffuse,1024,0.5,11,82a8db1d1a8818d5c70195f5dd662c8928cafd785f34afc6223fdd840b5afa83,snip_independent,0.007307849541547901,0.00687165604904294,128,512,512,1024,1024,1000,1.538980379991699
diffuse,1024,0.5,11,82a8db1d1a8818d5c70195f5dd662c8928cafd785f34afc6223fdd840b5afa83,snip_same_half,0.01014091673170792,0.008459238335490227,128,512,512,512,1024,1000,1.5390419859904796
diffuse,1024,0.5,12,82a8db1d1a8818d5c70195f5dd662c8928cafd785f34afc6223fdd840b5afa83,lora,0.029085047048781537,,1024,0,1024,1024,1024,1000,1.5118402559892274
diffuse,1024,0.5,12,82a8db1d1a8818d5c70195f5dd662c8928cafd785f34afc6223fdd840b5afa83,compressed,0.004216291928788852,,128,0,1024,1024,1024,1000,1.56768404901959
diffuse,1024,0.5,12,82a8db1d1a8818d5c70195f5dd662c8928cafd785f34afc6223fdd840b5afa83,random,0.004054727000014144,0.007643258199095726,128,1024,1024,1024,1024,1000,1.5827766570146196
diffuse,1024,0.5,12,82a8db1d1a8818d5c70195f5dd662c8928cafd785f34afc6223fdd840b5afa83,gradient,0.005829888115629699,0.009234058670699596,128,1024,1024,1024,1024,1000,1.5823674970306456
diffuse,1024,0.5,12,82a8db1d1a8818d5c70195f5dd662c8928cafd785f34afc6223fdd840b5afa83,snip,0.004599718262650279,0.01015864871442318,128,1024,1024,1024,1024,1000,1.5824885970214382
diffuse,1024,0.5,12,82a8db1d1a8818d5c70195f5dd662c8928cafd785f34afc6223fdd840b5afa83,energy,0.003884059483883451,0.06854168325662613,128,1024,1024,1024,1024,1000,1.584553026012145
diffuse,1024,0.5,12,82a8db1d1a8818d5c70195f5dd662c8928cafd785f34afc6223fdd840b5afa83,snip_independent,0.005550742819008928,0.00795685313642025,128,512,512,1024,1024,1000,1.5826214340049773
diffuse,1024,0.5,12,82a8db1d1a8818d5c70195f5dd662c8928cafd785f34afc6223fdd840b5afa83,snip_same_half,0.00727147272626881,0.008271272294223309,128,512,512,512,1024,1000,1.585172737017274
diffuse,1024,0.5,13,82a8db1d1a8818d5c70195f5dd662c8928cafd785f34afc6223fdd840b5afa83,lora,0.02831138103738145,,1024,0,1024,1024,1024,1000,1.4743630159646273
diffuse,1024,0.5,13,82a8db1d1a8818d5c70195f5dd662c8928cafd785f34afc6223fdd840b5afa83,compressed,0.004214306651763365,,128,0,1024,1024,1024,1000,1.5240304589970037
diffuse,1024,0.5,13,82a8db1d1a8818d5c70195f5dd662c8928cafd785f34afc6223fdd840b5afa83,random,0.0041405905532081524,0.00596801470965147,128,1024,1024,1024,1024,1000,1.5404796660295688
diffuse,1024,0.5,13,82a8db1d1a8818d5c70195f5dd662c8928cafd785f34afc6223fdd840b5afa83,gradient,0.006242807912965774,0.007597015239298344,128,1024,1024,1024,1024,1000,1.5403418050264008
diffuse,1024,0.5,13,82a8db1d1a8818d5c70195f5dd662c8928cafd785f34afc6223fdd840b5afa83,snip,0.005213354022590029,0.008439326658844948,128,1024,1024,1024,1024,1000,1.541298167023342
diffuse,1024,0.5,13,82a8db1d1a8818d5c70195f5dd662c8928cafd785f34afc6223fdd840b5afa83,energy,0.0040737596498519775,0.06854168325662613,128,1024,1024,1024,1024,1000,1.5413677530596033
diffuse,1024,0.5,13,82a8db1d1a8818d5c70195f5dd662c8928cafd785f34afc6223fdd840b5afa83,snip_independent,0.005856845033428832,0.009767820127308369,128,512,512,1024,1024,1000,1.5400965880253352
diffuse,1024,0.5,13,82a8db1d1a8818d5c70195f5dd662c8928cafd785f34afc6223fdd840b5afa83,snip_same_half,0.00946822469334262,0.009930546395480633,128,512,512,512,1024,1000,1.5394061490078457
diffuse,1024,0.5,14,82a8db1d1a8818d5c70195f5dd662c8928cafd785f34afc6223fdd840b5afa83,lora,0.028775542812953372,,1024,0,1024,1024,1024,1000,1.5122972769895568
diffuse,1024,0.5,14,82a8db1d1a8818d5c70195f5dd662c8928cafd785f34afc6223fdd840b5afa83,compressed,0.004492691467411446,,128,0,1024,1024,1024,1000,1.5689001479768194
diffuse,1024,0.5,14,82a8db1d1a8818d5c70195f5dd662c8928cafd785f34afc6223fdd840b5afa83,random,0.004061574446999498,0.00689336471259594,128,1024,1024,1024,1024,1000,1.5863774750032462
diffuse,1024,0.5,14,82a8db1d1a8818d5c70195f5dd662c8928cafd785f34afc6223fdd840b5afa83,gradient,0.0057552682091883455,0.010197213850915432,128,1024,1024,1024,1024,1000,1.6017044560285285
diffuse,1024,0.5,14,82a8db1d1a8818d5c70195f5dd662c8928cafd785f34afc6223fdd840b5afa83,snip,0.00486625372771062,0.008941108360886574,128,1024,1024,1024,1024,1000,1.5871771549573168
diffuse,1024,0.5,14,82a8db1d1a8818d5c70195f5dd662c8928cafd785f34afc6223fdd840b5afa83,energy,0.0038340339998609225,0.06854168325662613,128,1024,1024,1024,1024,1000,1.5889580419752747
diffuse,1024,0.5,14,82a8db1d1a8818d5c70195f5dd662c8928cafd785f34afc6223fdd840b5afa83,snip_independent,0.005529736703712979,0.007752998266369104,128,512,512,1024,1024,1000,1.5865998769877478
diffuse,1024,0.5,14,82a8db1d1a8818d5c70195f5dd662c8928cafd785f34afc6223fdd840b5afa83,snip_same_half,0.008029689290239547,0.009446918033063412,128,512,512,512,1024,1000,1.5875768780242652
diffuse,1024,0.5,15,82a8db1d1a8818d5c70195f5dd662c8928cafd785f34afc6223fdd840b5afa83,lora,0.02778639584469244,,1024,0,1024,1024,1024,1000,1.4703483690391295
diffuse,1024,0.5,15,82a8db1d1a8818d5c70195f5dd662c8928cafd785f34afc6223fdd840b5afa83,compressed,0.004401864910833594,,128,0,1024,1024,1024,1000,1.5220928160124458
diffuse,1024,0.5,15,82a8db1d1a8818d5c70195f5dd662c8928cafd785f34afc6223fdd840b5afa83,random,0.004025135700742849,0.006458991672843695,128,1024,1024,1024,1024,1000,1.5387731760274619
diffuse,1024,0.5,15,82a8db1d1a8818d5c70195f5dd662c8928cafd785f34afc6223fdd840b5afa83,gradient,0.006021711786925942,0.009763243608176708,128,1024,1024,1024,1024,1000,1.5368234680499882
diffuse,1024,0.5,15,82a8db1d1a8818d5c70195f5dd662c8928cafd785f34afc6223fdd840b5afa83,snip,0.004947575922001115,0.0063729053363204,128,1024,1024,1024,1024,1000,1.5298866599914618
diffuse,1024,0.5,15,82a8db1d1a8818d5c70195f5dd662c8928cafd785f34afc6223fdd840b5afa83,energy,0.0038672114976124688,0.06854168325662613,128,1024,1024,1024,1024,1000,1.5328738430398516
diffuse,1024,0.5,15,82a8db1d1a8818d5c70195f5dd662c8928cafd785f34afc6223fdd840b5afa83,snip_independent,0.005571081364801289,0.0083891861140728,128,512,512,1024,1024,1000,1.5292214690125547
diffuse,1024,0.5,15,82a8db1d1a8818d5c70195f5dd662c8928cafd785f34afc6223fdd840b5afa83,snip_same_half,0.007781861307571182,0.008539844304323196,128,512,512,512,1024,1000,1.5323026470141485
diffuse,1024,0.5,16,82a8db1d1a8818d5c70195f5dd662c8928cafd785f34afc6223fdd840b5afa83,lora,0.028492376135320956,,1024,0,1024,1024,1024,1000,1.5156538900337182
diffuse,1024,0.5,16,82a8db1d1a8818d5c70195f5dd662c8928cafd785f34afc6223fdd840b5afa83,compressed,0.004225948292478311,,128,0,1024,1024,1024,1000,1.5734606430050917
diffuse,1024,0.5,16,82a8db1d1a8818d5c70195f5dd662c8928cafd785f34afc6223fdd840b5afa83,random,0.0038854215507084233,0.0074033490382134914,128,1024,1024,1024,1024,1000,1.5886398299480788
diffuse,1024,0.5,16,82a8db1d1a8818d5c70195f5dd662c8928cafd785f34afc6223fdd840b5afa83,gradient,0.0064123554414781715,0.008299300447106361,128,1024,1024,1024,1024,1000,1.5860486580058932
diffuse,1024,0.5,16,82a8db1d1a8818d5c70195f5dd662c8928cafd785f34afc6223fdd840b5afa83,snip,0.004935713594309683,0.0073631624691188335,128,1024,1024,1024,1024,1000,1.586702800996136
diffuse,1024,0.5,16,82a8db1d1a8818d5c70195f5dd662c8928cafd785f34afc6223fdd840b5afa83,energy,0.003622336898801038,0.06854168325662613,128,1024,1024,1024,1024,1000,1.5869984379969537
diffuse,1024,0.5,16,82a8db1d1a8818d5c70195f5dd662c8928cafd785f34afc6223fdd840b5afa83,snip_independent,0.00606858418522521,0.008319064043462276,128,512,512,1024,1024,1000,1.5861262519611046
diffuse,1024,0.5,16,82a8db1d1a8818d5c70195f5dd662c8928cafd785f34afc6223fdd840b5afa83,snip_same_half,0.010097945395177355,0.009775163605809212,128,512,512,512,1024,1000,1.5863976390101016
diffuse,1024,0.5,17,82a8db1d1a8818d5c70195f5dd662c8928cafd785f34afc6223fdd840b5afa83,lora,0.028342716650547828,,1024,0,1024,1024,1024,1000,1.4618741769809276
diffuse,1024,0.5,17,82a8db1d1a8818d5c70195f5dd662c8928cafd785f34afc6223fdd840b5afa83,compressed,0.004258187229526488,,128,0,1024,1024,1024,1000,1.51286211196566
diffuse,1024,0.5,17,82a8db1d1a8818d5c70195f5dd662c8928cafd785f34afc6223fdd840b5afa83,random,0.0041479138194691675,0.0052443197928369045,128,1024,1024,1024,1024,1000,1.5291084419586696
diffuse,1024,0.5,17,82a8db1d1a8818d5c70195f5dd662c8928cafd785f34afc6223fdd840b5afa83,gradient,0.0058097268086657865,0.010329166427254677,128,1024,1024,1024,1024,1000,1.5283270449726842
diffuse,1024,0.5,17,82a8db1d1a8818d5c70195f5dd662c8928cafd785f34afc6223fdd840b5afa83,snip,0.005038971211775526,0.007322543300688267,128,1024,1024,1024,1024,1000,1.5268154369550757
diffuse,1024,0.5,17,82a8db1d1a8818d5c70195f5dd662c8928cafd785f34afc6223fdd840b5afa83,energy,0.003835066023715864,0.06854168325662613,128,1024,1024,1024,1024,1000,1.5274165699374862
diffuse,1024,0.5,17,82a8db1d1a8818d5c70195f5dd662c8928cafd785f34afc6223fdd840b5afa83,snip_independent,0.005672248112241646,0.008353814482688904,128,512,512,1024,1024,1000,1.5263516540289856
diffuse,1024,0.5,17,82a8db1d1a8818d5c70195f5dd662c8928cafd785f34afc6223fdd840b5afa83,snip_same_half,0.007812429396250828,0.006451826076954603,128,512,512,512,1024,1000,1.5270038429880515
diffuse,1024,0.5,18,82a8db1d1a8818d5c70195f5dd662c8928cafd785f34afc6223fdd840b5afa83,lora,0.02825361506994071,,1024,0,1024,1024,1024,1000,1.5153322099940851
diffuse,1024,0.5,18,82a8db1d1a8818d5c70195f5dd662c8928cafd785f34afc6223fdd840b5afa83,compressed,0.004523594757581165,,128,0,1024,1024,1024,1000,1.571215244999621
diffuse,1024,0.5,18,82a8db1d1a8818d5c70195f5dd662c8928cafd785f34afc6223fdd840b5afa83,random,0.004130333629618908,0.010075457394123077,128,1024,1024,1024,1024,1000,1.5857431819895282
diffuse,1024,0.5,18,82a8db1d1a8818d5c70195f5dd662c8928cafd785f34afc6223fdd840b5afa83,gradient,0.006634413732795101,0.008147906512022018,128,1024,1024,1024,1024,1000,1.5873331409529783
diffuse,1024,0.5,18,82a8db1d1a8818d5c70195f5dd662c8928cafd785f34afc6223fdd840b5afa83,snip,0.0058343504738935185,0.009079134091734886,128,1024,1024,1024,1024,1000,1.586938130960334
diffuse,1024,0.5,18,82a8db1d1a8818d5c70195f5dd662c8928cafd785f34afc6223fdd840b5afa83,energy,0.003991583179623707,0.06854168325662613,128,1024,1024,1024,1024,1000,1.5875082569546066
diffuse,1024,0.5,18,82a8db1d1a8818d5c70195f5dd662c8928cafd785f34afc6223fdd840b5afa83,snip_independent,0.005779158179881271,0.0065805381163954735,128,512,512,1024,1024,1000,1.5881507900194265
diffuse,1024,0.5,18,82a8db1d1a8818d5c70195f5dd662c8928cafd785f34afc6223fdd840b5afa83,snip_same_half,0.008512018630302688,0.010325439274311066,128,512,512,512,1024,1000,1.5871995959896594
diffuse,1024,0.5,19,82a8db1d1a8818d5c70195f5dd662c8928cafd785f34afc6223fdd840b5afa83,lora,0.028617395055803747,,1024,0,1024,1024,1024,1000,1.4608079789904878
diffuse,1024,0.5,19,82a8db1d1a8818d5c70195f5dd662c8928cafd785f34afc6223fdd840b5afa83,compressed,0.0047585261584517915,,128,0,1024,1024,1024,1000,1.512388437986374
diffuse,1024,0.5,19,82a8db1d1a8818d5c70195f5dd662c8928cafd785f34afc6223fdd840b5afa83,random,0.004187824818379438,0.005230120848864317,128,1024,1024,1024,1024,1000,1.527581158967223
diffuse,1024,0.5,19,82a8db1d1a8818d5c70195f5dd662c8928cafd785f34afc6223fdd840b5afa83,gradient,0.00610848731677037,0.010057618841528893,128,1024,1024,1024,1024,1000,1.5267272139317356
diffuse,1024,0.5,19,82a8db1d1a8818d5c70195f5dd662c8928cafd785f34afc6223fdd840b5afa83,snip,0.005176821075534475,0.006591621786355972,128,1024,1024,1024,1024,1000,1.526787809911184
diffuse,1024,0.5,19,82a8db1d1a8818d5c70195f5dd662c8928cafd785f34afc6223fdd840b5afa83,energy,0.004239740149646818,0.06854168325662613,128,1024,1024,1024,1024,1000,1.5330398319638334
diffuse,1024,0.5,19,82a8db1d1a8818d5c70195f5dd662c8928cafd785f34afc6223fdd840b5afa83,snip_independent,0.0061526681023688495,0.009042838588356972,128,512,512,1024,1024,1000,1.5319824300240725
diffuse,1024,0.5,19,82a8db1d1a8818d5c70195f5dd662c8928cafd785f34afc6223fdd840b5afa83,snip_same_half,0.008603856634212339,0.008656404912471771,128,512,512,512,1024,1000,1.5347380520543084
diffuse,1024,1.0,0,82a8db1d1a8818d5c70195f5dd662c8928cafd785f34afc6223fdd840b5afa83,lora,0.07058425093715354,,1024,0,1024,1024,1024,1000,1.5170091650215909
diffuse,1024,1.0,0,82a8db1d1a8818d5c70195f5dd662c8928cafd785f34afc6223fdd840b5afa83,compressed,0.007147028938618687,,128,0,1024,1024,1024,1000,1.573668057040777
diffuse,1024,1.0,0,82a8db1d1a8818d5c70195f5dd662c8928cafd785f34afc6223fdd840b5afa83,random,0.005989636596552059,0.008456990122795105,128,1024,1024,1024,1024,1000,1.5881127860047854
diffuse,1024,1.0,0,82a8db1d1a8818d5c70195f5dd662c8928cafd785f34afc6223fdd840b5afa83,gradient,0.013721960994313442,0.00589476665481925,128,1024,1024,1024,1024,1000,1.58753587101819
diffuse,1024,1.0,0,82a8db1d1a8818d5c70195f5dd662c8928cafd785f34afc6223fdd840b5afa83,snip,0.009856297608479173,0.009575244970619678,128,1024,1024,1024,1024,1000,1.5882026859908365
diffuse,1024,1.0,0,82a8db1d1a8818d5c70195f5dd662c8928cafd785f34afc6223fdd840b5afa83,energy,0.005559798612522734,0.06854168325662613,128,1024,1024,1024,1024,1000,1.5876374999643303
diffuse,1024,1.0,0,82a8db1d1a8818d5c70195f5dd662c8928cafd785f34afc6223fdd840b5afa83,snip_independent,0.010674845211665625,0.007984249852597713,128,512,512,1024,1024,1000,1.5873669410357252
diffuse,1024,1.0,0,82a8db1d1a8818d5c70195f5dd662c8928cafd785f34afc6223fdd840b5afa83,snip_same_half,0.019478558575433066,0.006492392159998417,128,512,512,512,1024,1000,1.5875588289927691
diffuse,1024,1.0,1,82a8db1d1a8818d5c70195f5dd662c8928cafd785f34afc6223fdd840b5afa83,lora,0.08026130018692473,,1024,0,1024,1024,1024,1000,1.4725807840004563
diffuse,1024,1.0,1,82a8db1d1a8818d5c70195f5dd662c8928cafd785f34afc6223fdd840b5afa83,compressed,0.008597899365543405,,128,0,1024,1024,1024,1000,1.5223709599813446
diffuse,1024,1.0,1,82a8db1d1a8818d5c70195f5dd662c8928cafd785f34afc6223fdd840b5afa83,random,0.007151082203759627,0.008182210847735405,128,1024,1024,1024,1024,1000,1.5369313629926182
diffuse,1024,1.0,1,82a8db1d1a8818d5c70195f5dd662c8928cafd785f34afc6223fdd840b5afa83,gradient,0.014902765644260612,0.007167944684624672,128,1024,1024,1024,1024,1000,1.5311233620159328
diffuse,1024,1.0,1,82a8db1d1a8818d5c70195f5dd662c8928cafd785f34afc6223fdd840b5afa83,snip,0.010236175992044214,0.008543754927814007,128,1024,1024,1024,1024,1000,1.52992284798529
diffuse,1024,1.0,1,82a8db1d1a8818d5c70195f5dd662c8928cafd785f34afc6223fdd840b5afa83,energy,0.0068246751596889215,0.06854168325662613,128,1024,1024,1024,1024,1000,1.5321385050192475
diffuse,1024,1.0,1,82a8db1d1a8818d5c70195f5dd662c8928cafd785f34afc6223fdd840b5afa83,snip_independent,0.012278124738264704,0.008000800386071205,128,512,512,1024,1024,1000,1.5300623130169697
diffuse,1024,1.0,1,82a8db1d1a8818d5c70195f5dd662c8928cafd785f34afc6223fdd840b5afa83,snip_same_half,0.025252211061260257,0.010196503251791,128,512,512,512,1024,1000,1.5299088900210336
diffuse,1024,1.0,2,82a8db1d1a8818d5c70195f5dd662c8928cafd785f34afc6223fdd840b5afa83,lora,0.07983607692283079,,1024,0,1024,1024,1024,1000,1.515779037028551
diffuse,1024,1.0,2,82a8db1d1a8818d5c70195f5dd662c8928cafd785f34afc6223fdd840b5afa83,compressed,0.008106400787660145,,128,0,1024,1024,1024,1000,1.5721039879717864
diffuse,1024,1.0,2,82a8db1d1a8818d5c70195f5dd662c8928cafd785f34afc6223fdd840b5afa83,random,0.007182845158760487,0.011130019091069698,128,1024,1024,1024,1024,1000,1.586499119992368
diffuse,1024,1.0,2,82a8db1d1a8818d5c70195f5dd662c8928cafd785f34afc6223fdd840b5afa83,gradient,0.013781967082248511,0.007789433002471924,128,1024,1024,1024,1024,1000,1.586944433976896
diffuse,1024,1.0,2,82a8db1d1a8818d5c70195f5dd662c8928cafd785f34afc6223fdd840b5afa83,snip,0.010338641345374702,0.009078000672161579,128,1024,1024,1024,1024,1000,1.586152823001612
diffuse,1024,1.0,2,82a8db1d1a8818d5c70195f5dd662c8928cafd785f34afc6223fdd840b5afa83,energy,0.0068343170778882335,0.06854168325662613,128,1024,1024,1024,1024,1000,1.5865812539705075
diffuse,1024,1.0,2,82a8db1d1a8818d5c70195f5dd662c8928cafd785f34afc6223fdd840b5afa83,snip_independent,0.011644366310482202,0.008087554015219212,128,512,512,1024,1024,1000,1.58513647102518
diffuse,1024,1.0,2,82a8db1d1a8818d5c70195f5dd662c8928cafd785f34afc6223fdd840b5afa83,snip_same_half,0.020585404213111107,0.008382431231439114,128,512,512,512,1024,1000,1.5868310909718275
diffuse,1024,1.0,3,82a8db1d1a8818d5c70195f5dd662c8928cafd785f34afc6223fdd840b5afa83,lora,0.07401842426284594,,1024,0,1024,1024,1024,1000,1.4618585900170729
diffuse,1024,1.0,3,82a8db1d1a8818d5c70195f5dd662c8928cafd785f34afc6223fdd840b5afa83,compressed,0.008583816607467931,,128,0,1024,1024,1024,1000,1.5112107779714279
diffuse,1024,1.0,3,82a8db1d1a8818d5c70195f5dd662c8928cafd785f34afc6223fdd840b5afa83,random,0.006887246949495964,0.011102141812443733,128,1024,1024,1024,1024,1000,1.5288142039789818
diffuse,1024,1.0,3,82a8db1d1a8818d5c70195f5dd662c8928cafd785f34afc6223fdd840b5afa83,gradient,0.01657926451961027,0.011956168338656425,128,1024,1024,1024,1024,1000,1.528512102959212
diffuse,1024,1.0,3,82a8db1d1a8818d5c70195f5dd662c8928cafd785f34afc6223fdd840b5afa83,snip,0.011630695490515465,0.009907363913953304,128,1024,1024,1024,1024,1000,1.5282964119687676
diffuse,1024,1.0,3,82a8db1d1a8818d5c70195f5dd662c8928cafd785f34afc6223fdd840b5afa83,energy,0.007097458629015015,0.06854168325662613,128,1024,1024,1024,1024,1000,1.538814850966446
diffuse,1024,1.0,3,82a8db1d1a8818d5c70195f5dd662c8928cafd785f34afc6223fdd840b5afa83,snip_independent,0.011976155644998158,0.00857478752732277,128,512,512,1024,1024,1000,1.5251172640710138
diffuse,1024,1.0,3,82a8db1d1a8818d5c70195f5dd662c8928cafd785f34afc6223fdd840b5afa83,snip_same_half,0.02239299696182059,0.009928139857947826,128,512,512,512,1024,1000,1.5266166440560482
diffuse,1024,1.0,4,82a8db1d1a8818d5c70195f5dd662c8928cafd785f34afc6223fdd840b5afa83,lora,0.07410624197140944,,1024,0,1024,1024,1024,1000,1.5169071609852836
diffuse,1024,1.0,4,82a8db1d1a8818d5c70195f5dd662c8928cafd785f34afc6223fdd840b5afa83,compressed,0.007975008539643851,,128,0,1024,1024,1024,1000,1.5753253219882026
diffuse,1024,1.0,4,82a8db1d1a8818d5c70195f5dd662c8928cafd785f34afc6223fdd840b5afa83,random,0.0064470777286953634,0.006785748526453972,128,1024,1024,1024,1024,1000,1.58908295200672
diffuse,1024,1.0,4,82a8db1d1a8818d5c70195f5dd662c8928cafd785f34afc6223fdd840b5afa83,gradient,0.01566369776821123,0.008272691629827023,128,1024,1024,1024,1024,1000,1.5904323569848202
diffuse,1024,1.0,4,82a8db1d1a8818d5c70195f5dd662c8928cafd785f34afc6223fdd840b5afa83,snip,0.012182143068759269,0.007284100167453289,128,1024,1024,1024,1024,1000,1.5885620919871144
diffuse,1024,1.0,4,82a8db1d1a8818d5c70195f5dd662c8928cafd785f34afc6223fdd840b5afa83,energy,0.007125011804980791,0.06854168325662613,128,1024,1024,1024,1024,1000,1.590551797999069
diffuse,1024,1.0,4,82a8db1d1a8818d5c70195f5dd662c8928cafd785f34afc6223fdd840b5afa83,snip_independent,0.013063932455037366,0.005418623331934214,128,512,512,1024,1024,1000,1.588378674001433
diffuse,1024,1.0,4,82a8db1d1a8818d5c70195f5dd662c8928cafd785f34afc6223fdd840b5afa83,snip_same_half,0.022671781266020118,0.010459295473992825,128,512,512,512,1024,1000,1.5879782660631463
diffuse,1024,1.0,5,82a8db1d1a8818d5c70195f5dd662c8928cafd785f34afc6223fdd840b5afa83,lora,0.07302835811793261,,1024,0,1024,1024,1024,1000,1.4607608720543794
diffuse,1024,1.0,5,82a8db1d1a8818d5c70195f5dd662c8928cafd785f34afc6223fdd840b5afa83,compressed,0.008229353984500497,,128,0,1024,1024,1024,1000,1.5150661430088803
diffuse,1024,1.0,5,82a8db1d1a8818d5c70195f5dd662c8928cafd785f34afc6223fdd840b5afa83,random,0.006349638635495909,0.009861418046057224,128,1024,1024,1024,1024,1000,1.5327363240066916
diffuse,1024,1.0,5,82a8db1d1a8818d5c70195f5dd662c8928cafd785f34afc6223fdd840b5afa83,gradient,0.013005850594358949,0.008505254983901978,128,1024,1024,1024,1024,1000,1.5334077989682555
diffuse,1024,1.0,5,82a8db1d1a8818d5c70195f5dd662c8928cafd785f34afc6223fdd840b5afa83,snip,0.010400095230935862,0.007851410657167435,128,1024,1024,1024,1024,1000,1.533879401977174
diffuse,1024,1.0,5,82a8db1d1a8818d5c70195f5dd662c8928cafd785f34afc6223fdd840b5afa83,energy,0.006749969424615763,0.06854168325662613,128,1024,1024,1024,1024,1000,1.5345099880360067
diffuse,1024,1.0,5,82a8db1d1a8818d5c70195f5dd662c8928cafd785f34afc6223fdd840b5afa83,snip_independent,0.011991667146438838,0.009101868607103825,128,512,512,1024,1024,1000,1.533750106988009
diffuse,1024,1.0,5,82a8db1d1a8818d5c70195f5dd662c8928cafd785f34afc6223fdd840b5afa83,snip_same_half,0.020492469915038766,0.007570221088826656,128,512,512,512,1024,1000,1.5338683889713138
diffuse,1024,1.0,6,82a8db1d1a8818d5c70195f5dd662c8928cafd785f34afc6223fdd840b5afa83,lora,0.0788164547758417,,1024,0,1024,1024,1024,1000,1.5169454489951022
diffuse,1024,1.0,6,82a8db1d1a8818d5c70195f5dd662c8928cafd785f34afc6223fdd840b5afa83,compressed,0.00940016715503245,,128,0,1024,1024,1024,1000,1.5722907950403169
diffuse,1024,1.0,6,82a8db1d1a8818d5c70195f5dd662c8928cafd785f34afc6223fdd840b5afa83,random,0.0074862900926857615,0.009286529384553432,128,1024,1024,1024,1024,1000,1.5876261100056581
diffuse,1024,1.0,6,82a8db1d1a8818d5c70195f5dd662c8928cafd785f34afc6223fdd840b5afa83,gradient,0.01569353303913805,0.006738206371665001,128,1024,1024,1024,1024,1000,1.5893014720059
diffuse,1024,1.0,6,82a8db1d1a8818d5c70195f5dd662c8928cafd785f34afc6223fdd840b5afa83,snip,0.011078816890717751,0.007859135046601295,128,1024,1024,1024,1024,1000,1.5892355810501613
diffuse,1024,1.0,6,82a8db1d1a8818d5c70195f5dd662c8928cafd785f34afc6223fdd840b5afa83,energy,0.006909783776417211,0.06854168325662613,128,1024,1024,1024,1024,1000,1.5896632100339048
diffuse,1024,1.0,6,82a8db1d1a8818d5c70195f5dd662c8928cafd785f34afc6223fdd840b5afa83,snip_independent,0.013277607785804597,0.004777535330504179,128,512,512,1024,1024,1000,1.5868551619932987
diffuse,1024,1.0,6,82a8db1d1a8818d5c70195f5dd662c8928cafd785f34afc6223fdd840b5afa83,snip_same_half,0.022417466532558845,0.008436244912445545,128,512,512,512,1024,1000,1.5898518709582277
diffuse,1024,1.0,7,82a8db1d1a8818d5c70195f5dd662c8928cafd785f34afc6223fdd840b5afa83,lora,0.07833032581532512,,1024,0,1024,1024,1024,1000,1.470445717975963
diffuse,1024,1.0,7,82a8db1d1a8818d5c70195f5dd662c8928cafd785f34afc6223fdd840b5afa83,compressed,0.008624159949450688,,128,0,1024,1024,1024,1000,1.5176068009459414
diffuse,1024,1.0,7,82a8db1d1a8818d5c70195f5dd662c8928cafd785f34afc6223fdd840b5afa83,random,0.006186504228935535,0.008920916356146336,128,1024,1024,1024,1024,1000,1.532118281989824
diffuse,1024,1.0,7,82a8db1d1a8818d5c70195f5dd662c8928cafd785f34afc6223fdd840b5afa83,gradient,0.013642633585033613,0.007883786223828793,128,1024,1024,1024,1024,1000,1.533792205969803
diffuse,1024,1.0,7,82a8db1d1a8818d5c70195f5dd662c8928cafd785f34afc6223fdd840b5afa83,snip,0.011905816484327127,0.007445899304002523,128,1024,1024,1024,1024,1000,1.5315460299607366
diffuse,1024,1.0,7,82a8db1d1a8818d5c70195f5dd662c8928cafd785f34afc6223fdd840b5afa83,energy,0.006908286881943409,0.06854168325662613,128,1024,1024,1024,1024,1000,1.5323663099552505
diffuse,1024,1.0,7,82a8db1d1a8818d5c70195f5dd662c8928cafd785f34afc6223fdd840b5afa83,snip_independent,0.011978430885816722,0.007808662950992584,128,512,512,1024,1024,1000,1.531627235992346
diffuse,1024,1.0,7,82a8db1d1a8818d5c70195f5dd662c8928cafd785f34afc6223fdd840b5afa83,snip_same_half,0.020854893209152965,0.006429311353713274,128,512,512,512,1024,1000,1.532123505952768
diffuse,1024,1.0,8,82a8db1d1a8818d5c70195f5dd662c8928cafd785f34afc6223fdd840b5afa83,lora,0.0816476054457968,,1024,0,1024,1024,1024,1000,1.5161696369759738
diffuse,1024,1.0,8,82a8db1d1a8818d5c70195f5dd662c8928cafd785f34afc6223fdd840b5afa83,compressed,0.006872012707933485,,128,0,1024,1024,1024,1000,1.57189332699636
diffuse,1024,1.0,8,82a8db1d1a8818d5c70195f5dd662c8928cafd785f34afc6223fdd840b5afa83,random,0.0059692470456667495,0.006998611614108086,128,1024,1024,1024,1024,1000,1.5877086669788696
diffuse,1024,1.0,8,82a8db1d1a8818d5c70195f5dd662c8928cafd785f34afc6223fdd840b5afa83,gradient,0.01412851829045551,0.008026719093322754,128,1024,1024,1024,1024,1000,1.5885883090668358
diffuse,1024,1.0,8,82a8db1d1a8818d5c70195f5dd662c8928cafd785f34afc6223fdd840b5afa83,snip,0.009501171294011497,0.005863215774297714,128,1024,1024,1024,1024,1000,1.5880747840274125
diffuse,1024,1.0,8,82a8db1d1a8818d5c70195f5dd662c8928cafd785f34afc6223fdd840b5afa83,energy,0.00607849756236982,0.06854168325662613,128,1024,1024,1024,1024,1000,1.5874545820406638
diffuse,1024,1.0,8,82a8db1d1a8818d5c70195f5dd662c8928cafd785f34afc6223fdd840b5afa83,snip_independent,0.012972105250009029,0.006572426296770573,128,512,512,1024,1024,1000,1.5872871579485945
diffuse,1024,1.0,8,82a8db1d1a8818d5c70195f5dd662c8928cafd785f34afc6223fdd840b5afa83,snip_same_half,0.022984894155375503,0.007774360477924347,128,512,512,512,1024,1000,1.58709117496619
diffuse,1024,1.0,9,82a8db1d1a8818d5c70195f5dd662c8928cafd785f34afc6223fdd840b5afa83,lora,0.08247610791843757,,1024,0,1024,1024,1024,1000,1.4646259910077788
diffuse,1024,1.0,9,82a8db1d1a8818d5c70195f5dd662c8928cafd785f34afc6223fdd840b5afa83,compressed,0.008704587697703173,,128,0,1024,1024,1024,1000,1.5141865969635546
diffuse,1024,1.0,9,82a8db1d1a8818d5c70195f5dd662c8928cafd785f34afc6223fdd840b5afa83,random,0.006929258679731598,0.008659077808260918,128,1024,1024,1024,1024,1000,1.5292790060630068
diffuse,1024,1.0,9,82a8db1d1a8818d5c70195f5dd662c8928cafd785f34afc6223fdd840b5afa83,gradient,0.016777015727784,0.00981197226792574,128,1024,1024,1024,1024,1000,1.5293487870367244
diffuse,1024,1.0,9,82a8db1d1a8818d5c70195f5dd662c8928cafd785f34afc6223fdd840b5afa83,snip,0.011098514317993427,0.007656577974557877,128,1024,1024,1024,1024,1000,1.5306794510106556
diffuse,1024,1.0,9,82a8db1d1a8818d5c70195f5dd662c8928cafd785f34afc6223fdd840b5afa83,energy,0.007528552343262495,0.06854168325662613,128,1024,1024,1024,1024,1000,1.5305172110092826
diffuse,1024,1.0,9,82a8db1d1a8818d5c70195f5dd662c8928cafd785f34afc6223fdd840b5afa83,snip_independent,0.013195935476476885,0.008284552954137325,128,512,512,1024,1024,1000,1.529306104988791
diffuse,1024,1.0,9,82a8db1d1a8818d5c70195f5dd662c8928cafd785f34afc6223fdd840b5afa83,snip_same_half,0.020599595965264783,0.008235245943069458,128,512,512,512,1024,1000,1.5289661529823206
diffuse,1024,1.0,10,82a8db1d1a8818d5c70195f5dd662c8928cafd785f34afc6223fdd840b5afa83,lora,0.08157615366406187,,1024,0,1024,1024,1024,1000,1.5166068960097618
diffuse,1024,1.0,10,82a8db1d1a8818d5c70195f5dd662c8928cafd785f34afc6223fdd840b5afa83,compressed,0.008542266157672744,,128,0,1024,1024,1024,1000,1.5728445909917355
diffuse,1024,1.0,10,82a8db1d1a8818d5c70195f5dd662c8928cafd785f34afc6223fdd840b5afa83,random,0.006419357717894597,0.007531636394560337,128,1024,1024,1024,1024,1000,1.5842226109816693
diffuse,1024,1.0,10,82a8db1d1a8818d5c70195f5dd662c8928cafd785f34afc6223fdd840b5afa83,gradient,0.015380543842852517,0.009288467466831207,128,1024,1024,1024,1024,1000,1.5846613539615646
diffuse,1024,1.0,10,82a8db1d1a8818d5c70195f5dd662c8928cafd785f34afc6223fdd840b5afa83,snip,0.009416678850035692,0.008688317611813545,128,1024,1024,1024,1024,1000,1.5838160569546744
diffuse,1024,1.0,10,82a8db1d1a8818d5c70195f5dd662c8928cafd785f34afc6223fdd840b5afa83,energy,0.007456843947920264,0.06854168325662613,128,1024,1024,1024,1024,1000,1.588447000947781
diffuse,1024,1.0,10,82a8db1d1a8818d5c70195f5dd662c8928cafd785f34afc6223fdd840b5afa83,snip_independent,0.011857940620505207,0.006278274580836296,128,512,512,1024,1024,1000,1.5835157540277578
diffuse,1024,1.0,10,82a8db1d1a8818d5c70195f5dd662c8928cafd785f34afc6223fdd840b5afa83,snip_same_half,0.020405367869146616,0.0066680749878287315,128,512,512,512,1024,1000,1.586625163035933
diffuse,1024,1.0,11,82a8db1d1a8818d5c70195f5dd662c8928cafd785f34afc6223fdd840b5afa83,lora,0.08065069050498529,,1024,0,1024,1024,1024,1000,1.4627646610024385
diffuse,1024,1.0,11,82a8db1d1a8818d5c70195f5dd662c8928cafd785f34afc6223fdd840b5afa83,compressed,0.010167102721242705,,128,0,1024,1024,1024,1000,1.5131624990026467
diffuse,1024,1.0,11,82a8db1d1a8818d5c70195f5dd662c8928cafd785f34afc6223fdd840b5afa83,random,0.007541596584193306,0.005783206317573786,128,1024,1024,1024,1024,1000,1.5292373699485324
diffuse,1024,1.0,11,82a8db1d1a8818d5c70195f5dd662c8928cafd785f34afc6223fdd840b5afa83,gradient,0.01622382179254001,0.006971364375203848,128,1024,1024,1024,1024,1000,1.5293976839748211
diffuse,1024,1.0,11,82a8db1d1a8818d5c70195f5dd662c8928cafd785f34afc6223fdd840b5afa83,snip,0.012089247725491657,0.006407346110790968,128,1024,1024,1024,1024,1000,1.5290667139342986
diffuse,1024,1.0,11,82a8db1d1a8818d5c70195f5dd662c8928cafd785f34afc6223fdd840b5afa83,energy,0.007707576458766991,0.06854168325662613,128,1024,1024,1024,1024,1000,1.5304389979573898
diffuse,1024,1.0,11,82a8db1d1a8818d5c70195f5dd662c8928cafd785f34afc6223fdd840b5afa83,snip_independent,0.014674657915333844,0.006239311303943396,128,512,512,1024,1024,1000,1.528450031997636
diffuse,1024,1.0,11,82a8db1d1a8818d5c70195f5dd662c8928cafd785f34afc6223fdd840b5afa83,snip_same_half,0.024852160339422044,0.007944955490529537,128,512,512,512,1024,1000,1.5284210779936984
diffuse,1024,1.0,12,82a8db1d1a8818d5c70195f5dd662c8928cafd785f34afc6223fdd840b5afa83,lora,0.07645412299700705,,1024,0,1024,1024,1024,1000,1.5172973879962228
diffuse,1024,1.0,12,82a8db1d1a8818d5c70195f5dd662c8928cafd785f34afc6223fdd840b5afa83,compressed,0.006763034739938475,,128,0,1024,1024,1024,1000,1.565687458962202
diffuse,1024,1.0,12,82a8db1d1a8818d5c70195f5dd662c8928cafd785f34afc6223fdd840b5afa83,random,0.005874334222333065,0.007643258199095726,128,1024,1024,1024,1024,1000,1.5819386739749461
diffuse,1024,1.0,12,82a8db1d1a8818d5c70195f5dd662c8928cafd785f34afc6223fdd840b5afa83,gradient,0.01310645100523469,0.00768289715051651,128,1024,1024,1024,1024,1000,1.5872392899473198
diffuse,1024,1.0,12,82a8db1d1a8818d5c70195f5dd662c8928cafd785f34afc6223fdd840b5afa83,snip,0.008322128932014259,0.010426957160234451,128,1024,1024,1024,1024,1000,1.5842183670029044
diffuse,1024,1.0,12,82a8db1d1a8818d5c70195f5dd662c8928cafd785f34afc6223fdd840b5afa83,energy,0.005886234404290406,0.06854168325662613,128,1024,1024,1024,1024,1000,1.5854671209817752
diffuse,1024,1.0,12,82a8db1d1a8818d5c70195f5dd662c8928cafd785f34afc6223fdd840b5afa83,snip_independent,0.010436830061482594,0.007144692353904247,128,512,512,1024,1024,1000,1.582900888985023
diffuse,1024,1.0,12,82a8db1d1a8818d5c70195f5dd662c8928cafd785f34afc6223fdd840b5afa83,snip_same_half,0.017798221618521178,0.007423595059663057,128,512,512,512,1024,1000,1.5835060339886695
diffuse,1024,1.0,13,82a8db1d1a8818d5c70195f5dd662c8928cafd785f34afc6223fdd840b5afa83,lora,0.0771932608124808,,1024,0,1024,1024,1024,1000,1.4608232679893263
diffuse,1024,1.0,13,82a8db1d1a8818d5c70195f5dd662c8928cafd785f34afc6223fdd840b5afa83,compressed,0.006728954336870667,,128,0,1024,1024,1024,1000,1.5238566570333205
diffuse,1024,1.0,13,82a8db1d1a8818d5c70195f5dd662c8928cafd785f34afc6223fdd840b5afa83,random,0.006288447544879134,0.00596801470965147,128,1024,1024,1024,1024,1000,1.5350666139856912
diffuse,1024,1.0,13,82a8db1d1a8818d5c70195f5dd662c8928cafd785f34afc6223fdd840b5afa83,gradient,0.015014049057606178,0.006223662290722132,128,1024,1024,1024,1024,1000,1.5380572130088694
diffuse,1024,1.0,13,82a8db1d1a8818d5c70195f5dd662c8928cafd785f34afc6223fdd840b5afa83,snip,0.010660853389952735,0.007789811119437218,128,1024,1024,1024,1024,1000,1.5352470619836822
diffuse,1024,1.0,13,82a8db1d1a8818d5c70195f5dd662c8928cafd785f34afc6223fdd840b5afa83,energy,0.006587944496148957,0.06854168325662613,128,1024,1024,1024,1024,1000,1.538174166053068
diffuse,1024,1.0,13,82a8db1d1a8818d5c70195f5dd662c8928cafd785f34afc6223fdd840b5afa83,snip_independent,0.012593498766005636,0.009390144608914852,128,512,512,1024,1024,1000,1.534860874991864
diffuse,1024,1.0,13,82a8db1d1a8818d5c70195f5dd662c8928cafd785f34afc6223fdd840b5afa83,snip_same_half,0.023949273648349423,0.009199030697345734,128,512,512,512,1024,1000,1.5294462279998697
diffuse,1024,1.0,14,82a8db1d1a8818d5c70195f5dd662c8928cafd785f34afc6223fdd840b5afa83,lora,0.07514693364049325,,1024,0,1024,1024,1024,1000,1.5137725310050882
diffuse,1024,1.0,14,82a8db1d1a8818d5c70195f5dd662c8928cafd785f34afc6223fdd840b5afa83,compressed,0.007583519587746174,,128,0,1024,1024,1024,1000,1.570443908974994
diffuse,1024,1.0,14,82a8db1d1a8818d5c70195f5dd662c8928cafd785f34afc6223fdd840b5afa83,random,0.0061377428359397045,0.00689336471259594,128,1024,1024,1024,1024,1000,1.5854924639570527
diffuse,1024,1.0,14,82a8db1d1a8818d5c70195f5dd662c8928cafd785f34afc6223fdd840b5afa83,gradient,0.013272935552621056,0.008847272954881191,128,1024,1024,1024,1024,1000,1.5859546409337781
diffuse,1024,1.0,14,82a8db1d1a8818d5c70195f5dd662c8928cafd785f34afc6223fdd840b5afa83,snip,0.01022374291776296,0.009019792079925537,128,1024,1024,1024,1024,1000,1.584933330945205
diffuse,1024,1.0,14,82a8db1d1a8818d5c70195f5dd662c8928cafd785f34afc6223fdd840b5afa83,energy,0.0057360926439622584,0.06854168325662613,128,1024,1024,1024,1024,1000,1.5866528749465942
diffuse,1024,1.0,14,82a8db1d1a8818d5c70195f5dd662c8928cafd785f34afc6223fdd840b5afa83,snip_independent,0.010165909827173046,0.007830399088561535,128,512,512,1024,1024,1000,1.5831741960137151
diffuse,1024,1.0,14,82a8db1d1a8818d5c70195f5dd662c8928cafd785f34afc6223fdd840b5afa83,snip_same_half,0.020275161019414588,0.008494323119521141,128,512,512,512,1024,1000,1.5845752710010856
diffuse,1024,1.0,15,82a8db1d1a8818d5c70195f5dd662c8928cafd785f34afc6223fdd840b5afa83,lora,0.07949944960430352,,1024,0,1024,1024,1024,1000,1.4624822500045411
diffuse,1024,1.0,15,82a8db1d1a8818d5c70195f5dd662c8928cafd785f34afc6223fdd840b5afa83,compressed,0.007545203565002176,,128,0,1024,1024,1024,1000,1.5142047390108928
diffuse,1024,1.0,15,82a8db1d1a8818d5c70195f5dd662c8928cafd785f34afc6223fdd840b5afa83,random,0.005927101683830411,0.006458991672843695,128,1024,1024,1024,1024,1000,1.5286450189887546
diffuse,1024,1.0,15,82a8db1d1a8818d5c70195f5dd662c8928cafd785f34afc6223fdd840b5afa83,gradient,0.013703955179483841,0.008311843499541283,128,1024,1024,1024,1024,1000,1.5354286759975366
diffuse,1024,1.0,15,82a8db1d1a8818d5c70195f5dd662c8928cafd785f34afc6223fdd840b5afa83,snip,0.009157057689645922,0.0077897366136312485,128,1024,1024,1024,1024,1000,1.5356783349998295
diffuse,1024,1.0,15,82a8db1d1a8818d5c70195f5dd662c8928cafd785f34afc6223fdd840b5afa83,energy,0.0059553140680985335,0.06854168325662613,128,1024,1024,1024,1024,1000,1.5363987119635567
diffuse,1024,1.0,15,82a8db1d1a8818d5c70195f5dd662c8928cafd785f34afc6223fdd840b5afa83,snip_independent,0.010327533642227306,0.008734575472772121,128,512,512,1024,1024,1000,1.534775495994836
diffuse,1024,1.0,15,82a8db1d1a8818d5c70195f5dd662c8928cafd785f34afc6223fdd840b5afa83,snip_same_half,0.02002323624673796,0.00774525199085474,128,512,512,512,1024,1000,1.5336078999680467
diffuse,1024,1.0,16,82a8db1d1a8818d5c70195f5dd662c8928cafd785f34afc6223fdd840b5afa83,lora,0.07952674483750433,,1024,0,1024,1024,1024,1000,1.5130871789879166
diffuse,1024,1.0,16,82a8db1d1a8818d5c70195f5dd662c8928cafd785f34afc6223fdd840b5afa83,compressed,0.0068228083921966325,,128,0,1024,1024,1024,1000,1.5679285140358843
diffuse,1024,1.0,16,82a8db1d1a8818d5c70195f5dd662c8928cafd785f34afc6223fdd840b5afa83,random,0.005663455970815868,0.0074033490382134914,128,1024,1024,1024,1024,1000,1.5837325880420394
diffuse,1024,1.0,16,82a8db1d1a8818d5c70195f5dd662c8928cafd785f34afc6223fdd840b5afa83,gradient,0.014742032762386847,0.006959116086363792,128,1024,1024,1024,1024,1000,1.5848297550110146
diffuse,1024,1.0,16,82a8db1d1a8818d5c70195f5dd662c8928cafd785f34afc6223fdd840b5afa83,snip,0.010021065072206927,0.007067371625453234,128,1024,1024,1024,1024,1000,1.584046780015342
diffuse,1024,1.0,16,82a8db1d1a8818d5c70195f5dd662c8928cafd785f34afc6223fdd840b5afa83,energy,0.0053494307357520275,0.06854168325662613,128,1024,1024,1024,1024,1000,1.5902090189629234
diffuse,1024,1.0,16,82a8db1d1a8818d5c70195f5dd662c8928cafd785f34afc6223fdd840b5afa83,snip_independent,0.01161135710548671,0.008002272807061672,128,512,512,1024,1024,1000,1.5822061210055836
diffuse,1024,1.0,16,82a8db1d1a8818d5c70195f5dd662c8928cafd785f34afc6223fdd840b5afa83,snip_same_half,0.02334918909053782,0.00923155527561903,128,512,512,512,1024,1000,1.5823804989922792
diffuse,1024,1.0,17,82a8db1d1a8818d5c70195f5dd662c8928cafd785f34afc6223fdd840b5afa83,lora,0.07429044734315875,,1024,0,1024,1024,1024,1000,1.4708701969939284
diffuse,1024,1.0,17,82a8db1d1a8818d5c70195f5dd662c8928cafd785f34afc6223fdd840b5afa83,compressed,0.0071047203534349325,,128,0,1024,1024,1024,1000,1.5220695629832335
diffuse,1024,1.0,17,82a8db1d1a8818d5c70195f5dd662c8928cafd785f34afc6223fdd840b5afa83,random,0.006355283616402706,0.0052443197928369045,128,1024,1024,1024,1024,1000,1.538888567010872
diffuse,1024,1.0,17,82a8db1d1a8818d5c70195f5dd662c8928cafd785f34afc6223fdd840b5afa83,gradient,0.013382238450242893,0.008648909628391266,128,1024,1024,1024,1024,1000,1.5340204649837688
diffuse,1024,1.0,17,82a8db1d1a8818d5c70195f5dd662c8928cafd785f34afc6223fdd840b5afa83,snip,0.010115460124175073,0.007450663484632969,128,1024,1024,1024,1024,1000,1.5293624130426906
diffuse,1024,1.0,17,82a8db1d1a8818d5c70195f5dd662c8928cafd785f34afc6223fdd840b5afa83,energy,0.0059482770732972,0.06854168325662613,128,1024,1024,1024,1024,1000,1.5317951820325106
diffuse,1024,1.0,17,82a8db1d1a8818d5c70195f5dd662c8928cafd785f34afc6223fdd840b5afa83,snip_independent,0.010487112011426134,0.007647599093616009,128,512,512,1024,1024,1000,1.5290342009975575
diffuse,1024,1.0,17,82a8db1d1a8818d5c70195f5dd662c8928cafd785f34afc6223fdd840b5afa83,snip_same_half,0.017582288012517416,0.006433506030589342,128,512,512,512,1024,1000,1.5307943299412727
diffuse,1024,1.0,18,82a8db1d1a8818d5c70195f5dd662c8928cafd785f34afc6223fdd840b5afa83,lora,0.07267304111469831,,1024,0,1024,1024,1024,1000,1.5104028640198521
diffuse,1024,1.0,18,82a8db1d1a8818d5c70195f5dd662c8928cafd785f34afc6223fdd840b5afa83,compressed,0.007825739000127688,,128,0,1024,1024,1024,1000,1.567326291988138
diffuse,1024,1.0,18,82a8db1d1a8818d5c70195f5dd662c8928cafd785f34afc6223fdd840b5afa83,random,0.006071759724476477,0.010075457394123077,128,1024,1024,1024,1024,1000,1.5823482780251652
diffuse,1024,1.0,18,82a8db1d1a8818d5c70195f5dd662c8928cafd785f34afc6223fdd840b5afa83,gradient,0.01599784766574448,0.007419055327773094,128,1024,1024,1024,1024,1000,1.5826972330687568
diffuse,1024,1.0,18,82a8db1d1a8818d5c70195f5dd662c8928cafd785f34afc6223fdd840b5afa83,snip,0.012041304873524592,0.010232032276690006,128,1024,1024,1024,1024,1000,1.5819560970412567
diffuse,1024,1.0,18,82a8db1d1a8818d5c70195f5dd662c8928cafd785f34afc6223fdd840b5afa83,energy,0.00620003166908141,0.06854168325662613,128,1024,1024,1024,1024,1000,1.583236201084219
diffuse,1024,1.0,18,82a8db1d1a8818d5c70195f5dd662c8928cafd785f34afc6223fdd840b5afa83,snip_independent,0.010693139366903501,0.0073782471008598804,128,512,512,1024,1024,1000,1.5832575459498912
diffuse,1024,1.0,18,82a8db1d1a8818d5c70195f5dd662c8928cafd785f34afc6223fdd840b5afa83,snip_same_half,0.020201843134457234,0.00816282257437706,128,512,512,512,1024,1000,1.5825267609907314
diffuse,1024,1.0,19,82a8db1d1a8818d5c70195f5dd662c8928cafd785f34afc6223fdd840b5afa83,lora,0.07718822770903985,,1024,0,1024,1024,1024,1000,1.4626970029785298
diffuse,1024,1.0,19,82a8db1d1a8818d5c70195f5dd662c8928cafd785f34afc6223fdd840b5afa83,compressed,0.008532077835116846,,128,0,1024,1024,1024,1000,1.5223572659888305
diffuse,1024,1.0,19,82a8db1d1a8818d5c70195f5dd662c8928cafd785f34afc6223fdd840b5afa83,random,0.006318818311514802,0.005230120848864317,128,1024,1024,1024,1024,1000,1.5356645970023237
diffuse,1024,1.0,19,82a8db1d1a8818d5c70195f5dd662c8928cafd785f34afc6223fdd840b5afa83,gradient,0.013440838763158105,0.00929893646389246,128,1024,1024,1024,1024,1000,1.5356536579784006
diffuse,1024,1.0,19,82a8db1d1a8818d5c70195f5dd662c8928cafd785f34afc6223fdd840b5afa83,snip,0.010491369543077014,0.005362951196730137,128,1024,1024,1024,1024,1000,1.5340547449886799
diffuse,1024,1.0,19,82a8db1d1a8818d5c70195f5dd662c8928cafd785f34afc6223fdd840b5afa83,energy,0.006844965072704614,0.06854168325662613,128,1024,1024,1024,1024,1000,1.5363177940016612
diffuse,1024,1.0,19,82a8db1d1a8818d5c70195f5dd662c8928cafd785f34afc6223fdd840b5afa83,snip_independent,0.01218030252019307,0.008966303430497646,128,512,512,1024,1024,1000,1.5336063010036014
diffuse,1024,1.0,19,82a8db1d1a8818d5c70195f5dd662c8928cafd785f34afc6223fdd840b5afa83,snip_same_half,0.020150184696421127,0.009397878311574459,128,512,512,512,1024,1000,1.5351252360269427
diffuse,4096,0.25,0,82a8db1d1a8818d5c70195f5dd662c8928cafd785f34afc6223fdd840b5afa83,lora,0.002322214294699889,,1024,0,4096,4096,4096,1000,1.5075384099618532
diffuse,4096,0.25,0,82a8db1d1a8818d5c70195f5dd662c8928cafd785f34afc6223fdd840b5afa83,compressed,0.0029127910984146927,,128,0,4096,4096,4096,1000,1.562156784988474
diffuse,4096,0.25,0,82a8db1d1a8818d5c70195f5dd662c8928cafd785f34afc6223fdd840b5afa83,random,0.0029154837712379172,0.008456990122795105,128,4096,4096,4096,4096,1000,1.5802596349967644
diffuse,4096,0.25,0,82a8db1d1a8818d5c70195f5dd662c8928cafd785f34afc6223fdd840b5afa83,gradient,0.0023237312522249682,0.014983709901571274,128,4096,4096,4096,4096,1000,1.5803623229148798
diffuse,4096,0.25,0,82a8db1d1a8818d5c70195f5dd662c8928cafd785f34afc6223fdd840b5afa83,snip,0.002627570791849346,0.010079186409711838,128,4096,4096,4096,4096,1000,1.5801109859603457
diffuse,4096,0.25,0,82a8db1d1a8818d5c70195f5dd662c8928cafd785f34afc6223fdd840b5afa83,energy,0.0027085721674923327,0.06854168325662613,128,4096,4096,4096,4096,1000,1.5805065159802325
diffuse,4096,0.25,0,82a8db1d1a8818d5c70195f5dd662c8928cafd785f34afc6223fdd840b5afa83,snip_independent,0.0028140563644343764,0.00994101818650961,128,2048,2048,4096,4096,1000,1.5790857539977878
diffuse,4096,0.25,0,82a8db1d1a8818d5c70195f5dd662c8928cafd785f34afc6223fdd840b5afa83,snip_same_half,0.0027958088858210904,0.012401251122355461,128,2048,2048,2048,4096,1000,1.579192684032023
diffuse,4096,0.25,1,82a8db1d1a8818d5c70195f5dd662c8928cafd785f34afc6223fdd840b5afa83,lora,0.002319026566988737,,1024,0,4096,4096,4096,1000,1.4641161260078661
diffuse,4096,0.25,1,82a8db1d1a8818d5c70195f5dd662c8928cafd785f34afc6223fdd840b5afa83,compressed,0.0029061333310499912,,128,0,4096,4096,4096,1000,1.5121238729916513
diffuse,4096,0.25,1,82a8db1d1a8818d5c70195f5dd662c8928cafd785f34afc6223fdd840b5afa83,random,0.0029279370814736818,0.008182210847735405,128,4096,4096,4096,4096,1000,1.5345220330636948
diffuse,4096,0.25,1,82a8db1d1a8818d5c70195f5dd662c8928cafd785f34afc6223fdd840b5afa83,gradient,0.0024330330192210035,0.014214891009032726,128,4096,4096,4096,4096,1000,1.530143954034429
diffuse,4096,0.25,1,82a8db1d1a8818d5c70195f5dd662c8928cafd785f34afc6223fdd840b5afa83,snip,0.0024820405781264482,0.010340114124119282,128,4096,4096,4096,4096,1000,1.5305339950718917
diffuse,4096,0.25,1,82a8db1d1a8818d5c70195f5dd662c8928cafd785f34afc6223fdd840b5afa83,energy,0.002688434606089124,0.06854168325662613,128,4096,4096,4096,4096,1000,1.530924565042369
diffuse,4096,0.25,1,82a8db1d1a8818d5c70195f5dd662c8928cafd785f34afc6223fdd840b5afa83,snip_independent,0.002714723222597832,0.010765446349978447,128,2048,2048,4096,4096,1000,1.5307343570166267
diffuse,4096,0.25,1,82a8db1d1a8818d5c70195f5dd662c8928cafd785f34afc6223fdd840b5afa83,snip_same_half,0.002904863136129289,0.009343983605504036,128,2048,2048,2048,4096,1000,1.529235900961794
diffuse,4096,0.25,2,82a8db1d1a8818d5c70195f5dd662c8928cafd785f34afc6223fdd840b5afa83,lora,0.002103654573652435,,1024,0,4096,4096,4096,1000,1.5098185400129296
diffuse,4096,0.25,2,82a8db1d1a8818d5c70195f5dd662c8928cafd785f34afc6223fdd840b5afa83,compressed,0.002931663003017171,,128,0,4096,4096,4096,1000,1.564959128969349
diffuse,4096,0.25,2,82a8db1d1a8818d5c70195f5dd662c8928cafd785f34afc6223fdd840b5afa83,random,0.002969050650309047,0.011130019091069698,128,4096,4096,4096,4096,1000,1.5806287670275196
diffuse,4096,0.25,2,82a8db1d1a8818d5c70195f5dd662c8928cafd785f34afc6223fdd840b5afa83,gradient,0.0023780869886825284,0.01478576473891735,128,4096,4096,4096,4096,1000,1.5875112400390208
diffuse,4096,0.25,2,82a8db1d1a8818d5c70195f5dd662c8928cafd785f34afc6223fdd840b5afa83,snip,0.002751842045416196,0.008361361920833588,128,4096,4096,4096,4096,1000,1.579497222963255
diffuse,4096,0.25,2,82a8db1d1a8818d5c70195f5dd662c8928cafd785f34afc6223fdd840b5afa83,energy,0.002729518404280343,0.06854168325662613,128,4096,4096,4096,4096,1000,1.5806677919463255
diffuse,4096,0.25,2,82a8db1d1a8818d5c70195f5dd662c8928cafd785f34afc6223fdd840b5afa83,snip_independent,0.002783669757709885,0.009189652279019356,128,2048,2048,4096,4096,1000,1.5805606790236197
diffuse,4096,0.25,2,82a8db1d1a8818d5c70195f5dd662c8928cafd785f34afc6223fdd840b5afa83,snip_same_half,0.0029181694787768996,0.0067323739640414715,128,2048,2048,2048,4096,1000,1.5807833970175125
diffuse,4096,0.25,3,82a8db1d1a8818d5c70195f5dd662c8928cafd785f34afc6223fdd840b5afa83,lora,0.0023600596191416644,,1024,0,4096,4096,4096,1000,1.4618854720029049
diffuse,4096,0.25,3,82a8db1d1a8818d5c70195f5dd662c8928cafd785f34afc6223fdd840b5afa83,compressed,0.002923175431020284,,128,0,4096,4096,4096,1000,1.509606855979655
diffuse,4096,0.25,3,82a8db1d1a8818d5c70195f5dd662c8928cafd785f34afc6223fdd840b5afa83,random,0.0029287689330636203,0.011102141812443733,128,4096,4096,4096,4096,1000,1.5252601820393465
diffuse,4096,0.25,3,82a8db1d1a8818d5c70195f5dd662c8928cafd785f34afc6223fdd840b5afa83,gradient,0.00242242834643414,0.015486827120184898,128,4096,4096,4096,4096,1000,1.5256545090232976
diffuse,4096,0.25,3,82a8db1d1a8818d5c70195f5dd662c8928cafd785f34afc6223fdd840b5afa83,snip,0.0025645448268478447,0.010160465724766254,128,4096,4096,4096,4096,1000,1.526106717006769
diffuse,4096,0.25,3,82a8db1d1a8818d5c70195f5dd662c8928cafd785f34afc6223fdd840b5afa83,energy,0.002736623265159293,0.06854168325662613,128,4096,4096,4096,4096,1000,1.5282773439539596
diffuse,4096,0.25,3,82a8db1d1a8818d5c70195f5dd662c8928cafd785f34afc6223fdd840b5afa83,snip_independent,0.0029230827694604264,0.009863612242043018,128,2048,2048,4096,4096,1000,1.5263679689960554
diffuse,4096,0.25,3,82a8db1d1a8818d5c70195f5dd662c8928cafd785f34afc6223fdd840b5afa83,snip_same_half,0.002833655823602681,0.009027818217873573,128,2048,2048,2048,4096,1000,1.52661842800444
diffuse,4096,0.25,4,82a8db1d1a8818d5c70195f5dd662c8928cafd785f34afc6223fdd840b5afa83,lora,0.0021785826333070566,,1024,0,4096,4096,4096,1000,1.5086059249588288
diffuse,4096,0.25,4,82a8db1d1a8818d5c70195f5dd662c8928cafd785f34afc6223fdd840b5afa83,compressed,0.0029033246369759218,,128,0,4096,4096,4096,1000,1.5603895999956876
diffuse,4096,0.25,4,82a8db1d1a8818d5c70195f5dd662c8928cafd785f34afc6223fdd840b5afa83,random,0.0029759181852517945,0.006785748526453972,128,4096,4096,4096,4096,1000,1.580489223008044
diffuse,4096,0.25,4,82a8db1d1a8818d5c70195f5dd662c8928cafd785f34afc6223fdd840b5afa83,gradient,0.0024591310872329472,0.013059915043413639,128,4096,4096,4096,4096,1000,1.580498336988967
diffuse,4096,0.25,4,82a8db1d1a8818d5c70195f5dd662c8928cafd785f34afc6223fdd840b5afa83,snip,0.00274931070360081,0.007901426404714584,128,4096,4096,4096,4096,1000,1.5805259739863686
diffuse,4096,0.25,4,82a8db1d1a8818d5c70195f5dd662c8928cafd785f34afc6223fdd840b5afa83,energy,0.002725996536833247,0.06854168325662613,128,4096,4096,4096,4096,1000,1.5815137869794853
diffuse,4096,0.25,4,82a8db1d1a8818d5c70195f5dd662c8928cafd785f34afc6223fdd840b5afa83,snip_independent,0.0028490393745956165,0.008451871573925018,128,2048,2048,4096,4096,1000,1.5804075880441815
diffuse,4096,0.25,4,82a8db1d1a8818d5c70195f5dd662c8928cafd785f34afc6223fdd840b5afa83,snip_same_half,0.002697722340155443,0.010890796780586243,128,2048,2048,2048,4096,1000,1.579679417947773
diffuse,4096,0.25,5,82a8db1d1a8818d5c70195f5dd662c8928cafd785f34afc6223fdd840b5afa83,lora,0.00213973796734136,,1024,0,4096,4096,4096,1000,1.4639219450182281
diffuse,4096,0.25,5,82a8db1d1a8818d5c70195f5dd662c8928cafd785f34afc6223fdd840b5afa83,compressed,0.002892743175005634,,128,0,4096,4096,4096,1000,1.5125280329957604
diffuse,4096,0.25,5,82a8db1d1a8818d5c70195f5dd662c8928cafd785f34afc6223fdd840b5afa83,random,0.0029158336298240706,0.009861418046057224,128,4096,4096,4096,4096,1000,1.5300734370248392
diffuse,4096,0.25,5,82a8db1d1a8818d5c70195f5dd662c8928cafd785f34afc6223fdd840b5afa83,gradient,0.0024372266365762967,0.017713339999318123,128,4096,4096,4096,4096,1000,1.5295509009738453
diffuse,4096,0.25,5,82a8db1d1a8818d5c70195f5dd662c8928cafd785f34afc6223fdd840b5afa83,snip,0.0026930257039072224,0.007236703764647245,128,4096,4096,4096,4096,1000,1.530320672027301
diffuse,4096,0.25,5,82a8db1d1a8818d5c70195f5dd662c8928cafd785f34afc6223fdd840b5afa83,energy,0.0027017114608382624,0.06854168325662613,128,4096,4096,4096,4096,1000,1.5296524070436135
diffuse,4096,0.25,5,82a8db1d1a8818d5c70195f5dd662c8928cafd785f34afc6223fdd840b5afa83,snip_independent,0.002787796860784353,0.010215149261057377,128,2048,2048,4096,4096,1000,1.5290920070256107
diffuse,4096,0.25,5,82a8db1d1a8818d5c70195f5dd662c8928cafd785f34afc6223fdd840b5afa83,snip_same_half,0.00287968930921725,0.00857421476393938,128,2048,2048,2048,4096,1000,1.5287620659801178
diffuse,4096,0.25,6,82a8db1d1a8818d5c70195f5dd662c8928cafd785f34afc6223fdd840b5afa83,lora,0.0022501028752681634,,1024,0,4096,4096,4096,1000,1.5053384409984574
diffuse,4096,0.25,6,82a8db1d1a8818d5c70195f5dd662c8928cafd785f34afc6223fdd840b5afa83,compressed,0.002858755905980656,,128,0,4096,4096,4096,1000,1.5592492049909197
diffuse,4096,0.25,6,82a8db1d1a8818d5c70195f5dd662c8928cafd785f34afc6223fdd840b5afa83,random,0.0028387081739343154,0.009286529384553432,128,4096,4096,4096,4096,1000,1.5765683979843743
diffuse,4096,0.25,6,82a8db1d1a8818d5c70195f5dd662c8928cafd785f34afc6223fdd840b5afa83,gradient,0.002408824949237754,0.012920676730573177,128,4096,4096,4096,4096,1000,1.5769539379398338
diffuse,4096,0.25,6,82a8db1d1a8818d5c70195f5dd662c8928cafd785f34afc6223fdd840b5afa83,snip,0.0025625974697342235,0.010192901827394962,128,4096,4096,4096,4096,1000,1.5757951220148243
diffuse,4096,0.25,6,82a8db1d1a8818d5c70195f5dd662c8928cafd785f34afc6223fdd840b5afa83,energy,0.0026905642110313854,0.06854168325662613,128,4096,4096,4096,4096,1000,1.5785053389845416
diffuse,4096,0.25,6,82a8db1d1a8818d5c70195f5dd662c8928cafd785f34afc6223fdd840b5afa83,snip_independent,0.0027429797207039527,0.00826310832053423,128,2048,2048,4096,4096,1000,1.5780112930224277
diffuse,4096,0.25,6,82a8db1d1a8818d5c70195f5dd662c8928cafd785f34afc6223fdd840b5afa83,snip_same_half,0.0027804935180267376,0.009729885496199131,128,2048,2048,2048,4096,1000,1.5772263599792495
diffuse,4096,0.25,7,82a8db1d1a8818d5c70195f5dd662c8928cafd785f34afc6223fdd840b5afa83,lora,0.002239779136296923,,1024,0,4096,4096,4096,1000,1.4640112100169063
diffuse,4096,0.25,7,82a8db1d1a8818d5c70195f5dd662c8928cafd785f34afc6223fdd840b5afa83,compressed,0.0029256397561356405,,128,0,4096,4096,4096,1000,1.511066878971178
diffuse,4096,0.25,7,82a8db1d1a8818d5c70195f5dd662c8928cafd785f34afc6223fdd840b5afa83,random,0.002947899992333952,0.008920916356146336,128,4096,4096,4096,4096,1000,1.5356577030033804
diffuse,4096,0.25,7,82a8db1d1a8818d5c70195f5dd662c8928cafd785f34afc6223fdd840b5afa83,gradient,0.002414618650050853,0.014817311428487301,128,4096,4096,4096,4096,1000,1.5302210240042768
diffuse,4096,0.25,7,82a8db1d1a8818d5c70195f5dd662c8928cafd785f34afc6223fdd840b5afa83,snip,0.002635770208720944,0.00859291385859251,128,4096,4096,4096,4096,1000,1.5313162800157443
diffuse,4096,0.25,7,82a8db1d1a8818d5c70195f5dd662c8928cafd785f34afc6223fdd840b5afa83,energy,0.0027081040185351008,0.06854168325662613,128,4096,4096,4096,4096,1000,1.5299936159863137
diffuse,4096,0.25,7,82a8db1d1a8818d5c70195f5dd662c8928cafd785f34afc6223fdd840b5afa83,snip_independent,0.0026507867238902997,0.007835577242076397,128,2048,2048,4096,4096,1000,1.5292767470236868
diffuse,4096,0.25,7,82a8db1d1a8818d5c70195f5dd662c8928cafd785f34afc6223fdd840b5afa83,snip_same_half,0.0029364183183190336,0.006869691889733076,128,2048,2048,2048,4096,1000,1.5291765299625695
diffuse,4096,0.25,8,82a8db1d1a8818d5c70195f5dd662c8928cafd785f34afc6223fdd840b5afa83,lora,0.0021947271067675796,,1024,0,4096,4096,4096,1000,1.506444976956118
diffuse,4096,0.25,8,82a8db1d1a8818d5c70195f5dd662c8928cafd785f34afc6223fdd840b5afa83,compressed,0.0029064517864814962,,128,0,4096,4096,4096,1000,1.5598821610328741
diffuse,4096,0.25,8,82a8db1d1a8818d5c70195f5dd662c8928cafd785f34afc6223fdd840b5afa83,random,0.0029588290419328093,0.006998611614108086,128,4096,4096,4096,4096,1000,1.5810448380070738
diffuse,4096,0.25,8,82a8db1d1a8818d5c70195f5dd662c8928cafd785f34afc6223fdd840b5afa83,gradient,0.0023909789985458096,0.016524575650691986,128,4096,4096,4096,4096,1000,1.5782081450452097
diffuse,4096,0.25,8,82a8db1d1a8818d5c70195f5dd662c8928cafd785f34afc6223fdd840b5afa83,snip,0.0026443825871871793,0.007746090646833181,128,4096,4096,4096,4096,1000,1.5777292960556224
diffuse,4096,0.25,8,82a8db1d1a8818d5c70195f5dd662c8928cafd785f34afc6223fdd840b5afa83,energy,0.002694107088918001,0.06854168325662613,128,4096,4096,4096,4096,1000,1.577515943965409
diffuse,4096,0.25,8,82a8db1d1a8818d5c70195f5dd662c8928cafd785f34afc6223fdd840b5afa83,snip_independent,0.0026912123981490312,0.008955412544310093,128,2048,2048,4096,4096,1000,1.5777346859686077
diffuse,4096,0.25,8,82a8db1d1a8818d5c70195f5dd662c8928cafd785f34afc6223fdd840b5afa83,snip_same_half,0.002848156442920568,0.008061862550675869,128,2048,2048,2048,4096,1000,1.5766508080414496
diffuse,4096,0.25,9,82a8db1d1a8818d5c70195f5dd662c8928cafd785f34afc6223fdd840b5afa83,lora,0.0021470034418803984,,1024,0,4096,4096,4096,1000,1.4636741920257919
diffuse,4096,0.25,9,82a8db1d1a8818d5c70195f5dd662c8928cafd785f34afc6223fdd840b5afa83,compressed,0.0028828959097298612,,128,0,4096,4096,4096,1000,1.5126694540376775
diffuse,4096,0.25,9,82a8db1d1a8818d5c70195f5dd662c8928cafd785f34afc6223fdd840b5afa83,random,0.00290940794249018,0.008659077808260918,128,4096,4096,4096,4096,1000,1.5306472480297089
diffuse,4096,0.25,9,82a8db1d1a8818d5c70195f5dd662c8928cafd785f34afc6223fdd840b5afa83,gradient,0.002341788206884782,0.014179540798068047,128,4096,4096,4096,4096,1000,1.529697402031161
diffuse,4096,0.25,9,82a8db1d1a8818d5c70195f5dd662c8928cafd785f34afc6223fdd840b5afa83,snip,0.0025969704071812675,0.009542307816445827,128,4096,4096,4096,4096,1000,1.5283576340298168
diffuse,4096,0.25,9,82a8db1d1a8818d5c70195f5dd662c8928cafd785f34afc6223fdd840b5afa83,energy,0.0026952377911122778,0.06854168325662613,128,4096,4096,4096,4096,1000,1.5298503480153158
diffuse,4096,0.25,9,82a8db1d1a8818d5c70195f5dd662c8928cafd785f34afc6223fdd840b5afa83,snip_independent,0.0027487608831614847,0.008207041770219803,128,2048,2048,4096,4096,1000,1.5301523869275115
diffuse,4096,0.25,9,82a8db1d1a8818d5c70195f5dd662c8928cafd785f34afc6223fdd840b5afa83,snip_same_half,0.002669331006055802,0.008520114235579967,128,2048,2048,2048,4096,1000,1.5271320309839211
diffuse,4096,0.25,10,82a8db1d1a8818d5c70195f5dd662c8928cafd785f34afc6223fdd840b5afa83,lora,0.002137878210737334,,1024,0,4096,4096,4096,1000,1.504353415046353
diffuse,4096,0.25,10,82a8db1d1a8818d5c70195f5dd662c8928cafd785f34afc6223fdd840b5afa83,compressed,0.0029233123912847294,,128,0,4096,4096,4096,1000,1.5610522080096416
diffuse,4096,0.25,10,82a8db1d1a8818d5c70195f5dd662c8928cafd785f34afc6223fdd840b5afa83,random,0.0029030344099453985,0.007531636394560337,128,4096,4096,4096,4096,1000,1.5767486480181105
diffuse,4096,0.25,10,82a8db1d1a8818d5c70195f5dd662c8928cafd785f34afc6223fdd840b5afa83,gradient,0.0024150857555780393,0.013904404826462269,128,4096,4096,4096,4096,1000,1.5816009580157697
diffuse,4096,0.25,10,82a8db1d1a8818d5c70195f5dd662c8928cafd785f34afc6223fdd840b5afa83,snip,0.0026715086593351468,0.008337536826729774,128,4096,4096,4096,4096,1000,1.577824063017033
diffuse,4096,0.25,10,82a8db1d1a8818d5c70195f5dd662c8928cafd785f34afc6223fdd840b5afa83,energy,0.0027201650838557514,0.06854168325662613,128,4096,4096,4096,4096,1000,1.5814514459925704
diffuse,4096,0.25,10,82a8db1d1a8818d5c70195f5dd662c8928cafd785f34afc6223fdd840b5afa83,snip_independent,0.0028352868190642594,0.008514747023582458,128,2048,2048,4096,4096,1000,1.5797133919550106
diffuse,4096,0.25,10,82a8db1d1a8818d5c70195f5dd662c8928cafd785f34afc6223fdd840b5afa83,snip_same_half,0.0028114131961402833,0.009530559182167053,128,2048,2048,2048,4096,1000,1.5803298959508538
diffuse,4096,0.25,11,82a8db1d1a8818d5c70195f5dd662c8928cafd785f34afc6223fdd840b5afa83,lora,0.00232443954349753,,1024,0,4096,4096,4096,1000,1.4681185010122135
diffuse,4096,0.25,11,82a8db1d1a8818d5c70195f5dd662c8928cafd785f34afc6223fdd840b5afa83,compressed,0.0029294885210646585,,128,0,4096,4096,4096,1000,1.5169134959578514
diffuse,4096,0.25,11,82a8db1d1a8818d5c70195f5dd662c8928cafd785f34afc6223fdd840b5afa83,random,0.002904911943688271,0.005783206317573786,128,4096,4096,4096,4096,1000,1.5363415380124934
diffuse,4096,0.25,11,82a8db1d1a8818d5c70195f5dd662c8928cafd785f34afc6223fdd840b5afa83,gradient,0.0023965863103573657,0.01294697355479002,128,4096,4096,4096,4096,1000,1.538641102029942
diffuse,4096,0.25,11,82a8db1d1a8818d5c70195f5dd662c8928cafd785f34afc6223fdd840b5afa83,snip,0.0026421714371397246,0.010963194072246552,128,4096,4096,4096,4096,1000,1.5355604810174555
diffuse,4096,0.25,11,82a8db1d1a8818d5c70195f5dd662c8928cafd785f34afc6223fdd840b5afa83,energy,0.0027438446273450414,0.06854168325662613,128,4096,4096,4096,4096,1000,1.5372330250102095
diffuse,4096,0.25,11,82a8db1d1a8818d5c70195f5dd662c8928cafd785f34afc6223fdd840b5afa83,snip_independent,0.0028484177664856447,0.010378007777035236,128,2048,2048,4096,4096,1000,1.5335945810074918
diffuse,4096,0.25,11,82a8db1d1a8818d5c70195f5dd662c8928cafd785f34afc6223fdd840b5afa83,snip_same_half,0.002854719722560401,0.008600199595093727,128,2048,2048,2048,4096,1000,1.5375430679996498
diffuse,4096,0.25,12,82a8db1d1a8818d5c70195f5dd662c8928cafd785f34afc6223fdd840b5afa83,lora,0.0021778264347047747,,1024,0,4096,4096,4096,1000,1.5089518639724702
diffuse,4096,0.25,12,82a8db1d1a8818d5c70195f5dd662c8928cafd785f34afc6223fdd840b5afa83,compressed,0.0029067943248471282,,128,0,4096,4096,4096,1000,1.5625360760022886
diffuse,4096,0.25,12,82a8db1d1a8818d5c70195f5dd662c8928cafd785f34afc6223fdd840b5afa83,random,0.002939533643122525,0.007643258199095726,128,4096,4096,4096,4096,1000,1.5808784040273167
diffuse,4096,0.25,12,82a8db1d1a8818d5c70195f5dd662c8928cafd785f34afc6223fdd840b5afa83,gradient,0.0024328496492116466,0.01695697009563446,128,4096,4096,4096,4096,1000,1.5788700820412487
diffuse,4096,0.25,12,82a8db1d1a8818d5c70195f5dd662c8928cafd785f34afc6223fdd840b5afa83,snip,0.0026785937047429627,0.008790187537670135,128,4096,4096,4096,4096,1000,1.5796755279880017
diffuse,4096,0.25,12,82a8db1d1a8818d5c70195f5dd662c8928cafd785f34afc6223fdd840b5afa83,energy,0.0026904638100529172,0.06854168325662613,128,4096,4096,4096,4096,1000,1.5788645640132017
diffuse,4096,0.25,12,82a8db1d1a8818d5c70195f5dd662c8928cafd785f34afc6223fdd840b5afa83,snip_independent,0.0026857008579594327,0.01094745472073555,128,2048,2048,4096,4096,1000,1.5801651840447448
diffuse,4096,0.25,12,82a8db1d1a8818d5c70195f5dd662c8928cafd785f34afc6223fdd840b5afa83,snip_same_half,0.002775794789046728,0.010388570837676525,128,2048,2048,2048,4096,1000,1.57853363401955
diffuse,4096,0.25,13,82a8db1d1a8818d5c70195f5dd662c8928cafd785f34afc6223fdd840b5afa83,lora,0.00219101190275832,,1024,0,4096,4096,4096,1000,1.47015064797597
diffuse,4096,0.25,13,82a8db1d1a8818d5c70195f5dd662c8928cafd785f34afc6223fdd840b5afa83,compressed,0.0028930773166136103,,128,0,4096,4096,4096,1000,1.5241892749909312
diffuse,4096,0.25,13,82a8db1d1a8818d5c70195f5dd662c8928cafd785f34afc6223fdd840b5afa83,random,0.0029107714001735774,0.00596801470965147,128,4096,4096,4096,4096,1000,1.5378168700262904
diffuse,4096,0.25,13,82a8db1d1a8818d5c70195f5dd662c8928cafd785f34afc6223fdd840b5afa83,gradient,0.002339037120272144,0.012743574567139149,128,4096,4096,4096,4096,1000,1.5371243260451593
diffuse,4096,0.25,13,82a8db1d1a8818d5c70195f5dd662c8928cafd785f34afc6223fdd840b5afa83,snip,0.0027089261646720004,0.00782479252666235,128,4096,4096,4096,4096,1000,1.536262012028601
diffuse,4096,0.25,13,82a8db1d1a8818d5c70195f5dd662c8928cafd785f34afc6223fdd840b5afa83,energy,0.0026825814599102274,0.06854168325662613,128,4096,4096,4096,4096,1000,1.537855708040297
diffuse,4096,0.25,13,82a8db1d1a8818d5c70195f5dd662c8928cafd785f34afc6223fdd840b5afa83,snip_independent,0.0027348549045112924,0.00812744814902544,128,2048,2048,4096,4096,1000,1.5373282760265283
diffuse,4096,0.25,13,82a8db1d1a8818d5c70195f5dd662c8928cafd785f34afc6223fdd840b5afa83,snip_same_half,0.002680541052584355,0.009570921771228313,128,2048,2048,2048,4096,1000,1.5319137279875576
diffuse,4096,0.25,14,82a8db1d1a8818d5c70195f5dd662c8928cafd785f34afc6223fdd840b5afa83,lora,0.0021338591875574215,,1024,0,4096,4096,4096,1000,1.5176141830161214
diffuse,4096,0.25,14,82a8db1d1a8818d5c70195f5dd662c8928cafd785f34afc6223fdd840b5afa83,compressed,0.002900329508767308,,128,0,4096,4096,4096,1000,1.5631521890172735
diffuse,4096,0.25,14,82a8db1d1a8818d5c70195f5dd662c8928cafd785f34afc6223fdd840b5afa83,random,0.0028352764337093036,0.00689336471259594,128,4096,4096,4096,4096,1000,1.5808822949766181
diffuse,4096,0.25,14,82a8db1d1a8818d5c70195f5dd662c8928cafd785f34afc6223fdd840b5afa83,gradient,0.002517575237440498,0.011845774948596954,128,4096,4096,4096,4096,1000,1.5800914970459417
diffuse,4096,0.25,14,82a8db1d1a8818d5c70195f5dd662c8928cafd785f34afc6223fdd840b5afa83,snip,0.0025988722095109692,0.008904773741960526,128,4096,4096,4096,4096,1000,1.578642848005984
diffuse,4096,0.25,14,82a8db1d1a8818d5c70195f5dd662c8928cafd785f34afc6223fdd840b5afa83,energy,0.0026731716335183313,0.06854168325662613,128,4096,4096,4096,4096,1000,1.5793504400062375
diffuse,4096,0.25,14,82a8db1d1a8818d5c70195f5dd662c8928cafd785f34afc6223fdd840b5afa83,snip_independent,0.002779247488127523,0.008589942939579487,128,2048,2048,4096,4096,1000,1.5792840299545787
diffuse,4096,0.25,14,82a8db1d1a8818d5c70195f5dd662c8928cafd785f34afc6223fdd840b5afa83,snip_same_half,0.0028317533812700123,0.011411631479859352,128,2048,2048,2048,4096,1000,1.5789538089884445
diffuse,4096,0.25,15,82a8db1d1a8818d5c70195f5dd662c8928cafd785f34afc6223fdd840b5afa83,lora,0.0021533080073955,,1024,0,4096,4096,4096,1000,1.4686291170073673
diffuse,4096,0.25,15,82a8db1d1a8818d5c70195f5dd662c8928cafd785f34afc6223fdd840b5afa83,compressed,0.002906431446305239,,128,0,4096,4096,4096,1000,1.522003774996847
diffuse,4096,0.25,15,82a8db1d1a8818d5c70195f5dd662c8928cafd785f34afc6223fdd840b5afa83,random,0.002908362434310683,0.006458991672843695,128,4096,4096,4096,4096,1000,1.5385198830044828
diffuse,4096,0.25,15,82a8db1d1a8818d5c70195f5dd662c8928cafd785f34afc6223fdd840b5afa83,gradient,0.0023367369267585764,0.012954496778547764,128,4096,4096,4096,4096,1000,1.5370496539981104
diffuse,4096,0.25,15,82a8db1d1a8818d5c70195f5dd662c8928cafd785f34afc6223fdd840b5afa83,snip,0.0025569237576506284,0.008859919384121895,128,4096,4096,4096,4096,1000,1.535089084005449
diffuse,4096,0.25,15,82a8db1d1a8818d5c70195f5dd662c8928cafd785f34afc6223fdd840b5afa83,energy,0.00268920380328548,0.06854168325662613,128,4096,4096,4096,4096,1000,1.536862201988697
diffuse,4096,0.25,15,82a8db1d1a8818d5c70195f5dd662c8928cafd785f34afc6223fdd840b5afa83,snip_independent,0.002702548359372627,0.009060089476406574,128,2048,2048,4096,4096,1000,1.536200002010446
diffuse,4096,0.25,15,82a8db1d1a8818d5c70195f5dd662c8928cafd785f34afc6223fdd840b5afa83,snip_same_half,0.0028089003799107127,0.008065229281783104,128,2048,2048,2048,4096,1000,1.5338912279694341
diffuse,4096,0.25,16,82a8db1d1a8818d5c70195f5dd662c8928cafd785f34afc6223fdd840b5afa83,lora,0.0021797576861167286,,1024,0,4096,4096,4096,1000,1.5104697030037642
diffuse,4096,0.25,16,82a8db1d1a8818d5c70195f5dd662c8928cafd785f34afc6223fdd840b5afa83,compressed,0.0028966338641657967,,128,0,4096,4096,4096,1000,1.5618221889599226
diffuse,4096,0.25,16,82a8db1d1a8818d5c70195f5dd662c8928cafd785f34afc6223fdd840b5afa83,random,0.0028944466616037576,0.0074033490382134914,128,4096,4096,4096,4096,1000,1.5817090380005538
diffuse,4096,0.25,16,82a8db1d1a8818d5c70195f5dd662c8928cafd785f34afc6223fdd840b5afa83,gradient,0.0025666541643047484,0.012502790428698063,128,4096,4096,4096,4096,1000,1.5809256060165353
diffuse,4096,0.25,16,82a8db1d1a8818d5c70195f5dd662c8928cafd785f34afc6223fdd840b5afa83,snip,0.0025374632181043126,0.010269814170897007,128,4096,4096,4096,4096,1000,1.5809994830051437
diffuse,4096,0.25,16,82a8db1d1a8818d5c70195f5dd662c8928cafd785f34afc6223fdd840b5afa83,energy,0.0027055988478609343,0.06854168325662613,128,4096,4096,4096,4096,1000,1.581130042031873
diffuse,4096,0.25,16,82a8db1d1a8818d5c70195f5dd662c8928cafd785f34afc6223fdd840b5afa83,snip_independent,0.002764418050453437,0.008333098143339157,128,2048,2048,4096,4096,1000,1.5800814230460674
diffuse,4096,0.25,16,82a8db1d1a8818d5c70195f5dd662c8928cafd785f34afc6223fdd840b5afa83,snip_same_half,0.0027960232166124887,0.009003529325127602,128,2048,2048,2048,4096,1000,1.5786905359709635
diffuse,4096,0.25,17,82a8db1d1a8818d5c70195f5dd662c8928cafd785f34afc6223fdd840b5afa83,lora,0.002206287887787375,,1024,0,4096,4096,4096,1000,1.4698801400372759
diffuse,4096,0.25,17,82a8db1d1a8818d5c70195f5dd662c8928cafd785f34afc6223fdd840b5afa83,compressed,0.0029265359847739404,,128,0,4096,4096,4096,1000,1.520767774025444
diffuse,4096,0.25,17,82a8db1d1a8818d5c70195f5dd662c8928cafd785f34afc6223fdd840b5afa83,random,0.002962080591137839,0.0052443197928369045,128,4096,4096,4096,4096,1000,1.53829425299773
diffuse,4096,0.25,17,82a8db1d1a8818d5c70195f5dd662c8928cafd785f34afc6223fdd840b5afa83,gradient,0.002414578579486896,0.01485932432115078,128,4096,4096,4096,4096,1000,1.5363911050371826
diffuse,4096,0.25,17,82a8db1d1a8818d5c70195f5dd662c8928cafd785f34afc6223fdd840b5afa83,snip,0.002694600297712196,0.011087372899055481,128,4096,4096,4096,4096,1000,1.5372237260453403
diffuse,4096,0.25,17,82a8db1d1a8818d5c70195f5dd662c8928cafd785f34afc6223fdd840b5afa83,energy,0.002748799971843311,0.06854168325662613,128,4096,4096,4096,4096,1000,1.5375120210228488
diffuse,4096,0.25,17,82a8db1d1a8818d5c70195f5dd662c8928cafd785f34afc6223fdd840b5afa83,snip_independent,0.0027960417461825576,0.009764648042619228,128,2048,2048,4096,4096,1000,1.5372593849897385
diffuse,4096,0.25,17,82a8db1d1a8818d5c70195f5dd662c8928cafd785f34afc6223fdd840b5afa83,snip_same_half,0.0028029020184271985,0.0116244126111269,128,2048,2048,2048,4096,1000,1.5362144009559415
diffuse,4096,0.25,18,82a8db1d1a8818d5c70195f5dd662c8928cafd785f34afc6223fdd840b5afa83,lora,0.002197943591322444,,1024,0,4096,4096,4096,1000,1.510085686983075
diffuse,4096,0.25,18,82a8db1d1a8818d5c70195f5dd662c8928cafd785f34afc6223fdd840b5afa83,compressed,0.0028750393042311423,,128,0,4096,4096,4096,1000,1.5613182979868725
diffuse,4096,0.25,18,82a8db1d1a8818d5c70195f5dd662c8928cafd785f34afc6223fdd840b5afa83,random,0.0029044464268221104,0.010075457394123077,128,4096,4096,4096,4096,1000,1.5805742079974152
diffuse,4096,0.25,18,82a8db1d1a8818d5c70195f5dd662c8928cafd785f34afc6223fdd840b5afa83,gradient,0.0022830128117546336,0.011768022552132607,128,4096,4096,4096,4096,1000,1.579982542025391
diffuse,4096,0.25,18,82a8db1d1a8818d5c70195f5dd662c8928cafd785f34afc6223fdd840b5afa83,snip,0.002444015544025029,0.009679480455815792,128,4096,4096,4096,4096,1000,1.5778061870369129
diffuse,4096,0.25,18,82a8db1d1a8818d5c70195f5dd662c8928cafd785f34afc6223fdd840b5afa83,energy,0.002677161613518088,0.06854168325662613,128,4096,4096,4096,4096,1000,1.5804214929812588
diffuse,4096,0.25,18,82a8db1d1a8818d5c70195f5dd662c8928cafd785f34afc6223fdd840b5afa83,snip_independent,0.0027551642861856785,0.007841004058718681,128,2048,2048,4096,4096,1000,1.5792871900484897
diffuse,4096,0.25,18,82a8db1d1a8818d5c70195f5dd662c8928cafd785f34afc6223fdd840b5afa83,snip_same_half,0.0027461229350773785,0.010250038467347622,128,2048,2048,2048,4096,1000,1.578865491959732
diffuse,4096,0.25,19,82a8db1d1a8818d5c70195f5dd662c8928cafd785f34afc6223fdd840b5afa83,lora,0.0023571474613580346,,1024,0,4096,4096,4096,1000,1.4709130830015056
diffuse,4096,0.25,19,82a8db1d1a8818d5c70195f5dd662c8928cafd785f34afc6223fdd840b5afa83,compressed,0.002903833306145284,,128,0,4096,4096,4096,1000,1.5169269910547882
diffuse,4096,0.25,19,82a8db1d1a8818d5c70195f5dd662c8928cafd785f34afc6223fdd840b5afa83,random,0.0029501333800034057,0.005230120848864317,128,4096,4096,4096,4096,1000,1.5306956580025144
diffuse,4096,0.25,19,82a8db1d1a8818d5c70195f5dd662c8928cafd785f34afc6223fdd840b5afa83,gradient,0.002485549781755417,0.012789696455001831,128,4096,4096,4096,4096,1000,1.5347921420470811
diffuse,4096,0.25,19,82a8db1d1a8818d5c70195f5dd662c8928cafd785f34afc6223fdd840b5afa83,snip,0.002648348491919854,0.009127804078161716,128,4096,4096,4096,4096,1000,1.537663400056772
diffuse,4096,0.25,19,82a8db1d1a8818d5c70195f5dd662c8928cafd785f34afc6223fdd840b5afa83,energy,0.0027142003344963125,0.06854168325662613,128,4096,4096,4096,4096,1000,1.5375325470231473
diffuse,4096,0.25,19,82a8db1d1a8818d5c70195f5dd662c8928cafd785f34afc6223fdd840b5afa83,snip_independent,0.002782519135045505,0.011265147477388382,128,2048,2048,4096,4096,1000,1.5364534049876966
diffuse,4096,0.25,19,82a8db1d1a8818d5c70195f5dd662c8928cafd785f34afc6223fdd840b5afa83,snip_same_half,0.00286787281984726,0.009030085988342762,128,2048,2048,2048,4096,1000,1.5376185809727758
diffuse,4096,0.5,0,82a8db1d1a8818d5c70195f5dd662c8928cafd785f34afc6223fdd840b5afa83,lora,0.006075966880220315,,1024,0,4096,4096,4096,1000,1.507854483963456
diffuse,4096,0.5,0,82a8db1d1a8818d5c70195f5dd662c8928cafd785f34afc6223fdd840b5afa83,compressed,0.0032681575791483185,,128,0,4096,4096,4096,1000,1.562427234952338
diffuse,4096,0.5,0,82a8db1d1a8818d5c70195f5dd662c8928cafd785f34afc6223fdd840b5afa83,random,0.0031977008430312173,0.008456990122795105,128,4096,4096,4096,4096,1000,1.5823082509450614
diffuse,4096,0.5,0,82a8db1d1a8818d5c70195f5dd662c8928cafd785f34afc6223fdd840b5afa83,gradient,0.0031448259449410377,0.010876419022679329,128,4096,4096,4096,4096,1000,1.5812568789697252
diffuse,4096,0.5,0,82a8db1d1a8818d5c70195f5dd662c8928cafd785f34afc6223fdd840b5afa83,snip,0.0032474099258432464,0.008164678700268269,128,4096,4096,4096,4096,1000,1.581932290981058
diffuse,4096,0.5,0,82a8db1d1a8818d5c70195f5dd662c8928cafd785f34afc6223fdd840b5afa83,energy,0.0030054631757538124,0.06854168325662613,128,4096,4096,4096,4096,1000,1.5825139340013266
diffuse,4096,0.5,0,82a8db1d1a8818d5c70195f5dd662c8928cafd785f34afc6223fdd840b5afa83,snip_independent,0.003772582295246959,0.009409294463694096,128,2048,2048,4096,4096,1000,1.578547027951572
diffuse,4096,0.5,0,82a8db1d1a8818d5c70195f5dd662c8928cafd785f34afc6223fdd840b5afa83,snip_same_half,0.004241718665705848,0.010833417065441608,128,2048,2048,2048,4096,1000,1.578070069954265
diffuse,4096,0.5,1,82a8db1d1a8818d5c70195f5dd662c8928cafd785f34afc6223fdd840b5afa83,lora,0.0062647632718029,,1024,0,4096,4096,4096,1000,1.4728874299908057
diffuse,4096,0.5,1,82a8db1d1a8818d5c70195f5dd662c8928cafd785f34afc6223fdd840b5afa83,compressed,0.0032866304015402906,,128,0,4096,4096,4096,1000,1.5209217729861848
diffuse,4096,0.5,1,82a8db1d1a8818d5c70195f5dd662c8928cafd785f34afc6223fdd840b5afa83,random,0.0032158489577847615,0.008182210847735405,128,4096,4096,4096,4096,1000,1.5381618429673836
diffuse,4096,0.5,1,82a8db1d1a8818d5c70195f5dd662c8928cafd785f34afc6223fdd840b5afa83,gradient,0.0031276444139099724,0.012279346585273743,128,4096,4096,4096,4096,1000,1.5360827599652112
diffuse,4096,0.5,1,82a8db1d1a8818d5c70195f5dd662c8928cafd785f34afc6223fdd840b5afa83,snip,0.0032076634327578846,0.010241699405014515,128,4096,4096,4096,4096,1000,1.531900699948892
diffuse,4096,0.5,1,82a8db1d1a8818d5c70195f5dd662c8928cafd785f34afc6223fdd840b5afa83,energy,0.00294488228199697,0.06854168325662613,128,4096,4096,4096,4096,1000,1.5301024029613473
diffuse,4096,0.5,1,82a8db1d1a8818d5c70195f5dd662c8928cafd785f34afc6223fdd840b5afa83,snip_independent,0.003783817951809877,0.00835432019084692,128,2048,2048,4096,4096,1000,1.5302861340460368
diffuse,4096,0.5,1,82a8db1d1a8818d5c70195f5dd662c8928cafd785f34afc6223fdd840b5afa83,snip_same_half,0.003709242783472595,0.008266236633062363,128,2048,2048,2048,4096,1000,1.529068358009681
diffuse,4096,0.5,2,82a8db1d1a8818d5c70195f5dd662c8928cafd785f34afc6223fdd840b5afa83,lora,0.0056377341578864966,,1024,0,4096,4096,4096,1000,1.509307860978879
diffuse,4096,0.5,2,82a8db1d1a8818d5c70195f5dd662c8928cafd785f34afc6223fdd840b5afa83,compressed,0.0033654979931943127,,128,0,4096,4096,4096,1000,1.5629542549722828
diffuse,4096,0.5,2,82a8db1d1a8818d5c70195f5dd662c8928cafd785f34afc6223fdd840b5afa83,random,0.003255852631373144,0.011130020022392273,128,4096,4096,4096,4096,1000,1.582843620039057
diffuse,4096,0.5,2,82a8db1d1a8818d5c70195f5dd662c8928cafd785f34afc6223fdd840b5afa83,gradient,0.0033394806010426346,0.009222211316227913,128,4096,4096,4096,4096,1000,1.5816567970905453
diffuse,4096,0.5,2,82a8db1d1a8818d5c70195f5dd662c8928cafd785f34afc6223fdd840b5afa83,snip,0.0033283387623582977,0.007209470495581627,128,4096,4096,4096,4096,1000,1.5809065320063382
diffuse,4096,0.5,2,82a8db1d1a8818d5c70195f5dd662c8928cafd785f34afc6223fdd840b5afa83,energy,0.0030728897459150785,0.06854169070720673,128,4096,4096,4096,4096,1000,1.5808181430329569
diffuse,4096,0.5,2,82a8db1d1a8818d5c70195f5dd662c8928cafd785f34afc6223fdd840b5afa83,snip_independent,0.003711955058739385,0.008110756054520607,128,2048,2048,4096,4096,1000,1.5809940700419247
diffuse,4096,0.5,2,82a8db1d1a8818d5c70195f5dd662c8928cafd785f34afc6223fdd840b5afa83,snip_same_half,0.003957517079098536,0.006139588076621294,128,2048,2048,2048,4096,1000,1.579955667955801
diffuse,4096,0.5,3,82a8db1d1a8818d5c70195f5dd662c8928cafd785f34afc6223fdd840b5afa83,lora,0.0063443812317044036,,1024,0,4096,4096,4096,1000,1.4587299359845929
diffuse,4096,0.5,3,82a8db1d1a8818d5c70195f5dd662c8928cafd785f34afc6223fdd840b5afa83,compressed,0.003328399305869891,,128,0,4096,4096,4096,1000,1.5083242179825902
diffuse,4096,0.5,3,82a8db1d1a8818d5c70195f5dd662c8928cafd785f34afc6223fdd840b5afa83,random,0.0032370709282865747,0.011102141812443733,128,4096,4096,4096,4096,1000,1.5286201309645548
diffuse,4096,0.5,3,82a8db1d1a8818d5c70195f5dd662c8928cafd785f34afc6223fdd840b5afa83,gradient,0.0032666631551681296,0.01051151379942894,128,4096,4096,4096,4096,1000,1.527256147004664
diffuse,4096,0.5,3,82a8db1d1a8818d5c70195f5dd662c8928cafd785f34afc6223fdd840b5afa83,snip,0.0032458514470589967,0.009914226830005646,128,4096,4096,4096,4096,1000,1.5283133170451038
diffuse,4096,0.5,3,82a8db1d1a8818d5c70195f5dd662c8928cafd785f34afc6223fdd840b5afa83,energy,0.0030857520885273896,0.06854168325662613,128,4096,4096,4096,4096,1000,1.5273847699863836
diffuse,4096,0.5,3,82a8db1d1a8818d5c70195f5dd662c8928cafd785f34afc6223fdd840b5afa83,snip_independent,0.003823046742814911,0.008253092877566814,128,2048,2048,4096,4096,1000,1.526730655983556
diffuse,4096,0.5,3,82a8db1d1a8818d5c70195f5dd662c8928cafd785f34afc6223fdd840b5afa83,snip_same_half,0.0040423201031609315,0.007375645916908979,128,2048,2048,2048,4096,1000,1.5342272970010526
diffuse,4096,0.5,4,82a8db1d1a8818d5c70195f5dd662c8928cafd785f34afc6223fdd840b5afa83,lora,0.0061812153485678,,1024,0,4096,4096,4096,1000,1.506342294975184
diffuse,4096,0.5,4,82a8db1d1a8818d5c70195f5dd662c8928cafd785f34afc6223fdd840b5afa83,compressed,0.003279161944127396,,128,0,4096,4096,4096,1000,1.5604796680272557
diffuse,4096,0.5,4,82a8db1d1a8818d5c70195f5dd662c8928cafd785f34afc6223fdd840b5afa83,random,0.0033379757357133036,0.006785748526453972,128,4096,4096,4096,4096,1000,1.5779195789946243
diffuse,4096,0.5,4,82a8db1d1a8818d5c70195f5dd662c8928cafd785f34afc6223fdd840b5afa83,gradient,0.003367879847644943,0.008075408637523651,128,4096,4096,4096,4096,1000,1.578933015000075
diffuse,4096,0.5,4,82a8db1d1a8818d5c70195f5dd662c8928cafd785f34afc6223fdd840b5afa83,snip,0.003354461233379219,0.006174921989440918,128,4096,4096,4096,4096,1000,1.5774562790174969
diffuse,4096,0.5,4,82a8db1d1a8818d5c70195f5dd662c8928cafd785f34afc6223fdd840b5afa83,energy,0.003058065810277103,0.06854168325662613,128,4096,4096,4096,4096,1000,1.5791916309972294
diffuse,4096,0.5,4,82a8db1d1a8818d5c70195f5dd662c8928cafd785f34afc6223fdd840b5afa83,snip_independent,0.003515818601201354,0.007817219011485577,128,2048,2048,4096,4096,1000,1.5800096639432013
diffuse,4096,0.5,4,82a8db1d1a8818d5c70195f5dd662c8928cafd785f34afc6223fdd840b5afa83,snip_same_half,0.0037163663126651616,0.00948034506291151,128,2048,2048,2048,4096,1000,1.5790489939972758
diffuse,4096,0.5,5,82a8db1d1a8818d5c70195f5dd662c8928cafd785f34afc6223fdd840b5afa83,lora,0.005966077381053605,,1024,0,4096,4096,4096,1000,1.4688953019795008
diffuse,4096,0.5,5,82a8db1d1a8818d5c70195f5dd662c8928cafd785f34afc6223fdd840b5afa83,compressed,0.003201904334837787,,128,0,4096,4096,4096,1000,1.5188908889540471
diffuse,4096,0.5,5,82a8db1d1a8818d5c70195f5dd662c8928cafd785f34afc6223fdd840b5afa83,random,0.0031668241047213674,0.009861418046057224,128,4096,4096,4096,4096,1000,1.5377412000088952
diffuse,4096,0.5,5,82a8db1d1a8818d5c70195f5dd662c8928cafd785f34afc6223fdd840b5afa83,gradient,0.003248592177290195,0.010366386733949184,128,4096,4096,4096,4096,1000,1.5378301590099
diffuse,4096,0.5,5,82a8db1d1a8818d5c70195f5dd662c8928cafd785f34afc6223fdd840b5afa83,snip,0.0030730582535253,0.009228327311575413,128,4096,4096,4096,4096,1000,1.5383166840183549
diffuse,4096,0.5,5,82a8db1d1a8818d5c70195f5dd662c8928cafd785f34afc6223fdd840b5afa83,energy,0.0029834385937248754,0.06854168325662613,128,4096,4096,4096,4096,1000,1.5386633150046691
diffuse,4096,0.5,5,82a8db1d1a8818d5c70195f5dd662c8928cafd785f34afc6223fdd840b5afa83,snip_independent,0.0036157542547360345,0.007280654273927212,128,2048,2048,4096,4096,1000,1.5381677949917503
diffuse,4096,0.5,5,82a8db1d1a8818d5c70195f5dd662c8928cafd785f34afc6223fdd840b5afa83,snip_same_half,0.0038500960019042275,0.008214312605559826,128,2048,2048,2048,4096,1000,1.543657922069542
diffuse,4096,0.5,6,82a8db1d1a8818d5c70195f5dd662c8928cafd785f34afc6223fdd840b5afa83,lora,0.006015614025228591,,1024,0,4096,4096,4096,1000,1.5074791820370592
diffuse,4096,0.5,6,82a8db1d1a8818d5c70195f5dd662c8928cafd785f34afc6223fdd840b5afa83,compressed,0.003119980508479574,,128,0,4096,4096,4096,1000,1.5601998360361904
diffuse,4096,0.5,6,82a8db1d1a8818d5c70195f5dd662c8928cafd785f34afc6223fdd840b5afa83,random,0.003070539805775696,0.009286529384553432,128,4096,4096,4096,4096,1000,1.5788421289762482
diffuse,4096,0.5,6,82a8db1d1a8818d5c70195f5dd662c8928cafd785f34afc6223fdd840b5afa83,gradient,0.003176140975024912,0.010639597661793232,128,4096,4096,4096,4096,1000,1.5777083139983006
diffuse,4096,0.5,6,82a8db1d1a8818d5c70195f5dd662c8928cafd785f34afc6223fdd840b5afa83,snip,0.003052742703536615,0.008872419595718384,128,4096,4096,4096,4096,1000,1.5774590790388174
diffuse,4096,0.5,6,82a8db1d1a8818d5c70195f5dd662c8928cafd785f34afc6223fdd840b5afa83,energy,0.002934483432847224,0.06854168325662613,128,4096,4096,4096,4096,1000,1.5777014039922506
diffuse,4096,0.5,6,82a8db1d1a8818d5c70195f5dd662c8928cafd785f34afc6223fdd840b5afa83,snip_independent,0.0036833180099873075,0.005984772462397814,128,2048,2048,4096,4096,1000,1.5778669560677372
diffuse,4096,0.5,6,82a8db1d1a8818d5c70195f5dd662c8928cafd785f34afc6223fdd840b5afa83,snip_same_half,0.0038344960371082867,0.007966533303260803,128,2048,2048,2048,4096,1000,1.5781878639827482
diffuse,4096,0.5,7,82a8db1d1a8818d5c70195f5dd662c8928cafd785f34afc6223fdd840b5afa83,lora,0.005790597506394289,,1024,0,4096,4096,4096,1000,1.4704318909789436
diffuse,4096,0.5,7,82a8db1d1a8818d5c70195f5dd662c8928cafd785f34afc6223fdd840b5afa83,compressed,0.0033230306499258642,,128,0,4096,4096,4096,1000,1.52042006701231
diffuse,4096,0.5,7,82a8db1d1a8818d5c70195f5dd662c8928cafd785f34afc6223fdd840b5afa83,random,0.0032329200303927476,0.008920916356146336,128,4096,4096,4096,4096,1000,1.5392420300049707
diffuse,4096,0.5,7,82a8db1d1a8818d5c70195f5dd662c8928cafd785f34afc6223fdd840b5afa83,gradient,0.0033612395974532113,0.009090184234082699,128,4096,4096,4096,4096,1000,1.5380240780068561
diffuse,4096,0.5,7,82a8db1d1a8818d5c70195f5dd662c8928cafd785f34afc6223fdd840b5afa83,snip,0.0031953009496761293,0.0064733922481536865,128,4096,4096,4096,4096,1000,1.5394158589770086
diffuse,4096,0.5,7,82a8db1d1a8818d5c70195f5dd662c8928cafd785f34afc6223fdd840b5afa83,energy,0.003021680519195517,0.06854168325662613,128,4096,4096,4096,4096,1000,1.5405496830353513
diffuse,4096,0.5,7,82a8db1d1a8818d5c70195f5dd662c8928cafd785f34afc6223fdd840b5afa83,snip_independent,0.0033176006838229856,0.009948416613042355,128,2048,2048,4096,4096,1000,1.5382995369727723
diffuse,4096,0.5,7,82a8db1d1a8818d5c70195f5dd662c8928cafd785f34afc6223fdd840b5afa83,snip_same_half,0.003942446892710445,0.006601911038160324,128,2048,2048,2048,4096,1000,1.5372074709739536
diffuse,4096,0.5,8,82a8db1d1a8818d5c70195f5dd662c8928cafd785f34afc6223fdd840b5afa83,lora,0.005984100126127235,,1024,0,4096,4096,4096,1000,1.5043616740149446
diffuse,4096,0.5,8,82a8db1d1a8818d5c70195f5dd662c8928cafd785f34afc6223fdd840b5afa83,compressed,0.0032615986171952013,,128,0,4096,4096,4096,1000,1.558517893019598
diffuse,4096,0.5,8,82a8db1d1a8818d5c70195f5dd662c8928cafd785f34afc6223fdd840b5afa83,random,0.0031644273026895132,0.006998611614108086,128,4096,4096,4096,4096,1000,1.5782875330769457
diffuse,4096,0.5,8,82a8db1d1a8818d5c70195f5dd662c8928cafd785f34afc6223fdd840b5afa83,gradient,0.0030314219872222786,0.011524011380970478,128,4096,4096,4096,4096,1000,1.5827891520457342
diffuse,4096,0.5,8,82a8db1d1a8818d5c70195f5dd662c8928cafd785f34afc6223fdd840b5afa83,snip,0.003092095080299373,0.00878846738487482,128,4096,4096,4096,4096,1000,1.5796100760344416
diffuse,4096,0.5,8,82a8db1d1a8818d5c70195f5dd662c8928cafd785f34afc6223fdd840b5afa83,energy,0.0029568805281583992,0.06854168325662613,128,4096,4096,4096,4096,1000,1.5814378470531665
diffuse,4096,0.5,8,82a8db1d1a8818d5c70195f5dd662c8928cafd785f34afc6223fdd840b5afa83,snip_independent,0.0035203117230171014,0.007204566150903702,128,2048,2048,4096,4096,1000,1.5802940279827453
diffuse,4096,0.5,8,82a8db1d1a8818d5c70195f5dd662c8928cafd785f34afc6223fdd840b5afa83,snip_same_half,0.0038697260841226246,0.007769202347844839,128,2048,2048,2048,4096,1000,1.5806003410252742
diffuse,4096,0.5,9,82a8db1d1a8818d5c70195f5dd662c8928cafd785f34afc6223fdd840b5afa83,lora,0.005669139739806411,,1024,0,4096,4096,4096,1000,1.4604199049645104
diffuse,4096,0.5,9,82a8db1d1a8818d5c70195f5dd662c8928cafd785f34afc6223fdd840b5afa83,compressed,0.0031777379254079394,,128,0,4096,4096,4096,1000,1.5102621350088157
diffuse,4096,0.5,9,82a8db1d1a8818d5c70195f5dd662c8928cafd785f34afc6223fdd840b5afa83,random,0.0031283475223194096,0.008659077808260918,128,4096,4096,4096,4096,1000,1.537866281985771
diffuse,4096,0.5,9,82a8db1d1a8818d5c70195f5dd662c8928cafd785f34afc6223fdd840b5afa83,gradient,0.0031822726836898824,0.010491035878658295,128,4096,4096,4096,4096,1000,1.5403352620196529
diffuse,4096,0.5,9,82a8db1d1a8818d5c70195f5dd662c8928cafd785f34afc6223fdd840b5afa83,snip,0.0031314648025184437,0.008568036369979382,128,4096,4096,4096,4096,1000,1.539988833013922
diffuse,4096,0.5,9,82a8db1d1a8818d5c70195f5dd662c8928cafd785f34afc6223fdd840b5afa83,energy,0.0029280143044956393,0.06854168325662613,128,4096,4096,4096,4096,1000,1.5408960549975745
diffuse,4096,0.5,9,82a8db1d1a8818d5c70195f5dd662c8928cafd785f34afc6223fdd840b5afa83,snip_independent,0.0036043952802108053,0.0072049968875944614,128,2048,2048,4096,4096,1000,1.536920428974554
diffuse,4096,0.5,9,82a8db1d1a8818d5c70195f5dd662c8928cafd785f34afc6223fdd840b5afa83,snip_same_half,0.0034577708529266874,0.008843510411679745,128,2048,2048,2048,4096,1000,1.5389693990000524
diffuse,4096,0.5,10,82a8db1d1a8818d5c70195f5dd662c8928cafd785f34afc6223fdd840b5afa83,lora,0.005652107748231182,,1024,0,4096,4096,4096,1000,1.5068885899963789
diffuse,4096,0.5,10,82a8db1d1a8818d5c70195f5dd662c8928cafd785f34afc6223fdd840b5afa83,compressed,0.003295087904811495,,128,0,4096,4096,4096,1000,1.5627818609937094
diffuse,4096,0.5,10,82a8db1d1a8818d5c70195f5dd662c8928cafd785f34afc6223fdd840b5afa83,random,0.00323911263815179,0.007531636394560337,128,4096,4096,4096,4096,1000,1.580359798972495
diffuse,4096,0.5,10,82a8db1d1a8818d5c70195f5dd662c8928cafd785f34afc6223fdd840b5afa83,gradient,0.0030546112266714096,0.009538489393889904,128,4096,4096,4096,4096,1000,1.5782111470471136
diffuse,4096,0.5,10,82a8db1d1a8818d5c70195f5dd662c8928cafd785f34afc6223fdd840b5afa83,snip,0.0032319584236835284,0.006172518711537123,128,4096,4096,4096,4096,1000,1.5809540130430833
diffuse,4096,0.5,10,82a8db1d1a8818d5c70195f5dd662c8928cafd785f34afc6223fdd840b5afa83,energy,0.0030225508334589192,0.06854168325662613,128,4096,4096,4096,4096,1000,1.5807147780433297
diffuse,4096,0.5,10,82a8db1d1a8818d5c70195f5dd662c8928cafd785f34afc6223fdd840b5afa83,snip_independent,0.003812566955958229,0.008274084888398647,128,2048,2048,4096,4096,1000,1.5799535880214535
diffuse,4096,0.5,10,82a8db1d1a8818d5c70195f5dd662c8928cafd785f34afc6223fdd840b5afa83,snip_same_half,0.003801066649500024,0.0068174246698617935,128,2048,2048,2048,4096,1000,1.5795382730429992
diffuse,4096,0.5,11,82a8db1d1a8818d5c70195f5dd662c8928cafd785f34afc6223fdd840b5afa83,lora,0.006357797951850246,,1024,0,4096,4096,4096,1000,1.4682962549850345
diffuse,4096,0.5,11,82a8db1d1a8818d5c70195f5dd662c8928cafd785f34afc6223fdd840b5afa83,compressed,0.00331035475582056,,128,0,4096,4096,4096,1000,1.517487810982857
diffuse,4096,0.5,11,82a8db1d1a8818d5c70195f5dd662c8928cafd785f34afc6223fdd840b5afa83,random,0.003251753332730066,0.005783206317573786,128,4096,4096,4096,4096,1000,1.5385218490264378
diffuse,4096,0.5,11,82a8db1d1a8818d5c70195f5dd662c8928cafd785f34afc6223fdd840b5afa83,gradient,0.0032607942766421563,0.009380773641169071,128,4096,4096,4096,4096,1000,1.5367600790341385
diffuse,4096,0.5,11,82a8db1d1a8818d5c70195f5dd662c8928cafd785f34afc6223fdd840b5afa83,snip,0.003383404175076478,0.007920107804238796,128,4096,4096,4096,4096,1000,1.5384530950104818
diffuse,4096,0.5,11,82a8db1d1a8818d5c70195f5dd662c8928cafd785f34afc6223fdd840b5afa83,energy,0.0030606396805886336,0.06854168325662613,128,4096,4096,4096,4096,1000,1.539353069034405
diffuse,4096,0.5,11,82a8db1d1a8818d5c70195f5dd662c8928cafd785f34afc6223fdd840b5afa83,snip_independent,0.003831510917816145,0.006646724417805672,128,2048,2048,4096,4096,1000,1.5371528610121459
diffuse,4096,0.5,11,82a8db1d1a8818d5c70195f5dd662c8928cafd785f34afc6223fdd840b5afa83,snip_same_half,0.0037831150958476086,0.008050690405070782,128,2048,2048,2048,4096,1000,1.536437890958041
diffuse,4096,0.5,12,82a8db1d1a8818d5c70195f5dd662c8928cafd785f34afc6223fdd840b5afa83,lora,0.00605734494033605,,1024,0,4096,4096,4096,1000,1.5074680929537863
diffuse,4096,0.5,12,82a8db1d1a8818d5c70195f5dd662c8928cafd785f34afc6223fdd840b5afa83,compressed,0.0032621169838535835,,128,0,4096,4096,4096,1000,1.5621885029831901
diffuse,4096,0.5,12,82a8db1d1a8818d5c70195f5dd662c8928cafd785f34afc6223fdd840b5afa83,random,0.0031938118789948946,0.007643258199095726,128,4096,4096,4096,4096,1000,1.5804972689948045
diffuse,4096,0.5,12,82a8db1d1a8818d5c70195f5dd662c8928cafd785f34afc6223fdd840b5afa83,gradient,0.0031364255344791736,0.012424920685589314,128,4096,4096,4096,4096,1000,1.5791830369853415
diffuse,4096,0.5,12,82a8db1d1a8818d5c70195f5dd662c8928cafd785f34afc6223fdd840b5afa83,snip,0.0030787837790634226,0.008114299736917019,128,4096,4096,4096,4096,1000,1.5790648269467056
diffuse,4096,0.5,12,82a8db1d1a8818d5c70195f5dd662c8928cafd785f34afc6223fdd840b5afa83,energy,0.0029964844559000224,0.06854168325662613,128,4096,4096,4096,4096,1000,1.5804730499512516
diffuse,4096,0.5,12,82a8db1d1a8818d5c70195f5dd662c8928cafd785f34afc6223fdd840b5afa83,snip_independent,0.003641785387867155,0.008958055637776852,128,2048,2048,4096,4096,1000,1.581401390954852
diffuse,4096,0.5,12,82a8db1d1a8818d5c70195f5dd662c8928cafd785f34afc6223fdd840b5afa83,snip_same_half,0.003800239935160335,0.01112858671694994,128,2048,2048,2048,4096,1000,1.5783975920057856
diffuse,4096,0.5,13,82a8db1d1a8818d5c70195f5dd662c8928cafd785f34afc6223fdd840b5afa83,lora,0.005691313520326929,,1024,0,4096,4096,4096,1000,1.4706132750143297
diffuse,4096,0.5,13,82a8db1d1a8818d5c70195f5dd662c8928cafd785f34afc6223fdd840b5afa83,compressed,0.003197302269543535,,128,0,4096,4096,4096,1000,1.5178994170273654
diffuse,4096,0.5,13,82a8db1d1a8818d5c70195f5dd662c8928cafd785f34afc6223fdd840b5afa83,random,0.003140361440154729,0.00596801470965147,128,4096,4096,4096,4096,1000,1.5381088000140153
diffuse,4096,0.5,13,82a8db1d1a8818d5c70195f5dd662c8928cafd785f34afc6223fdd840b5afa83,gradient,0.0030487669543896386,0.010853669606149197,128,4096,4096,4096,4096,1000,1.5382885900326073
diffuse,4096,0.5,13,82a8db1d1a8818d5c70195f5dd662c8928cafd785f34afc6223fdd840b5afa83,snip,0.0031235451787424693,0.0081916069611907,128,4096,4096,4096,4096,1000,1.5389560899930075
diffuse,4096,0.5,13,82a8db1d1a8818d5c70195f5dd662c8928cafd785f34afc6223fdd840b5afa83,energy,0.0028871472088170176,0.06854168325662613,128,4096,4096,4096,4096,1000,1.5387484040111303
diffuse,4096,0.5,13,82a8db1d1a8818d5c70195f5dd662c8928cafd785f34afc6223fdd840b5afa83,snip_independent,0.003384251641254842,0.007365738973021507,128,2048,2048,4096,4096,1000,1.5395296280039474
diffuse,4096,0.5,13,82a8db1d1a8818d5c70195f5dd662c8928cafd785f34afc6223fdd840b5afa83,snip_same_half,0.003572645273361338,0.007793692406266928,128,2048,2048,2048,4096,1000,1.5367534160031937
diffuse,4096,0.5,14,82a8db1d1a8818d5c70195f5dd662c8928cafd785f34afc6223fdd840b5afa83,lora,0.005936974706892544,,1024,0,4096,4096,4096,1000,1.5085490819765255
diffuse,4096,0.5,14,82a8db1d1a8818d5c70195f5dd662c8928cafd785f34afc6223fdd840b5afa83,compressed,0.003239612052205479,,128,0,4096,4096,4096,1000,1.5625388050102629
diffuse,4096,0.5,14,82a8db1d1a8818d5c70195f5dd662c8928cafd785f34afc6223fdd840b5afa83,random,0.00305043638455056,0.00689336471259594,128,4096,4096,4096,4096,1000,1.581651236047037
diffuse,4096,0.5,14,82a8db1d1a8818d5c70195f5dd662c8928cafd785f34afc6223fdd840b5afa83,gradient,0.003224853544115538,0.009685411117970943,128,4096,4096,4096,4096,1000,1.579536524019204
diffuse,4096,0.5,14,82a8db1d1a8818d5c70195f5dd662c8928cafd785f34afc6223fdd840b5afa83,snip,0.0029533624536083438,0.008166661486029625,128,4096,4096,4096,4096,1000,1.5795050620217808
diffuse,4096,0.5,14,82a8db1d1a8818d5c70195f5dd662c8928cafd785f34afc6223fdd840b5afa83,energy,0.002897993458801578,0.06854168325662613,128,4096,4096,4096,4096,1000,1.580427354958374
diffuse,4096,0.5,14,82a8db1d1a8818d5c70195f5dd662c8928cafd785f34afc6223fdd840b5afa83,snip_independent,0.0033079429816151524,0.007965361699461937,128,2048,2048,4096,4096,1000,1.579688541998621
diffuse,4096,0.5,14,82a8db1d1a8818d5c70195f5dd662c8928cafd785f34afc6223fdd840b5afa83,snip_same_half,0.003722153010672181,0.010596080683171749,128,2048,2048,2048,4096,1000,1.5798302110633813
diffuse,4096,0.5,15,82a8db1d1a8818d5c70195f5dd662c8928cafd785f34afc6223fdd840b5afa83,lora,0.0063474977207023265,,1024,0,4096,4096,4096,1000,1.4711666789953597
diffuse,4096,0.5,15,82a8db1d1a8818d5c70195f5dd662c8928cafd785f34afc6223fdd840b5afa83,compressed,0.00323474128787397,,128,0,4096,4096,4096,1000,1.5210469919838943
diffuse,4096,0.5,15,82a8db1d1a8818d5c70195f5dd662c8928cafd785f34afc6223fdd840b5afa83,random,0.0031402198163979177,0.006458991672843695,128,4096,4096,4096,4096,1000,1.5397750939591788
diffuse,4096,0.5,15,82a8db1d1a8818d5c70195f5dd662c8928cafd785f34afc6223fdd840b5afa83,gradient,0.00326710202516478,0.010579459369182587,128,4096,4096,4096,4096,1000,1.5300846879254095
diffuse,4096,0.5,15,82a8db1d1a8818d5c70195f5dd662c8928cafd785f34afc6223fdd840b5afa83,snip,0.0031128275401129226,0.008877252228558064,128,4096,4096,4096,4096,1000,1.5294901119195856
diffuse,4096,0.5,15,82a8db1d1a8818d5c70195f5dd662c8928cafd785f34afc6223fdd840b5afa83,energy,0.0029257337498133276,0.06854168325662613,128,4096,4096,4096,4096,1000,1.538104876934085
diffuse,4096,0.5,15,82a8db1d1a8818d5c70195f5dd662c8928cafd785f34afc6223fdd840b5afa83,snip_independent,0.0034881196820930596,0.009453059174120426,128,2048,2048,4096,4096,1000,1.5372112359618768
diffuse,4096,0.5,15,82a8db1d1a8818d5c70195f5dd662c8928cafd785f34afc6223fdd840b5afa83,snip_same_half,0.0037703725546321537,0.008234893903136253,128,2048,2048,2048,4096,1000,1.5367589009692892
diffuse,4096,0.5,16,82a8db1d1a8818d5c70195f5dd662c8928cafd785f34afc6223fdd840b5afa83,lora,0.005459109768824746,,1024,0,4096,4096,4096,1000,1.5069186460459605
diffuse,4096,0.5,16,82a8db1d1a8818d5c70195f5dd662c8928cafd785f34afc6223fdd840b5afa83,compressed,0.0031948143341202625,,128,0,4096,4096,4096,1000,1.561450508015696
diffuse,4096,0.5,16,82a8db1d1a8818d5c70195f5dd662c8928cafd785f34afc6223fdd840b5afa83,random,0.003103067576828428,0.007403349969536066,128,4096,4096,4096,4096,1000,1.5809401400038041
diffuse,4096,0.5,16,82a8db1d1a8818d5c70195f5dd662c8928cafd785f34afc6223fdd840b5afa83,gradient,0.0032062532815798715,0.008555073291063309,128,4096,4096,4096,4096,1000,1.5818179129855707
diffuse,4096,0.5,16,82a8db1d1a8818d5c70195f5dd662c8928cafd785f34afc6223fdd840b5afa83,snip,0.0030752132608062896,0.008734692819416523,128,4096,4096,4096,4096,1000,1.578912272991147
diffuse,4096,0.5,16,82a8db1d1a8818d5c70195f5dd662c8928cafd785f34afc6223fdd840b5afa83,energy,0.0029533759347157946,0.06854168325662613,128,4096,4096,4096,4096,1000,1.5803615729673766
diffuse,4096,0.5,16,82a8db1d1a8818d5c70195f5dd662c8928cafd785f34afc6223fdd840b5afa83,snip_independent,0.0035097318988727643,0.008404899388551712,128,2048,2048,4096,4096,1000,1.5782115080510266
diffuse,4096,0.5,16,82a8db1d1a8818d5c70195f5dd662c8928cafd785f34afc6223fdd840b5afa83,snip_same_half,0.003721830992480415,0.00785828661173582,128,2048,2048,2048,4096,1000,1.5774635919951834
diffuse,4096,0.5,17,82a8db1d1a8818d5c70195f5dd662c8928cafd785f34afc6223fdd840b5afa83,lora,0.005867370123480691,,1024,0,4096,4096,4096,1000,1.4701801179908216
diffuse,4096,0.5,17,82a8db1d1a8818d5c70195f5dd662c8928cafd785f34afc6223fdd840b5afa83,compressed,0.00339172482032569,,128,0,4096,4096,4096,1000,1.5200875889859162
diffuse,4096,0.5,17,82a8db1d1a8818d5c70195f5dd662c8928cafd785f34afc6223fdd840b5afa83,random,0.0033123624909323643,0.0052443197928369045,128,4096,4096,4096,4096,1000,1.5374028839869425
diffuse,4096,0.5,17,82a8db1d1a8818d5c70195f5dd662c8928cafd785f34afc6223fdd840b5afa83,gradient,0.0032100862716484117,0.008006556890904903,128,4096,4096,4096,4096,1000,1.5361337369540706
diffuse,4096,0.5,17,82a8db1d1a8818d5c70195f5dd662c8928cafd785f34afc6223fdd840b5afa83,snip,0.0032125859477525913,0.011443647556006908,128,4096,4096,4096,4096,1000,1.5363551119808108
diffuse,4096,0.5,17,82a8db1d1a8818d5c70195f5dd662c8928cafd785f34afc6223fdd840b5afa83,energy,0.003120245267849671,0.06854168325662613,128,4096,4096,4096,4096,1000,1.5367225089576095
diffuse,4096,0.5,17,82a8db1d1a8818d5c70195f5dd662c8928cafd785f34afc6223fdd840b5afa83,snip_independent,0.0037028625402748534,0.007904858328402042,128,2048,2048,4096,4096,1000,1.5384044889942743
diffuse,4096,0.5,17,82a8db1d1a8818d5c70195f5dd662c8928cafd785f34afc6223fdd840b5afa83,snip_same_half,0.004014917421631049,0.011614479124546051,128,2048,2048,2048,4096,1000,1.53472316195257
diffuse,4096,0.5,18,82a8db1d1a8818d5c70195f5dd662c8928cafd785f34afc6223fdd840b5afa83,lora,0.005869882796541865,,1024,0,4096,4096,4096,1000,1.5092398099950515
diffuse,4096,0.5,18,82a8db1d1a8818d5c70195f5dd662c8928cafd785f34afc6223fdd840b5afa83,compressed,0.0031565848809242104,,128,0,4096,4096,4096,1000,1.5616585329989903
diffuse,4096,0.5,18,82a8db1d1a8818d5c70195f5dd662c8928cafd785f34afc6223fdd840b5afa83,random,0.00310920168678305,0.010075457394123077,128,4096,4096,4096,4096,1000,1.5789628319907933
diffuse,4096,0.5,18,82a8db1d1a8818d5c70195f5dd662c8928cafd785f34afc6223fdd840b5afa83,gradient,0.003017292195648159,0.009044470265507698,128,4096,4096,4096,4096,1000,1.5784936760319397
diffuse,4096,0.5,18,82a8db1d1a8818d5c70195f5dd662c8928cafd785f34afc6223fdd840b5afa83,snip,0.003091654551184835,0.007544332649558783,128,4096,4096,4096,4096,1000,1.5787306299898773
diffuse,4096,0.5,18,82a8db1d1a8818d5c70195f5dd662c8928cafd785f34afc6223fdd840b5afa83,energy,0.002921523232009713,0.06854168325662613,128,4096,4096,4096,4096,1000,1.5784056140109897
diffuse,4096,0.5,18,82a8db1d1a8818d5c70195f5dd662c8928cafd785f34afc6223fdd840b5afa83,snip_independent,0.0035188383937385763,0.005356311332434416,128,2048,2048,4096,4096,1000,1.578146259940695
diffuse,4096,0.5,18,82a8db1d1a8818d5c70195f5dd662c8928cafd785f34afc6223fdd840b5afa83,snip_same_half,0.0035847068291885867,0.010136058554053307,128,2048,2048,2048,4096,1000,1.577249825000763
diffuse,4096,0.5,19,82a8db1d1a8818d5c70195f5dd662c8928cafd785f34afc6223fdd840b5afa83,lora,0.006670610123301862,,1024,0,4096,4096,4096,1000,1.4711032320046797
diffuse,4096,0.5,19,82a8db1d1a8818d5c70195f5dd662c8928cafd785f34afc6223fdd840b5afa83,compressed,0.0032484503052214466,,128,0,4096,4096,4096,1000,1.5209649910102598
diffuse,4096,0.5,19,82a8db1d1a8818d5c70195f5dd662c8928cafd785f34afc6223fdd840b5afa83,random,0.003187833947888689,0.005230120848864317,128,4096,4096,4096,4096,1000,1.5386915820417926
diffuse,4096,0.5,19,82a8db1d1a8818d5c70195f5dd662c8928cafd785f34afc6223fdd840b5afa83,gradient,0.0033195859694124686,0.010719767771661282,128,4096,4096,4096,4096,1000,1.537382239010185
diffuse,4096,0.5,19,82a8db1d1a8818d5c70195f5dd662c8928cafd785f34afc6223fdd840b5afa83,snip,0.0031269421069408075,0.010476402938365936,128,4096,4096,4096,4096,1000,1.5371762730064802
diffuse,4096,0.5,19,82a8db1d1a8818d5c70195f5dd662c8928cafd785f34afc6223fdd840b5afa83,energy,0.0029946856710009674,0.06854168325662613,128,4096,4096,4096,4096,1000,1.533569872030057
diffuse,4096,0.5,19,82a8db1d1a8818d5c70195f5dd662c8928cafd785f34afc6223fdd840b5afa83,snip_independent,0.003737305122800178,0.010527820326387882,128,2048,2048,4096,4096,1000,1.5305181050207466
diffuse,4096,0.5,19,82a8db1d1a8818d5c70195f5dd662c8928cafd785f34afc6223fdd840b5afa83,snip_same_half,0.0038078256562776285,0.0077196573838591576,128,2048,2048,2048,4096,1000,1.5295924519887194
diffuse,4096,1.0,0,82a8db1d1a8818d5c70195f5dd662c8928cafd785f34afc6223fdd840b5afa83,lora,0.021662638200164376,,1024,0,4096,4096,4096,1000,1.5073470610077493
diffuse,4096,1.0,0,82a8db1d1a8818d5c70195f5dd662c8928cafd785f34afc6223fdd840b5afa83,compressed,0.004251562274440563,,128,0,4096,4096,4096,1000,1.5599760979530402
diffuse,4096,1.0,0,82a8db1d1a8818d5c70195f5dd662c8928cafd785f34afc6223fdd840b5afa83,random,0.0038982516722239815,0.008456990122795105,128,4096,4096,4096,4096,1000,1.5803403640165925
diffuse,4096,1.0,0,82a8db1d1a8818d5c70195f5dd662c8928cafd785f34afc6223fdd840b5afa83,gradient,0.004473315475886975,0.00985652208328247,128,4096,4096,4096,4096,1000,1.5797245389549062
diffuse,4096,1.0,0,82a8db1d1a8818d5c70195f5dd662c8928cafd785f34afc6223fdd840b5afa83,snip,0.004149010033569084,0.008912935853004456,128,4096,4096,4096,4096,1000,1.5807754709967412
diffuse,4096,1.0,0,82a8db1d1a8818d5c70195f5dd662c8928cafd785f34afc6223fdd840b5afa83,energy,0.0037698136403088054,0.06854168325662613,128,4096,4096,4096,4096,1000,1.5808507410110906
diffuse,4096,1.0,0,82a8db1d1a8818d5c70195f5dd662c8928cafd785f34afc6223fdd840b5afa83,snip_independent,0.005898283366178331,0.007839812897145748,128,2048,2048,4096,4096,1000,1.5795481380191632
diffuse,4096,1.0,0,82a8db1d1a8818d5c70195f5dd662c8928cafd785f34afc6223fdd840b5afa83,snip_same_half,0.006912205843963445,0.009894548915326595,128,2048,2048,2048,4096,1000,1.5777375039760955
diffuse,4096,1.0,1,82a8db1d1a8818d5c70195f5dd662c8928cafd785f34afc6223fdd840b5afa83,lora,0.020976447449004815,,1024,0,4096,4096,4096,1000,1.4614556969609112
diffuse,4096,1.0,1,82a8db1d1a8818d5c70195f5dd662c8928cafd785f34afc6223fdd840b5afa83,compressed,0.004371277679601545,,128,0,4096,4096,4096,1000,1.5125510819489136
diffuse,4096,1.0,1,82a8db1d1a8818d5c70195f5dd662c8928cafd785f34afc6223fdd840b5afa83,random,0.003925929908631695,0.00818221177905798,128,4096,4096,4096,4096,1000,1.5370709989219904
diffuse,4096,1.0,1,82a8db1d1a8818d5c70195f5dd662c8928cafd785f34afc6223fdd840b5afa83,gradient,0.00426632654672092,0.011248745024204254,128,4096,4096,4096,4096,1000,1.5364491479704157
diffuse,4096,1.0,1,82a8db1d1a8818d5c70195f5dd662c8928cafd785f34afc6223fdd840b5afa83,snip,0.004420643019712546,0.010634531266987324,128,4096,4096,4096,4096,1000,1.5366104749846272
diffuse,4096,1.0,1,82a8db1d1a8818d5c70195f5dd662c8928cafd785f34afc6223fdd840b5afa83,energy,0.0035684176241607027,0.06854168325662613,128,4096,4096,4096,4096,1000,1.5374837850104086
diffuse,4096,1.0,1,82a8db1d1a8818d5c70195f5dd662c8928cafd785f34afc6223fdd840b5afa83,snip_independent,0.005671726809348802,0.007598536089062691,128,2048,2048,4096,4096,1000,1.5361202029744163
diffuse,4096,1.0,1,82a8db1d1a8818d5c70195f5dd662c8928cafd785f34afc6223fdd840b5afa83,snip_same_half,0.005802352508935605,0.008028718642890453,128,2048,2048,2048,4096,1000,1.5355528239742853
diffuse,4096,1.0,2,82a8db1d1a8818d5c70195f5dd662c8928cafd785f34afc6223fdd840b5afa83,lora,0.01959092002495722,,1024,0,4096,4096,4096,1000,1.5046617729822174
diffuse,4096,1.0,2,82a8db1d1a8818d5c70195f5dd662c8928cafd785f34afc6223fdd840b5afa83,compressed,0.004508776705519179,,128,0,4096,4096,4096,1000,1.5610900839674287
diffuse,4096,1.0,2,82a8db1d1a8818d5c70195f5dd662c8928cafd785f34afc6223fdd840b5afa83,random,0.003907484452639314,0.011130019091069698,128,4096,4096,4096,4096,1000,1.5797118090558797
diffuse,4096,1.0,2,82a8db1d1a8818d5c70195f5dd662c8928cafd785f34afc6223fdd840b5afa83,gradient,0.004580275123023867,0.0075364382937550545,128,4096,4096,4096,4096,1000,1.578625392052345
diffuse,4096,1.0,2,82a8db1d1a8818d5c70195f5dd662c8928cafd785f34afc6223fdd840b5afa83,snip,0.004580550882086952,0.006919329520314932,128,4096,4096,4096,4096,1000,1.577827328001149
diffuse,4096,1.0,2,82a8db1d1a8818d5c70195f5dd662c8928cafd785f34afc6223fdd840b5afa83,energy,0.003903060782513512,0.06854168325662613,128,4096,4096,4096,4096,1000,1.5786881410167553
diffuse,4096,1.0,2,82a8db1d1a8818d5c70195f5dd662c8928cafd785f34afc6223fdd840b5afa83,snip_independent,0.005792827715798244,0.007906868122518063,128,2048,2048,4096,4096,1000,1.5786714010173455
diffuse,4096,1.0,2,82a8db1d1a8818d5c70195f5dd662c8928cafd785f34afc6223fdd840b5afa83,snip_same_half,0.0063538560472031266,0.005820977967232466,128,2048,2048,2048,4096,1000,1.57841528597055
diffuse,4096,1.0,3,82a8db1d1a8818d5c70195f5dd662c8928cafd785f34afc6223fdd840b5afa83,lora,0.021080260105853222,,1024,0,4096,4096,4096,1000,1.4618488150299527
diffuse,4096,1.0,3,82a8db1d1a8818d5c70195f5dd662c8928cafd785f34afc6223fdd840b5afa83,compressed,0.004449923493548443,,128,0,4096,4096,4096,1000,1.5101064189802855
diffuse,4096,1.0,3,82a8db1d1a8818d5c70195f5dd662c8928cafd785f34afc6223fdd840b5afa83,random,0.003943719726455777,0.011102141812443733,128,4096,4096,4096,4096,1000,1.530430209939368
diffuse,4096,1.0,3,82a8db1d1a8818d5c70195f5dd662c8928cafd785f34afc6223fdd840b5afa83,gradient,0.0048460241763422195,0.008081444539129734,128,4096,4096,4096,4096,1000,1.530007030989509
diffuse,4096,1.0,3,82a8db1d1a8818d5c70195f5dd662c8928cafd785f34afc6223fdd840b5afa83,snip,0.004495154557448509,0.009515334852039814,128,4096,4096,4096,4096,1000,1.531251452921424
diffuse,4096,1.0,3,82a8db1d1a8818d5c70195f5dd662c8928cafd785f34afc6223fdd840b5afa83,energy,0.003962291926681679,0.06854168325662613,128,4096,4096,4096,4096,1000,1.5323113159975037
diffuse,4096,1.0,3,82a8db1d1a8818d5c70195f5dd662c8928cafd785f34afc6223fdd840b5afa83,snip_independent,0.005918081514523421,0.007468740921467543,128,2048,2048,4096,4096,1000,1.5297115220455453
diffuse,4096,1.0,3,82a8db1d1a8818d5c70195f5dd662c8928cafd785f34afc6223fdd840b5afa83,snip_same_half,0.007820157253209531,0.007185960654169321,128,2048,2048,2048,4096,1000,1.5279219879885204
diffuse,4096,1.0,4,82a8db1d1a8818d5c70195f5dd662c8928cafd785f34afc6223fdd840b5afa83,lora,0.021556431376699582,,1024,0,4096,4096,4096,1000,1.5076168330269866
diffuse,4096,1.0,4,82a8db1d1a8818d5c70195f5dd662c8928cafd785f34afc6223fdd840b5afa83,compressed,0.004301422445428721,,128,0,4096,4096,4096,1000,1.561116155993659
diffuse,4096,1.0,4,82a8db1d1a8818d5c70195f5dd662c8928cafd785f34afc6223fdd840b5afa83,random,0.00424668094164831,0.006785748526453972,128,4096,4096,4096,4096,1000,1.5800501800258644
diffuse,4096,1.0,4,82a8db1d1a8818d5c70195f5dd662c8928cafd785f34afc6223fdd840b5afa83,gradient,0.0048374958423993775,0.00706228194758296,128,4096,4096,4096,4096,1000,1.5809000009321608
diffuse,4096,1.0,4,82a8db1d1a8818d5c70195f5dd662c8928cafd785f34afc6223fdd840b5afa83,snip,0.0046380410499646755,0.006319541018456221,128,4096,4096,4096,4096,1000,1.5782706259633414
diffuse,4096,1.0,4,82a8db1d1a8818d5c70195f5dd662c8928cafd785f34afc6223fdd840b5afa83,energy,0.003908335819240076,0.06854168325662613,128,4096,4096,4096,4096,1000,1.5790464969468303
diffuse,4096,1.0,4,82a8db1d1a8818d5c70195f5dd662c8928cafd785f34afc6223fdd840b5afa83,snip_independent,0.005166431936557952,0.007291201967746019,128,2048,2048,4096,4096,1000,1.57929853501264
diffuse,4096,1.0,4,82a8db1d1a8818d5c70195f5dd662c8928cafd785f34afc6223fdd840b5afa83,snip_same_half,0.006462749479109379,0.007147336378693581,128,2048,2048,2048,4096,1000,1.5783489869791083
diffuse,4096,1.0,5,82a8db1d1a8818d5c70195f5dd662c8928cafd785f34afc6223fdd840b5afa83,lora,0.021016850363494766,,1024,0,4096,4096,4096,1000,1.4628422050154768
diffuse,4096,1.0,5,82a8db1d1a8818d5c70195f5dd662c8928cafd785f34afc6223fdd840b5afa83,compressed,0.0040373707757403905,,128,0,4096,4096,4096,1000,1.510750682966318
diffuse,4096,1.0,5,82a8db1d1a8818d5c70195f5dd662c8928cafd785f34afc6223fdd840b5afa83,random,0.0037992634403859163,0.009861418046057224,128,4096,4096,4096,4096,1000,1.5299688770319335
diffuse,4096,1.0,5,82a8db1d1a8818d5c70195f5dd662c8928cafd785f34afc6223fdd840b5afa83,gradient,0.004470437906024235,0.009251776151359081,128,4096,4096,4096,4096,1000,1.529974005999975
diffuse,4096,1.0,5,82a8db1d1a8818d5c70195f5dd662c8928cafd785f34afc6223fdd840b5afa83,snip,0.004037994928742762,0.009511668235063553,128,4096,4096,4096,4096,1000,1.5290917380480096
diffuse,4096,1.0,5,82a8db1d1a8818d5c70195f5dd662c8928cafd785f34afc6223fdd840b5afa83,energy,0.003667669792317226,0.06854168325662613,128,4096,4096,4096,4096,1000,1.5302513780188747
diffuse,4096,1.0,5,82a8db1d1a8818d5c70195f5dd662c8928cafd785f34afc6223fdd840b5afa83,snip_independent,0.005076925493202138,0.008553310297429562,128,2048,2048,4096,4096,1000,1.5296821550582536
diffuse,4096,1.0,5,82a8db1d1a8818d5c70195f5dd662c8928cafd785f34afc6223fdd840b5afa83,snip_same_half,0.00622123849496844,0.008868547156453133,128,2048,2048,2048,4096,1000,1.5275196599541232
diffuse,4096,1.0,6,82a8db1d1a8818d5c70195f5dd662c8928cafd785f34afc6223fdd840b5afa83,lora,0.02103797841052138,,1024,0,4096,4096,4096,1000,1.504755722999107
diffuse,4096,1.0,6,82a8db1d1a8818d5c70195f5dd662c8928cafd785f34afc6223fdd840b5afa83,compressed,0.003855783399560593,,128,0,4096,4096,4096,1000,1.5596730720135383
diffuse,4096,1.0,6,82a8db1d1a8818d5c70195f5dd662c8928cafd785f34afc6223fdd840b5afa83,random,0.0036443098438211606,0.009286529384553432,128,4096,4096,4096,4096,1000,1.5793762379908003
diffuse,4096,1.0,6,82a8db1d1a8818d5c70195f5dd662c8928cafd785f34afc6223fdd840b5afa83,gradient,0.004611894381143277,0.008795361965894699,128,4096,4096,4096,4096,1000,1.5832326960517094
diffuse,4096,1.0,6,82a8db1d1a8818d5c70195f5dd662c8928cafd785f34afc6223fdd840b5afa83,snip,0.0040965598695168635,0.008919482119381428,128,4096,4096,4096,4096,1000,1.580544633034151
diffuse,4096,1.0,6,82a8db1d1a8818d5c70195f5dd662c8928cafd785f34afc6223fdd840b5afa83,energy,0.003560986054576047,0.06854168325662613,128,4096,4096,4096,4096,1000,1.5822417080053128
diffuse,4096,1.0,6,82a8db1d1a8818d5c70195f5dd662c8928cafd785f34afc6223fdd840b5afa83,snip_independent,0.005395159834210479,0.006195912137627602,128,2048,2048,4096,4096,1000,1.580520864983555
diffuse,4096,1.0,6,82a8db1d1a8818d5c70195f5dd662c8928cafd785f34afc6223fdd840b5afa83,snip_same_half,0.006082216056204988,0.007085687015205622,128,2048,2048,2048,4096,1000,1.5810351750114933
diffuse,4096,1.0,7,82a8db1d1a8818d5c70195f5dd662c8928cafd785f34afc6223fdd840b5afa83,lora,0.019007814043015932,,1024,0,4096,4096,4096,1000,1.4609437840408646
diffuse,4096,1.0,7,82a8db1d1a8818d5c70195f5dd662c8928cafd785f34afc6223fdd840b5afa83,compressed,0.004344975336469811,,128,0,4096,4096,4096,1000,1.5104863719898276
diffuse,4096,1.0,7,82a8db1d1a8818d5c70195f5dd662c8928cafd785f34afc6223fdd840b5afa83,random,0.0039022018638280153,0.008920916356146336,128,4096,4096,4096,4096,1000,1.527971715957392
diffuse,4096,1.0,7,82a8db1d1a8818d5c70195f5dd662c8928cafd785f34afc6223fdd840b5afa83,gradient,0.004691878640672342,0.009161659516394138,128,4096,4096,4096,4096,1000,1.530428218015004
diffuse,4096,1.0,7,82a8db1d1a8818d5c70195f5dd662c8928cafd785f34afc6223fdd840b5afa83,snip,0.004241961894435053,0.00752581562846899,128,4096,4096,4096,4096,1000,1.5284613859839737
diffuse,4096,1.0,7,82a8db1d1a8818d5c70195f5dd662c8928cafd785f34afc6223fdd840b5afa83,energy,0.003852567035401125,0.06854168325662613,128,4096,4096,4096,4096,1000,1.5309335089987144
diffuse,4096,1.0,7,82a8db1d1a8818d5c70195f5dd662c8928cafd785f34afc6223fdd840b5afa83,snip_independent,0.004939154429678346,0.009319571778178215,128,2048,2048,4096,4096,1000,1.526849896996282
diffuse,4096,1.0,7,82a8db1d1a8818d5c70195f5dd662c8928cafd785f34afc6223fdd840b5afa83,snip_same_half,0.006654735705526352,0.006919494364410639,128,2048,2048,2048,4096,1000,1.5302396119805053
diffuse,4096,1.0,8,82a8db1d1a8818d5c70195f5dd662c8928cafd785f34afc6223fdd840b5afa83,lora,0.021046246443657067,,1024,0,4096,4096,4096,1000,1.5099537839996628
diffuse,4096,1.0,8,82a8db1d1a8818d5c70195f5dd662c8928cafd785f34afc6223fdd840b5afa83,compressed,0.0041783375064429265,,128,0,4096,4096,4096,1000,1.5635111199808307
diffuse,4096,1.0,8,82a8db1d1a8818d5c70195f5dd662c8928cafd785f34afc6223fdd840b5afa83,random,0.003624014923871688,0.006998611148446798,128,4096,4096,4096,4096,1000,1.5814893470378593
diffuse,4096,1.0,8,82a8db1d1a8818d5c70195f5dd662c8928cafd785f34afc6223fdd840b5afa83,gradient,0.004153094993777006,0.010097946971654892,128,4096,4096,4096,4096,1000,1.5793929130304605
diffuse,4096,1.0,8,82a8db1d1a8818d5c70195f5dd662c8928cafd785f34afc6223fdd840b5afa83,snip,0.003951051149821612,0.009668515995144844,128,4096,4096,4096,4096,1000,1.578307260060683
diffuse,4096,1.0,8,82a8db1d1a8818d5c70195f5dd662c8928cafd785f34afc6223fdd840b5afa83,energy,0.0036081132811444086,0.06854168325662613,128,4096,4096,4096,4096,1000,1.5752269560471177
diffuse,4096,1.0,8,82a8db1d1a8818d5c70195f5dd662c8928cafd785f34afc6223fdd840b5afa83,snip_independent,0.0052696761425449715,0.0070396787486970425,128,2048,2048,4096,4096,1000,1.5750759899965487
diffuse,4096,1.0,8,82a8db1d1a8818d5c70195f5dd662c8928cafd785f34afc6223fdd840b5afa83,snip_same_half,0.005763787088027814,0.008271929807960987,128,2048,2048,2048,4096,1000,1.5736990119330585
diffuse,4096,1.0,9,82a8db1d1a8818d5c70195f5dd662c8928cafd785f34afc6223fdd840b5afa83,lora,0.019892052729127967,,1024,0,4096,4096,4096,1000,1.4684062669984996
diffuse,4096,1.0,9,82a8db1d1a8818d5c70195f5dd662c8928cafd785f34afc6223fdd840b5afa83,compressed,0.003973098257201599,,128,0,4096,4096,4096,1000,1.518613116000779
diffuse,4096,1.0,9,82a8db1d1a8818d5c70195f5dd662c8928cafd785f34afc6223fdd840b5afa83,random,0.00365415926019197,0.008659077808260918,128,4096,4096,4096,4096,1000,1.5358491150545888
diffuse,4096,1.0,9,82a8db1d1a8818d5c70195f5dd662c8928cafd785f34afc6223fdd840b5afa83,gradient,0.0044744606013825995,0.01006889995187521,128,4096,4096,4096,4096,1000,1.5347335840342566
diffuse,4096,1.0,9,82a8db1d1a8818d5c70195f5dd662c8928cafd785f34afc6223fdd840b5afa83,snip,0.004249386724818437,0.008529789745807648,128,4096,4096,4096,4096,1000,1.5348588050110266
diffuse,4096,1.0,9,82a8db1d1a8818d5c70195f5dd662c8928cafd785f34afc6223fdd840b5afa83,energy,0.003480645413367535,0.06854168325662613,128,4096,4096,4096,4096,1000,1.5345096859964542
diffuse,4096,1.0,9,82a8db1d1a8818d5c70195f5dd662c8928cafd785f34afc6223fdd840b5afa83,snip_independent,0.005095878780401365,0.007186798378825188,128,2048,2048,4096,4096,1000,1.5381606009905227
diffuse,4096,1.0,9,82a8db1d1a8818d5c70195f5dd662c8928cafd785f34afc6223fdd840b5afa83,snip_same_half,0.005455058190761469,0.007791276089847088,128,2048,2048,2048,4096,1000,1.5353362199966796
diffuse,4096,1.0,10,82a8db1d1a8818d5c70195f5dd662c8928cafd785f34afc6223fdd840b5afa83,lora,0.019168666084392914,,1024,0,4096,4096,4096,1000,1.5059885279624723
diffuse,4096,1.0,10,82a8db1d1a8818d5c70195f5dd662c8928cafd785f34afc6223fdd840b5afa83,compressed,0.004278418058557662,,128,0,4096,4096,4096,1000,1.5603760429657996
diffuse,4096,1.0,10,82a8db1d1a8818d5c70195f5dd662c8928cafd785f34afc6223fdd840b5afa83,random,0.004055122850142605,0.007531636394560337,128,4096,4096,4096,4096,1000,1.578762837976683
diffuse,4096,1.0,10,82a8db1d1a8818d5c70195f5dd662c8928cafd785f34afc6223fdd840b5afa83,gradient,0.004521732376152307,0.0076689934358000755,128,4096,4096,4096,4096,1000,1.5777946439920925
diffuse,4096,1.0,10,82a8db1d1a8818d5c70195f5dd662c8928cafd785f34afc6223fdd840b5afa83,snip,0.004099762713462315,0.006802019197493792,128,4096,4096,4096,4096,1000,1.5760152959846891
diffuse,4096,1.0,10,82a8db1d1a8818d5c70195f5dd662c8928cafd785f34afc6223fdd840b5afa83,energy,0.0037794339121690447,0.06854168325662613,128,4096,4096,4096,4096,1000,1.5770434809965082
diffuse,4096,1.0,10,82a8db1d1a8818d5c70195f5dd662c8928cafd785f34afc6223fdd840b5afa83,snip_independent,0.005398676349791005,0.010791563428938389,128,2048,2048,4096,4096,1000,1.5759592030080967
diffuse,4096,1.0,10,82a8db1d1a8818d5c70195f5dd662c8928cafd785f34afc6223fdd840b5afa83,snip_same_half,0.005933927523736501,0.008145813830196857,128,2048,2048,2048,4096,1000,1.5758585270377807
diffuse,4096,1.0,11,82a8db1d1a8818d5c70195f5dd662c8928cafd785f34afc6223fdd840b5afa83,lora,0.01987929408804412,,1024,0,4096,4096,4096,1000,1.4690989819937386
diffuse,4096,1.0,11,82a8db1d1a8818d5c70195f5dd662c8928cafd785f34afc6223fdd840b5afa83,compressed,0.004385340058814944,,128,0,4096,4096,4096,1000,1.5188686080509797
diffuse,4096,1.0,11,82a8db1d1a8818d5c70195f5dd662c8928cafd785f34afc6223fdd840b5afa83,random,0.004072155781143781,0.005783206317573786,128,4096,4096,4096,4096,1000,1.538093540002592
diffuse,4096,1.0,11,82a8db1d1a8818d5c70195f5dd662c8928cafd785f34afc6223fdd840b5afa83,gradient,0.0046464089995093116,0.009058834053575993,128,4096,4096,4096,4096,1000,1.5358263090020046
diffuse,4096,1.0,11,82a8db1d1a8818d5c70195f5dd662c8928cafd785f34afc6223fdd840b5afa83,snip,0.0047017407364157195,0.0064733028411865234,128,4096,4096,4096,4096,1000,1.535958379972726
diffuse,4096,1.0,11,82a8db1d1a8818d5c70195f5dd662c8928cafd785f34afc6223fdd840b5afa83,energy,0.003766743192316663,0.06854168325662613,128,4096,4096,4096,4096,1000,1.537278426985722
diffuse,4096,1.0,11,82a8db1d1a8818d5c70195f5dd662c8928cafd785f34afc6223fdd840b5afa83,snip_independent,0.0059715510997225656,0.0066704172641038895,128,2048,2048,4096,4096,1000,1.5369230480282567
diffuse,4096,1.0,11,82a8db1d1a8818d5c70195f5dd662c8928cafd785f34afc6223fdd840b5afa83,snip_same_half,0.006180410984289243,0.0077478112652897835,128,2048,2048,2048,4096,1000,1.5358411730267107
diffuse,4096,1.0,12,82a8db1d1a8818d5c70195f5dd662c8928cafd785f34afc6223fdd840b5afa83,lora,0.019994026217837663,,1024,0,4096,4096,4096,1000,1.5068839869927615
diffuse,4096,1.0,12,82a8db1d1a8818d5c70195f5dd662c8928cafd785f34afc6223fdd840b5afa83,compressed,0.004262788954130638,,128,0,4096,4096,4096,1000,1.5617168929893523
diffuse,4096,1.0,12,82a8db1d1a8818d5c70195f5dd662c8928cafd785f34afc6223fdd840b5afa83,random,0.0038348661703377475,0.007643258199095726,128,4096,4096,4096,4096,1000,1.5786873960169032
diffuse,4096,1.0,12,82a8db1d1a8818d5c70195f5dd662c8928cafd785f34afc6223fdd840b5afa83,gradient,0.004434887501471336,0.00986973475664854,128,4096,4096,4096,4096,1000,1.5792092959745787
diffuse,4096,1.0,12,82a8db1d1a8818d5c70195f5dd662c8928cafd785f34afc6223fdd840b5afa83,snip,0.0044754061905623276,0.008118487894535065,128,4096,4096,4096,4096,1000,1.5784354400238954
diffuse,4096,1.0,12,82a8db1d1a8818d5c70195f5dd662c8928cafd785f34afc6223fdd840b5afa83,energy,0.003845449488088499,0.06854168325662613,128,4096,4096,4096,4096,1000,1.5786165640456602
diffuse,4096,1.0,12,82a8db1d1a8818d5c70195f5dd662c8928cafd785f34afc6223fdd840b5afa83,snip_independent,0.0055462355423122785,0.008169218897819519,128,2048,2048,4096,4096,1000,1.5774358249618672
diffuse,4096,1.0,12,82a8db1d1a8818d5c70195f5dd662c8928cafd785f34afc6223fdd840b5afa83,snip_same_half,0.006115287106191446,0.01085365004837513,128,2048,2048,2048,4096,1000,1.5772004169994034
diffuse,4096,1.0,13,82a8db1d1a8818d5c70195f5dd662c8928cafd785f34afc6223fdd840b5afa83,lora,0.019821510105127435,,1024,0,4096,4096,4096,1000,1.4711583519820124
diffuse,4096,1.0,13,82a8db1d1a8818d5c70195f5dd662c8928cafd785f34afc6223fdd840b5afa83,compressed,0.004046549490808864,,128,0,4096,4096,4096,1000,1.5208037499687634
diffuse,4096,1.0,13,82a8db1d1a8818d5c70195f5dd662c8928cafd785f34afc6223fdd840b5afa83,random,0.003667917417825816,0.00596801470965147,128,4096,4096,4096,4096,1000,1.5318276980542578
diffuse,4096,1.0,13,82a8db1d1a8818d5c70195f5dd662c8928cafd785f34afc6223fdd840b5afa83,gradient,0.004216628515619869,0.011000869795680046,128,4096,4096,4096,4096,1000,1.5300892980303615
diffuse,4096,1.0,13,82a8db1d1a8818d5c70195f5dd662c8928cafd785f34afc6223fdd840b5afa83,snip,0.003962976715560105,0.009312473237514496,128,4096,4096,4096,4096,1000,1.5309264850220643
diffuse,4096,1.0,13,82a8db1d1a8818d5c70195f5dd662c8928cafd785f34afc6223fdd840b5afa83,energy,0.003401512715519187,0.06854168325662613,128,4096,4096,4096,4096,1000,1.5308652690146118
diffuse,4096,1.0,13,82a8db1d1a8818d5c70195f5dd662c8928cafd785f34afc6223fdd840b5afa83,snip_independent,0.004743080800827781,0.007629601750522852,128,2048,2048,4096,4096,1000,1.529215673042927
diffuse,4096,1.0,13,82a8db1d1a8818d5c70195f5dd662c8928cafd785f34afc6223fdd840b5afa83,snip_same_half,0.005635071615560407,0.008692029863595963,128,2048,2048,2048,4096,1000,1.5286114269983955
diffuse,4096,1.0,14,82a8db1d1a8818d5c70195f5dd662c8928cafd785f34afc6223fdd840b5afa83,lora,0.020628495802375364,,1024,0,4096,4096,4096,1000,1.5068560689687729
diffuse,4096,1.0,14,82a8db1d1a8818d5c70195f5dd662c8928cafd785f34afc6223fdd840b5afa83,compressed,0.004171384864697945,,128,0,4096,4096,4096,1000,1.5606760469963774
diffuse,4096,1.0,14,82a8db1d1a8818d5c70195f5dd662c8928cafd785f34afc6223fdd840b5afa83,random,0.0035871813092711166,0.00689336471259594,128,4096,4096,4096,4096,1000,1.5788226689910516
diffuse,4096,1.0,14,82a8db1d1a8818d5c70195f5dd662c8928cafd785f34afc6223fdd840b5afa83,gradient,0.004552045877765379,0.008845817297697067,128,4096,4096,4096,4096,1000,1.578439085977152
diffuse,4096,1.0,14,82a8db1d1a8818d5c70195f5dd662c8928cafd785f34afc6223fdd840b5afa83,snip,0.00403396126267554,0.00643512886017561,128,4096,4096,4096,4096,1000,1.5765214849961922
diffuse,4096,1.0,14,82a8db1d1a8818d5c70195f5dd662c8928cafd785f34afc6223fdd840b5afa83,energy,0.0034551307806096375,0.06854168325662613,128,4096,4096,4096,4096,1000,1.5772548469831236
diffuse,4096,1.0,14,82a8db1d1a8818d5c70195f5dd662c8928cafd785f34afc6223fdd840b5afa83,snip_independent,0.004717300332624706,0.008728030137717724,128,2048,2048,4096,4096,1000,1.578355137084145
diffuse,4096,1.0,14,82a8db1d1a8818d5c70195f5dd662c8928cafd785f34afc6223fdd840b5afa83,snip_same_half,0.006427805293537059,0.008462469093501568,128,2048,2048,2048,4096,1000,1.5759785260306671
diffuse,4096,1.0,15,82a8db1d1a8818d5c70195f5dd662c8928cafd785f34afc6223fdd840b5afa83,lora,0.021304798682897468,,1024,0,4096,4096,4096,1000,1.460810891003348
diffuse,4096,1.0,15,82a8db1d1a8818d5c70195f5dd662c8928cafd785f34afc6223fdd840b5afa83,compressed,0.004099696211432959,,128,0,4096,4096,4096,1000,1.5105377550353296
diffuse,4096,1.0,15,82a8db1d1a8818d5c70195f5dd662c8928cafd785f34afc6223fdd840b5afa83,random,0.003675316583591521,0.006458991672843695,128,4096,4096,4096,4096,1000,1.5330231970292516
diffuse,4096,1.0,15,82a8db1d1a8818d5c70195f5dd662c8928cafd785f34afc6223fdd840b5afa83,gradient,0.004573812068183152,0.007912460714578629,128,4096,4096,4096,4096,1000,1.533721003041137
diffuse,4096,1.0,15,82a8db1d1a8818d5c70195f5dd662c8928cafd785f34afc6223fdd840b5afa83,snip,0.003977821444415221,0.0073837898671627045,128,4096,4096,4096,4096,1000,1.5343242469825782
diffuse,4096,1.0,15,82a8db1d1a8818d5c70195f5dd662c8928cafd785f34afc6223fdd840b5afa83,energy,0.003496043223967368,0.06854168325662613,128,4096,4096,4096,4096,1000,1.5349343310226686
diffuse,4096,1.0,15,82a8db1d1a8818d5c70195f5dd662c8928cafd785f34afc6223fdd840b5afa83,snip_independent,0.005126379418414135,0.007776887156069279,128,2048,2048,4096,4096,1000,1.531653524027206
diffuse,4096,1.0,15,82a8db1d1a8818d5c70195f5dd662c8928cafd785f34afc6223fdd840b5afa83,snip_same_half,0.006051010018555342,0.008485814556479454,128,2048,2048,2048,4096,1000,1.5273478599847294
diffuse,4096,1.0,16,82a8db1d1a8818d5c70195f5dd662c8928cafd785f34afc6223fdd840b5afa83,lora,0.020101224850309286,,1024,0,4096,4096,4096,1000,1.5078364870278165
diffuse,4096,1.0,16,82a8db1d1a8818d5c70195f5dd662c8928cafd785f34afc6223fdd840b5afa83,compressed,0.004010320631258682,,128,0,4096,4096,4096,1000,1.5660545370192267
diffuse,4096,1.0,16,82a8db1d1a8818d5c70195f5dd662c8928cafd785f34afc6223fdd840b5afa83,random,0.0036274270694654294,0.0074033490382134914,128,4096,4096,4096,4096,1000,1.5837798090069555
diffuse,4096,1.0,16,82a8db1d1a8818d5c70195f5dd662c8928cafd785f34afc6223fdd840b5afa83,gradient,0.004261333021003458,0.007913841865956783,128,4096,4096,4096,4096,1000,1.58309706102591
diffuse,4096,1.0,16,82a8db1d1a8818d5c70195f5dd662c8928cafd785f34afc6223fdd840b5afa83,snip,0.003909925504575485,0.008103636093437672,128,4096,4096,4096,4096,1000,1.5824731800239533
diffuse,4096,1.0,16,82a8db1d1a8818d5c70195f5dd662c8928cafd785f34afc6223fdd840b5afa83,energy,0.0035493579235030695,0.06854168325662613,128,4096,4096,4096,4096,1000,1.5822002839995548
diffuse,4096,1.0,16,82a8db1d1a8818d5c70195f5dd662c8928cafd785f34afc6223fdd840b5afa83,snip_independent,0.005050369241440761,0.008639353327453136,128,2048,2048,4096,4096,1000,1.582648348994553
diffuse,4096,1.0,16,82a8db1d1a8818d5c70195f5dd662c8928cafd785f34afc6223fdd840b5afa83,snip_same_half,0.005677469345354581,0.00829561147838831,128,2048,2048,2048,4096,1000,1.5832804649835452
diffuse,4096,1.0,17,82a8db1d1a8818d5c70195f5dd662c8928cafd785f34afc6223fdd840b5afa83,lora,0.0205897194526514,,1024,0,4096,4096,4096,1000,1.4708842050167732
diffuse,4096,1.0,17,82a8db1d1a8818d5c70195f5dd662c8928cafd785f34afc6223fdd840b5afa83,compressed,0.00476994443964451,,128,0,4096,4096,4096,1000,1.518714270030614
diffuse,4096,1.0,17,82a8db1d1a8818d5c70195f5dd662c8928cafd785f34afc6223fdd840b5afa83,random,0.0042000136331841196,0.0052443197928369045,128,4096,4096,4096,4096,1000,1.5376393219339661
diffuse,4096,1.0,17,82a8db1d1a8818d5c70195f5dd662c8928cafd785f34afc6223fdd840b5afa83,gradient,0.0046751626082882775,0.00820449274033308,128,4096,4096,4096,4096,1000,1.5366914080223069
diffuse,4096,1.0,17,82a8db1d1a8818d5c70195f5dd662c8928cafd785f34afc6223fdd840b5afa83,snip,0.004207568214102475,0.010128870606422424,128,4096,4096,4096,4096,1000,1.5343364889849909
diffuse,4096,1.0,17,82a8db1d1a8818d5c70195f5dd662c8928cafd785f34afc6223fdd840b5afa83,energy,0.004053710014702664,0.06854168325662613,128,4096,4096,4096,4096,1000,1.531611192971468
diffuse,4096,1.0,17,82a8db1d1a8818d5c70195f5dd662c8928cafd785f34afc6223fdd840b5afa83,snip_independent,0.005636219041538689,0.007391997613012791,128,2048,2048,4096,4096,1000,1.5315221599885263
diffuse,4096,1.0,17,82a8db1d1a8818d5c70195f5dd662c8928cafd785f34afc6223fdd840b5afa83,snip_same_half,0.006395223673269758,0.011217078194022179,128,2048,2048,2048,4096,1000,1.5296778859919868
diffuse,4096,1.0,18,82a8db1d1a8818d5c70195f5dd662c8928cafd785f34afc6223fdd840b5afa83,lora,0.019940715058694245,,1024,0,4096,4096,4096,1000,1.5125989250373095
diffuse,4096,1.0,18,82a8db1d1a8818d5c70195f5dd662c8928cafd785f34afc6223fdd840b5afa83,compressed,0.003902768976481584,,128,0,4096,4096,4096,1000,1.565958929946646
diffuse,4096,1.0,18,82a8db1d1a8818d5c70195f5dd662c8928cafd785f34afc6223fdd840b5afa83,random,0.003586502790288641,0.010075457394123077,128,4096,4096,4096,4096,1000,1.5838021440431476
diffuse,4096,1.0,18,82a8db1d1a8818d5c70195f5dd662c8928cafd785f34afc6223fdd840b5afa83,gradient,0.00413489137298034,0.009490041062235832,128,4096,4096,4096,4096,1000,1.5835456840577535
diffuse,4096,1.0,18,82a8db1d1a8818d5c70195f5dd662c8928cafd785f34afc6223fdd840b5afa83,snip,0.004064437687707636,0.008100885897874832,128,4096,4096,4096,4096,1000,1.5837863970082253
diffuse,4096,1.0,18,82a8db1d1a8818d5c70195f5dd662c8928cafd785f34afc6223fdd840b5afa83,energy,0.0035113270379019657,0.06854168325662613,128,4096,4096,4096,4096,1000,1.584573115047533
diffuse,4096,1.0,18,82a8db1d1a8818d5c70195f5dd662c8928cafd785f34afc6223fdd840b5afa83,snip_independent,0.0051433246739180805,0.00549554917961359,128,2048,2048,4096,4096,1000,1.5844158090185374
diffuse,4096,1.0,18,82a8db1d1a8818d5c70195f5dd662c8928cafd785f34afc6223fdd840b5afa83,snip_same_half,0.005547945997607775,0.011772926896810532,128,2048,2048,2048,4096,1000,1.5832867489662021
diffuse,4096,1.0,19,82a8db1d1a8818d5c70195f5dd662c8928cafd785f34afc6223fdd840b5afa83,lora,0.02305803951717382,,1024,0,4096,4096,4096,1000,1.471198335988447
diffuse,4096,1.0,19,82a8db1d1a8818d5c70195f5dd662c8928cafd785f34afc6223fdd840b5afa83,compressed,0.004147210625389577,,128,0,4096,4096,4096,1000,1.520437775994651
diffuse,4096,1.0,19,82a8db1d1a8818d5c70195f5dd662c8928cafd785f34afc6223fdd840b5afa83,random,0.0037591962426081925,0.005230120848864317,128,4096,4096,4096,4096,1000,1.5357718919985928
diffuse,4096,1.0,19,82a8db1d1a8818d5c70195f5dd662c8928cafd785f34afc6223fdd840b5afa83,gradient,0.004677548812582268,0.008099531754851341,128,4096,4096,4096,4096,1000,1.5362984029925428
diffuse,4096,1.0,19,82a8db1d1a8818d5c70195f5dd662c8928cafd785f34afc6223fdd840b5afa83,snip,0.003957030793895975,0.011065144091844559,128,4096,4096,4096,4096,1000,1.5366621199646033
diffuse,4096,1.0,19,82a8db1d1a8818d5c70195f5dd662c8928cafd785f34afc6223fdd840b5afa83,energy,0.0036742314502899265,0.06854168325662613,128,4096,4096,4096,4096,1000,1.5364318439969793
diffuse,4096,1.0,19,82a8db1d1a8818d5c70195f5dd662c8928cafd785f34afc6223fdd840b5afa83,snip_independent,0.005877336928145889,0.009289192035794258,128,2048,2048,4096,4096,1000,1.532813826983329
diffuse,4096,1.0,19,82a8db1d1a8818d5c70195f5dd662c8928cafd785f34afc6223fdd840b5afa83,snip_same_half,0.006421358739978078,0.006601673550903797,128,2048,2048,2048,4096,1000,1.5397979550180025
