{
  "1e-4": {
    "mean": 0.8980392156862745,
    "std": 0.005502437333491114,
    "values": [
      0.8872549019607843,
      0.8995098039215687,
      0.9019607843137255,
      0.9019607843137255,
      0.8995098039215687
    ]
  },
  "2e-4": {
    "mean": 0.8975490196078431,
    "std": 0.006277572781796916,
    "values": [
      0.9019607843137255,
      0.8897058823529411,
      0.8921568627450981,
      0.9068627450980392,
      0.8970588235294118
    ]
  },
  "5e-4": {
    "mean": 0.8970588235294118,
    "std": 0.007750680539628388,
    "values": [
      0.9019607843137255,
      0.8848039215686274,
      0.9068627450980392,
      0.8921568627450981,
      0.8995098039215687
    ]
  },
  "1e-3": {
    "mean": 0.8965686274509805,
    "std": 0.0068276413123451625,
    "values": [
      0.9044117647058824,
      0.9044117647058824,
      0.8872549019607843,
      0.8946078431372549,
      0.8921568627450981
    ]
  },
  "2e-3": {
    "mean": 0.8936274509803921,
    "std": 0.007994856093284368,
    "values": [
      0.8970588235294118,
      0.8799019607843137,
      0.8946078431372549,
      0.8921568627450981,
      0.9044117647058824
    ]
  },
  "5e-3": {
    "mean": 0.8926470588235293,
    "std": 0.004492721269564587,
    "values": [
      0.8946078431372549,
      0.8872549019607843,
      0.8970588235294118,
      0.8970588235294118,
      0.8872549019607843
    ]
  },
  "1e-2": {
    "mean": 0.8950980392156863,
    "std": 0.005233861888250647,
    "values": [
      0.9044117647058824,
      0.8897058823529411,
      0.8970588235294118,
      0.8921568627450981,
      0.8921568627450981
    ]
  },
  "2e-2": {
    "mean": 0.8950980392156863,
    "std": 0.008405111862491314,
    "values": [
      0.8897058823529411,
      0.8995098039215687,
      0.8970588235294118,
      0.8823529411764706,
      0.9068627450980392
    ]
  }
}