{
  "1e-4": {
    "mean": 0.9233754347428154,
    "std": 0.001788273804403391,
    "values": [
      0.9218378180486912,
      0.9225700164744646,
      0.9234852645066813,
      0.9267801574226615,
      0.9222039172615779
    ]
  },
  "2e-4": {
    "mean": 0.9243639026176094,
    "std": 0.0014291943105211743,
    "values": [
      0.9262310086033315,
      0.9218378180486912,
      0.924400512538898,
      0.9249496613582281,
      0.924400512538898
    ]
  },
  "5e-4": {
    "mean": 0.9243272926963207,
    "std": 0.0014807796753546927,
    "values": [
      0.9267801574226615,
      0.9225700164744646,
      0.9249496613582281,
      0.9242174629324547,
      0.9231191652937946
    ]
  },
  "1e-3": {
    "mean": 0.9244371224601867,
    "std": 0.0014753389478023037,
    "values": [
      0.9236683141131247,
      0.9273293062419916,
      0.923302214900238,
      0.9242174629324547,
      0.9236683141131247
    ]
  },
  "2e-3": {
    "mean": 0.9242906827750321,
    "std": 0.0006507921960326121,
    "values": [
      0.923851363719568,
      0.9236683141131247,
      0.9240344133260113,
      0.9254988101775581,
      0.924400512538898
    ]
  },
  "5e-3": {
    "mean": 0.9233754347428154,
    "std": 0.0016880310281381498,
    "values": [
      0.924400512538898,
      0.9220208676551346,
      0.9247666117517848,
      0.9249496613582281,
      0.9207395204100312
    ]
  },
  "1e-2": {
    "mean": 0.9223869668680212,
    "std": 0.001427317495121218,
    "values": [
      0.9198242723778144,
      0.923302214900238,
      0.9218378180486912,
      0.923302214900238,
      0.9236683141131247
    ]
  },
  "2e-2": {
    "mean": 0.9226432363170419,
    "std": 0.001893833740637388,
    "values": [
      0.9205564708035878,
      0.9212886692293611,
      0.9229361156873512,
      0.9260479589968882,
      0.9223869668680212
    ]
  }
}